index,group,fine_class,pred,u_msp,u_mls,u_energy,u_mahalanobis
94,near,bus,truck,0.00015215493,-10.164473,-10.164625,151.48474
193,near,bus,truck,7.6817037e-05,-10.865162,-10.865239,383.53448
619,near,bus,automobile,0.0028277001,-8.6758671,-8.6786988,627.44788
766,near,bus,truck,0.0003002394,-9.7054224,-9.7057227,345.90352
822,near,bus,truck,0.00023168494,-10.990672,-10.990904,384.76777
957,near,bus,truck,0.00045115124,-10.095027,-10.095478,364.27262
1034,near,bus,truck,0.006920623,-7.5145292,-7.5214739,912.96633
1143,near,bus,truck,0.0057907347,-7.5532746,-7.5590822,894.94619
1271,near,bus,truck,0.00076908918,-9.2336302,-9.2343996,252.54739
1427,near,bus,automobile,0.00088885138,-9.151495,-9.1523842,264.43088
1445,near,bus,truck,0.0010879093,-10.145763,-10.146852,497.07675
1478,near,bus,truck,0.087645431,-7.277627,-7.3693536,1676.4355
1489,near,bus,truck,7.490912e-05,-11.347604,-11.347679,324.97788
1616,near,bus,horse,0.082536327,-5.7223053,-5.8084476,1810.3065
1662,near,bus,truck,0.00039595083,-9.544343,-9.544739,133.29504
1889,near,bus,ship,0.61539121,-3.3017273,-4.2572559,2754.474
1985,near,bus,automobile,0.00054326725,-9.397191,-9.3977345,140.14246
2019,near,bus,automobile,0.016764263,-7.6544428,-7.6713492,885.62831
2203,near,bus,automobile,9.7482662e-05,-10.955002,-10.955099,195.73063
2484,near,bus,truck,0.0028439846,-10.263095,-10.265943,1360.5727
2591,near,bus,truck,0.011172236,-9.2285252,-9.2397603,932.88306
2665,near,bus,truck,0.00033989244,-9.7248678,-9.7252078,325.67407
2698,near,bus,automobile,0.19747076,-7.9549832,-8.1749702,1986.0164
2719,near,bus,truck,0.00046053292,-9.666441,-9.6669016,446.14155
2832,near,bus,truck,9.6171178e-05,-11.368045,-11.368141,439.29932
2843,near,bus,truck,0.00053675514,-9.5635624,-9.5640993,597.4872
3026,near,bus,truck,0.00012073272,-10.388685,-10.388806,76.679693
3106,near,bus,truck,0.017120857,-7.3652425,-7.3825116,1456.1734
3197,near,bus,truck,0.0004137417,-9.7280989,-9.7285127,324.42517
3236,near,bus,truck,0.01550735,-9.6697397,-9.6853686,1218.4263
3276,near,bus,truck,0.00089943253,-8.8833332,-8.884233,369.37114
3478,near,bus,truck,0.055319018,-8.8849678,-8.9418758,1471.9259
3564,near,bus,automobile,0.14545167,-7.318212,-7.4753943,2650.0616
3701,near,bus,truck,0.15631254,-6.3513436,-6.5213168,1798.4494
3755,near,bus,truck,0.21609912,-7.0641756,-7.3076483,1655.7117
3868,near,bus,automobile,0.040335198,-7.4855227,-7.526694,1152.5762
3887,near,bus,truck,0.0018934079,-8.0009451,-8.0028403,329.50513
3947,near,bus,truck,0.053432952,-6.3985605,-6.453474,1861.5564
4104,near,bus,airplane,0.0061063537,-7.7915859,-7.797711,1179.0694
4129,near,bus,automobile,0.36789701,-4.1879678,-4.6466707,2449.1582
4173,near,bus,truck,0.00040280263,-10.758355,-10.758758,421.12961
4185,near,bus,truck,0.001490124,-9.4160175,-9.4175088,687.75798
4201,near,bus,truck,0.004968056,-8.819788,-8.8247684,1036.264
4296,near,bus,truck,0.012202083,-9.5067968,-9.519074,1065.659
4307,near,bus,truck,6.4652155e-05,-11.123858,-11.123923,169.96945
4426,near,bus,automobile,0.3674684,-4.4417453,-4.8997704,1955.359
4434,near,bus,truck,0.00037455994,-10.039272,-10.039647,393.20053
4464,near,bus,truck,0.050529555,-7.4000826,-7.4519335,1299.3072
4468,near,bus,truck,0.0037124585,-10.25112,-10.254839,921.12192
4586,near,bus,automobile,0.00074231056,-11.109632,-11.110375,1177.9291
4740,near,bus,ship,0.55741891,-4.6827378,-5.4978694,2534.338
4756,near,bus,truck,0.099166663,-5.7725763,-5.8770113,2506.3734
4788,near,bus,automobile,0.0037331411,-8.9389009,-8.9426411,615.42228
4808,near,bus,ship,0.021789559,-7.067965,-7.0899955,1592.7017
4998,near,bus,truck,0.0064877573,-8.8892775,-8.8957864,850.1045
5015,near,bus,truck,0.00027494772,-11.376081,-11.376356,423.68579
5020,near,bus,truck,0.18743873,-5.1658001,-5.3733641,2086.1897
5064,near,bus,truck,0.016895775,-7.1143675,-7.1314076,929.79932
5163,near,bus,truck,0.00078774498,-9.1272917,-9.1280797,369.03722
5184,near,bus,truck,7.9461312e-05,-11.120844,-11.120923,196.21046
5201,near,bus,truck,0.0057383868,-10.523818,-10.529573,1122.9897
5465,near,bus,truck,0.006157414,-7.7356529,-7.7418294,775.3608
5634,near,bus,truck,0.033199636,-7.0754128,-7.109176,1367.5892
5654,near,bus,automobile,0.00072074375,-8.6622515,-8.6629725,112.88658
5748,near,bus,truck,0.00095014984,-10.446849,-10.447799,943.76806
5853,near,bus,truck,7.3978678e-05,-11.18645,-11.186524,145.72448
5920,near,bus,truck,0.00062321466,-9.2588215,-9.2594449,408.06876
6116,near,bus,truck,4.1489798e-05,-12.190375,-12.190417,624.01559
6176,near,bus,truck,0.0042479188,-9.5952663,-9.5995233,1063.1519
6303,near,bus,truck,0.075424567,-5.3319449,-5.4103656,1530.9584
6339,near,bus,truck,0.00014217425,-10.99077,-10.990913,454.70631
6411,near,bus,automobile,0.036470715,-7.8478374,-7.8849898,1279.0429
6712,near,bus,truck,0.00027368994,-11.157561,-11.157835,537.04995
6791,near,bus,airplane,0.0055274174,-8.0057325,-8.0112753,799.9756
7133,near,bus,truck,3.8112912e-05,-11.771314,-11.771352,439.55067
7376,near,bus,truck,0.0059806976,-7.1927752,-7.1987739,636.33797
7441,near,bus,truck,0.013287262,-8.9972887,-9.010665,912.66765
7508,near,bus,truck,0.093732622,-7.719471,-7.8178919,1545.7237
7567,near,bus,truck,0.12527856,-5.3194757,-5.4533254,1959.9752
7812,near,bus,truck,0.0010460797,-10.111243,-10.11229,442.35607
7816,near,bus,truck,0.10849406,-8.1460142,-8.2608574,1582.7477
8023,near,bus,truck,0.051961449,-6.2239738,-6.2773339,1907.9758
8085,near,bus,truck,0.00059340063,-9.6437588,-9.6443524,678.16193
8126,near,bus,automobile,0.077571523,-7.7956743,-7.8764198,1537.2197
8497,near,bus,truck,0.1993028,-5.2184262,-5.4406987,1919.8846
8596,near,bus,truck,0.047840255,-6.9998937,-7.0489161,1604.6042
8609,near,bus,truck,0.00040935738,-9.3578587,-9.3582681,277.30445
8655,near,bus,truck,0.00014144735,-11.591022,-11.591164,789.54848
8663,near,bus,truck,0.0068640877,-7.955081,-7.9619687,912.80286
8717,near,bus,truck,0.10503832,-7.4316211,-7.5425955,1695.3411
8920,near,bus,truck,0.53529488,-3.8854141,-4.6517663,2999.42
8958,near,bus,automobile,0.00068855327,-8.75317,-8.7538588,191.56805
9027,near,bus,airplane,0.11045587,-6.077724,-6.1947701,1822.2471
9232,near,bus,truck,0.00017088911,-10.878326,-10.878497,444.66051
9252,near,bus,truck,0.13673842,-8.2898903,-8.4369278,2084.7023
9546,near,bus,truck,0.29306769,-6.5602908,-6.9071112,2397.9908
9572,near,bus,truck,0.023946648,-7.2245545,-7.2487926,1222.4091
9815,near,bus,automobile,0.0074308529,-9.0993538,-9.1068124,885.38156
9835,near,bus,truck,0.00019850396,-9.8063927,-9.8065912,94.330842
9930,near,bus,automobile,0.27409911,-6.5822167,-6.9025585,2290.8956
36,near,pickup_truck,truck,0.17621624,-6.7451892,-6.9390364,1508.6996
47,near,pickup_truck,truck,0.11031682,-8.0702581,-8.187148,2121.9352
149,near,pickup_truck,automobile,0.0005705655,-9.1778088,-9.1783795,208.8477
150,near,pickup_truck,truck,0.00059091122,-9.7695208,-9.7701118,324.36716
156,near,pickup_truck,truck,0.0021176923,-11.025333,-11.027453,850.32772
196,near,pickup_truck,truck,0.076007298,-6.417666,-6.4967171,1774.8568
256,near,pickup_truck,truck,0.031829129,-8.1678886,-8.2002353,1289.6182
353,near,pickup_truck,automobile,0.01536009,-7.7508464,-7.7663257,797.6092
460,near,pickup_truck,automobile,0.0044650821,-8.4232998,-8.4277749,690.47782
507,near,pickup_truck,truck,0.055532335,-7.4534497,-7.5105836,1602.8971
578,near,pickup_truck,automobile,0.01131834,-8.7880526,-8.7994354,818.06042
796,near,pickup_truck,truck,0.0034523011,-8.8899536,-8.8934119,421.65959
803,near,pickup_truck,automobile,0.00090592762,-8.9511852,-8.9520916,292.87733
1145,near,pickup_truck,automobile,0.36117858,-7.3004565,-7.7485869,2497.0227
1155,near,pickup_truck,truck,0.00012071014,-11.178222,-11.178342,183.46759
1212,near,pickup_truck,automobile,0.0021482277,-8.3459511,-8.3481016,439.80387
1327,near,pickup_truck,automobile,0.0011766069,-9.2749891,-9.2761664,377.003
1491,near,pickup_truck,automobile,0.0097406237,-8.5613842,-8.5711726,847.37502
1568,near,pickup_truck,automobile,0.0021588839,-9.8649578,-9.867119,655.09652
1913,near,pickup_truck,truck,0.0014561387,-9.1158457,-9.1173029,456.13861
2012,near,pickup_truck,automobile,0.19597189,-8.1360168,-8.3541379,1944.5245
2100,near,pickup_truck,automobile,0.00057209544,-8.7372189,-8.7377911,151.87329
2321,near,pickup_truck,automobile,0.0012486678,-8.11798,-8.1192295,214.77157
2396,near,pickup_truck,automobile,0.00052268781,-10.319759,-10.320282,428.70449
2421,near,pickup_truck,truck,0.41955066,-5.7430797,-6.2870324,2223.6205
2556,near,pickup_truck,truck,0.0057343787,-7.7945251,-7.800276,923.237
2603,near,pickup_truck,automobile,0.00069306692,-8.6229153,-8.6236086,178.26215
2882,near,pickup_truck,automobile,0.00064329164,-10.135237,-10.13588,406.04254
3537,near,pickup_truck,automobile,0.24117004,-7.3276072,-7.6035847,2039.886
3630,near,pickup_truck,automobile,0.093728493,-7.5033779,-7.6017943,1728.435
3655,near,pickup_truck,truck,0.12139685,-7.8088913,-7.9383133,1630.2171
3933,near,pickup_truck,automobile,0.049129501,-6.306685,-6.3570624,1268.4376
4316,near,pickup_truck,truck,0.0017071189,-8.7654829,-8.7671915,428.18057
4335,near,pickup_truck,truck,0.00013572114,-10.139223,-10.139359,278.70724
4387,near,pickup_truck,truck,0.023564171,-8.5083532,-8.5321995,2107.5284
4463,near,pickup_truck,automobile,0.0016036396,-9.172533,-9.174138,579.73046
4506,near,pickup_truck,automobile,0.00020261082,-9.7675095,-9.7677121,155.23886
4515,near,pickup_truck,automobile,6.6409876e-05,-10.87533,-10.875396,240.48503
4588,near,pickup_truck,automobile,0.00097795321,-10.206503,-10.207481,551.52301
4693,near,pickup_truck,automobile,0.36735114,-4.9051676,-5.3630073,1748.194
4821,near,pickup_truck,automobile,0.00043834664,-9.7513762,-9.7518146,446.31352
4870,near,pickup_truck,automobile,0.00026698306,-9.9047527,-9.9050198,166.84206
4881,near,pickup_truck,automobile,0.00031584616,-10.359684,-10.36,279.01555
5008,near,pickup_truck,automobile,0.002239478,-8.5520144,-8.5542563,454.35136
5009,near,pickup_truck,automobile,0.00031391296,-9.5959749,-9.5962889,128.76042
5110,near,pickup_truck,automobile,0.0034392717,-9.3070612,-9.3105064,676.95806
5129,near,pickup_truck,truck,0.23824516,-7.0902944,-7.3624249,1774.0187
5149,near,pickup_truck,truck,0.0020532201,-8.6314116,-8.6334669,559.70487
5317,near,pickup_truck,automobile,0.0070411416,-9.130084,-9.1371501,827.42502
5437,near,pickup_truck,truck,0.024208797,-8.4883785,-8.5128852,1107.5855
5568,near,pickup_truck,automobile,0.45870287,-6.330492,-6.9442789,2196.9089
5715,near,pickup_truck,automobile,0.012742894,-8.21033,-8.2231548,978.05752
5732,near,pickup_truck,automobile,0.10333026,-5.6633706,-5.7724383,1527.5341
5736,near,pickup_truck,truck,0.018866985,-8.1906013,-8.2096486,956.99057
5738,near,pickup_truck,automobile,0.018397078,-7.5023665,-7.520935,1156.6229
5756,near,pickup_truck,automobile,0.00043107038,-10.622215,-10.622646,401.31442
5893,near,pickup_truck,truck,0.31082133,-5.8602748,-6.2325295,1823.9839
5932,near,pickup_truck,automobile,0.31643353,-6.2184353,-6.5988667,2256.9947
6075,near,pickup_truck,automobile,0.0014712767,-8.161377,-8.1628493,256.6858
6574,near,pickup_truck,automobile,0.00022900695,-10.067653,-10.067882,369.10701
6653,near,pickup_truck,automobile,0.00040536584,-10.689109,-10.689514,386.37842
7119,near,pickup_truck,truck,0.058520205,-7.4167595,-7.4770619,1157.8202
7131,near,pickup_truck,truck,0.049937831,-7.9129653,-7.9641932,1302.6875
7207,near,pickup_truck,automobile,0.0029857997,-9.888937,-9.8919273,987.36439
7389,near,pickup_truck,automobile,0.00022829167,-10.350864,-10.351093,263.2926
7559,near,pickup_truck,automobile,0.0010129119,-9.5112944,-9.5123078,548.52705
7570,near,pickup_truck,truck,0.28753627,-7.2829437,-7.62197,1883.085
7658,near,pickup_truck,automobile,0.00023216146,-9.8013601,-9.8015923,168.16844
7823,near,pickup_truck,automobile,0.23260854,-6.7113881,-6.9761463,2543.9639
7866,near,pickup_truck,automobile,0.1565205,-5.2783942,-5.4486139,1650.6228
7900,near,pickup_truck,automobile,0.00022424688,-10.552876,-10.5531,332.92466
7962,near,pickup_truck,truck,0.00094763716,-8.7674637,-8.7684118,415.36673
7994,near,pickup_truck,truck,0.40808599,-5.1215291,-5.645923,2653.1191
7999,near,pickup_truck,airplane,0.19888906,-5.0143347,-5.2360905,2047.9572
8082,near,pickup_truck,automobile,0.00089323034,-8.5103331,-8.5112267,236.56205
8165,near,pickup_truck,automobile,0.36060642,-7.1115818,-7.5588169,2768.0359
8219,near,pickup_truck,automobile,0.012081887,-7.2741351,-7.2862906,1000.8208
8391,near,pickup_truck,truck,0.0011710084,-9.8840256,-9.8851973,398.97302
8455,near,pickup_truck,automobile,0.00064991516,-9.6273642,-9.6280143,217.16663
8503,near,pickup_truck,automobile,0.038112489,-8.60005,-8.6389077,1443.0897
8519,near,pickup_truck,automobile,0.025322056,-7.7483692,-7.7740174,1114.0341
8693,near,pickup_truck,truck,0.27531155,-6.957756,-7.2797695,2163.0838
8944,near,pickup_truck,automobile,0.14635145,-5.7851291,-5.9433648,1662.8775
8947,near,pickup_truck,truck,0.023698225,-7.9872866,-8.0112701,1448.9067
8953,near,pickup_truck,automobile,0.00080389347,-8.8523045,-8.8531087,218.38661
8966,near,pickup_truck,automobile,0.0013661032,-9.4389095,-9.4402766,402.78333
9030,near,pickup_truck,automobile,0.10867322,-7.4519405,-7.5669847,1415.4933
9081,near,pickup_truck,automobile,0.00011717637,-10.734071,-10.734188,199.3033
9368,near,pickup_truck,truck,0.00075847633,-8.776392,-8.7771507,418.79783
9377,near,pickup_truck,automobile,0.0030399978,-8.8011894,-8.8042341,553.14976
9388,near,pickup_truck,automobile,0.00016219639,-10.272745,-10.272907,268.16882
9429,near,pickup_truck,automobile,0.0022966524,-8.2802715,-8.2825708,463.44219
9447,near,pickup_truck,automobile,0.0025222379,-8.5435581,-8.5460835,444.74118
9504,near,pickup_truck,truck,0.0077983217,-8.5213165,-8.5291454,726.2251
9662,near,pickup_truck,automobile,0.30890667,-6.0026617,-6.3721421,1749.1795
9676,near,pickup_truck,automobile,0.11741889,-8.1623039,-8.2872085,1567.2267
9871,near,pickup_truck,truck,0.041177903,-7.298676,-7.3407257,1223.0286
9878,near,pickup_truck,automobile,0.00067570158,-8.9304838,-8.9311597,186.38692
9880,near,pickup_truck,truck,0.00056828982,-10.624811,-10.62538,712.39499
9927,near,pickup_truck,automobile,0.0015224177,-9.0933323,-9.0948559,435.7525
354,near,motorcycle,automobile,0.42355357,-3.1278706,-3.6787434,2485.0705
615,near,motorcycle,airplane,0.63527274,-2.4593186,-3.4679241,2607.8694
626,near,motorcycle,automobile,0.43608946,-3.6817861,-4.2546457,2165.8043
752,near,motorcycle,bird,0.63301371,-3.4787436,-4.4811743,3035.0603
790,near,motorcycle,automobile,0.17530238,-6.376945,-6.5696835,1747.6154
923,near,motorcycle,automobile,0.12236581,-4.9534812,-5.0840066,1713.0322
1023,near,motorcycle,truck,0.017753362,-7.1251535,-7.1430664,1100.7679
1096,near,motorcycle,cat,0.07660357,-6.2517972,-6.3314938,1335.9554
1218,near,motorcycle,automobile,0.073660276,-5.2791848,-5.3556991,1390.7721
1321,near,motorcycle,automobile,0.13469526,-6.3816228,-6.5262963,2414.9144
1404,near,motorcycle,cat,0.058049302,-6.2058034,-6.2656057,1340.4774
1463,near,motorcycle,automobile,0.20622851,-5.6442771,-5.8752367,1816.7135
1464,near,motorcycle,truck,0.19501065,-5.8393822,-6.0563084,2289.438
1671,near,motorcycle,airplane,0.49824951,-3.3126705,-4.0023228,2719.914
1812,near,motorcycle,automobile,0.57996006,-2.1684842,-3.0358897,2512.9064
1829,near,motorcycle,automobile,0.12958084,-6.3613272,-6.5001076,1692.2229
2033,near,motorcycle,truck,0.16981999,-5.4402947,-5.6264075,2450.1914
2066,near,motorcycle,horse,0.67063908,-1.7424124,-2.8530136,2563.7417
2072,near,motorcycle,truck,0.15103165,-4.9818926,-5.145626,2127.2376
2082,near,motorcycle,automobile,0.0045121359,-8.2212181,-8.2257405,762.91082
2148,near,motorcycle,automobile,0.56759154,-3.5685949,-4.4069796,3340.0369
2242,near,motorcycle,truck,0.27104043,-4.5016422,-4.8177792,2397.4118
3027,near,motorcycle,cat,0.49367814,-3.7990885,-4.4796712,2340.1322
3054,near,motorcycle,airplane,0.0029111277,-8.0896244,-8.0925398,750.25731
3111,near,motorcycle,frog,0.14300642,-4.8205214,-4.9748462,1895.3129
3240,near,motorcycle,airplane,0.63135033,-2.8506463,-3.8485548,2612.3359
3256,near,motorcycle,airplane,0.46550365,-4.0690331,-4.6954635,2450.4014
3376,near,motorcycle,automobile,0.00063511047,-9.9641094,-9.9647447,530.1923
3525,near,motorcycle,horse,0.19152109,-4.5678859,-4.7804866,1847.1259
3558,near,motorcycle,automobile,0.0015237203,-8.3924494,-8.3939743,442.61243
3606,near,motorcycle,truck,0.028635702,-6.5288014,-6.5578551,1440.1986
3715,near,motorcycle,automobile,0.72922561,-2.1410732,-3.4475425,3000.5245
3732,near,motorcycle,truck,0.14215929,-4.8907781,-5.0441149,1908.7599
3748,near,motorcycle,cat,0.24638258,-6.1071973,-6.3900677,2330.1184
3857,near,motorcycle,automobile,0.21279137,-5.4848008,-5.7240628,1962.0737
3893,near,motorcycle,cat,0.42618074,-4.1482444,-4.7036852,1838.041
4028,near,motorcycle,airplane,0.56777379,-3.5944102,-4.4332164,2691.9607
4128,near,motorcycle,dog,0.55772473,-3.72053,-4.5363528,2776.6357
4147,near,motorcycle,automobile,0.26510948,-4.018559,-4.3265927,2329.1669
4461,near,motorcycle,airplane,0.24784502,-4.9943233,-5.2791361,2385.8765
4487,near,motorcycle,airplane,0.075042496,-5.7296963,-5.8077038,1765.3071
4892,near,motorcycle,bird,0.31499308,-3.8427708,-4.2210972,2424.8821
4927,near,motorcycle,truck,0.035421255,-6.2645373,-6.3006011,2380.1824
4960,near,motorcycle,automobile,0.21914143,-5.8332562,-6.0806175,1933.7888
5003,near,motorcycle,automobile,0.23851989,-4.8047152,-5.0772064,1784.9427
5112,near,motorcycle,cat,0.46279524,-3.2742498,-3.8956258,2164.6199
5114,near,motorcycle,truck,0.25572462,-5.0960255,-5.3913696,2323.5955
5162,near,motorcycle,cat,0.047693333,-6.5636024,-6.6124706,1592.7861
5175,near,motorcycle,truck,0.0031016699,-8.7401752,-8.7432817,838.30999
5216,near,motorcycle,deer,0.42145158,-4.1538391,-4.7010721,2084.9225
5311,near,motorcycle,frog,0.30337905,-3.9075465,-4.2690604,2061.2683
5342,near,motorcycle,frog,0.29998985,-4.1037273,-4.4603878,2769.1093
5350,near,motorcycle,truck,0.02481241,-6.3577399,-6.3828654,1350.1644
5430,near,motorcycle,truck,0.034333812,-5.9451351,-5.9800722,1567.8108
5460,near,motorcycle,truck,0.037641229,-6.2077756,-6.2461435,1296.7547
5469,near,motorcycle,dog,0.2045516,-5.2060704,-5.4349197,2673.8888
5486,near,motorcycle,automobile,0.092917771,-5.1144767,-5.2119989,2037.2528
5572,near,motorcycle,automobile,0.24495649,-6.9182754,-7.1992553,2174.0357
5612,near,motorcycle,airplane,0.16812375,-4.3729815,-4.5570531,1924.5613
5650,near,motorcycle,truck,0.61257346,-3.7887216,-4.7369506,2849.7062
5691,near,motorcycle,airplane,0.70390521,-2.464839,-3.6819146,2933.9162
6022,near,motorcycle,cat,0.43752668,-4.024601,-4.6000126,2771.8238
6144,near,motorcycle,airplane,0.031378991,-6.2757072,-6.3075891,1468.845
6279,near,motorcycle,automobile,0.064191794,-5.3284874,-5.3948321,1586.7233
6343,near,motorcycle,truck,0.42790511,-4.2903295,-4.8487799,2145.3095
6382,near,motorcycle,automobile,0.32668757,-5.1349902,-5.530536,1981.6282
6416,near,motorcycle,airplane,0.11666082,-5.0452571,-5.1693031,1862.5447
6449,near,motorcycle,truck,0.39966156,-3.9493902,-4.4596519,2270.7129
6547,near,motorcycle,truck,0.59794398,-3.0978315,-4.0089953,2971.4011
6730,near,motorcycle,horse,0.39321558,-4.0658488,-4.5654305,2300.1692
6914,near,motorcycle,truck,0.060306653,-5.8949876,-5.9571893,2111.8967
6954,near,motorcycle,automobile,0.021392553,-6.9669957,-6.9886204,1296.8661
7109,near,motorcycle,automobile,0.36999293,-4.778306,-5.2403303,2237.3899
7110,near,motorcycle,airplane,0.32673409,-5.651051,-6.046666,1686.7692
7160,near,motorcycle,horse,0.58515235,-3.2629144,-4.1427583,3315.6826
7209,near,motorcycle,cat,0.62119758,-3.5936797,-4.5644202,2649.3649
7249,near,motorcycle,automobile,0.15962326,-5.6661439,-5.8400489,1930.1257
7289,near,motorcycle,truck,0.39043194,-3.484657,-3.9796617,2065.3262
7471,near,motorcycle,cat,0.5878603,-3.603564,-4.4899569,2858.0447
7489,near,motorcycle,horse,0.0006372154,-9.0484381,-9.0490755,453.09947
7569,near,motorcycle,automobile,0.069267262,-5.7927437,-5.8645268,1825.6525
7640,near,motorcycle,cat,0.12962312,-5.8529997,-5.9918287,1447.8205
7806,near,motorcycle,automobile,0.58476477,-2.9070439,-3.785954,2815.2045
7871,near,motorcycle,automobile,0.010705431,-7.4221044,-7.4328675,1184.2416
8183,near,motorcycle,airplane,0.044032333,-5.4837174,-5.5287486,1714.1241
8257,near,motorcycle,horse,0.61547267,-2.6460278,-3.6017682,2830.3841
8300,near,motorcycle,automobile,0.06517032,-5.6877608,-5.7551518,1879.6791
8457,near,motorcycle,airplane,0.19615208,-5.319767,-5.5381122,2184.785
8460,near,motorcycle,cat,0.49796968,-3.185514,-3.8746087,2398.0736
8627,near,motorcycle,automobile,0.44246108,-3.230329,-3.814552,2081.6149
8763,near,motorcycle,automobile,0.14077838,-5.2602444,-5.4119728,1790.9143
8929,near,motorcycle,truck,0.25490023,-3.6002598,-3.8944969,1973.0095
8981,near,motorcycle,truck,0.16987722,-4.743854,-4.9300357,1968.4252
9007,near,motorcycle,airplane,0.067606505,-6.1243796,-6.19438,1876.1187
9017,near,motorcycle,automobile,0.48142895,-4.0955029,-4.7521811,2607.8658
9205,near,motorcycle,automobile,0.016624059,-7.7842379,-7.8010017,2383.276
9276,near,motorcycle,airplane,0.032313412,-6.7935357,-6.8263827,1545.5069
9345,near,motorcycle,automobile,0.01981533,-7.8793654,-7.8993797,969.68245
9654,near,motorcycle,cat,0.087009129,-5.5691028,-5.6601322,1390.95
9833,near,motorcycle,automobile,0.043216261,-5.7415571,-5.785735,1200.3105
85,near,tractor,truck,0.19998071,-5.8715634,-6.0946829,1924.4184
230,near,tractor,cat,0.5871481,-2.9876232,-3.8722896,2598.991
262,near,tractor,truck,0.0081576688,-6.7565289,-6.76472,717.09734
283,near,tractor,truck,0.00075629453,-9.0126333,-9.0133899,254.30924
299,near,tractor,automobile,0.048810158,-7.5419445,-7.5919861,1758.443
321,near,tractor,truck,0.0045530443,-8.2094336,-8.213997,735.0921
366,near,tractor,cat,0.042423594,-5.9526672,-5.996017,1833.2848
409,near,tractor,truck,0.50309998,-3.6831758,-4.3825422,2351.5281
498,near,tractor,truck,0.51026958,-3.3487659,-4.0626661,2419.884
652,near,tractor,truck,0.16168973,-5.4954348,-5.6718018,1732.7875
921,near,tractor,truck,0.0017533714,-8.5327444,-8.5344993,409.64537
995,near,tractor,truck,0.038935597,-5.59726,-5.6369739,1289.3983
1081,near,tractor,truck,0.0047822696,-7.7666173,-7.771411,673.03314
1181,near,tractor,bird,0.069022809,-5.2783556,-5.3498761,1528.179
1260,near,tractor,truck,0.00037817372,-9.8628073,-9.8631855,385.91193
1261,near,tractor,truck,0.35065729,-5.9469948,-6.3787894,2013.0035
1753,near,tractor,truck,0.066716377,-5.8509445,-5.9199907,2107.8548
1864,near,tractor,truck,0.034094997,-6.0688581,-6.1035479,1160.0392
1881,near,tractor,deer,0.021727838,-5.9912186,-6.0131859,1112.978
1976,near,tractor,truck,0.11373752,-5.5801558,-5.700898,1561.6772
2029,near,tractor,truck,0.0016351592,-8.6154814,-8.6171179,600.03794
2101,near,tractor,ship,0.018239472,-6.6967845,-6.7151924,1361.5044
2123,near,tractor,truck,0.00078816855,-8.9188652,-8.9196537,383.12
2144,near,tractor,truck,0.00048811302,-9.876605,-9.8770933,454.5874
2171,near,tractor,truck,0.20373112,-5.294601,-5.5224193,2055.9488
2503,near,tractor,truck,0.48510772,-4.0125322,-4.6763298,2522.382
2569,near,tractor,truck,0.032291669,-7.0476193,-7.0804439,1232.7459
2624,near,tractor,truck,0.0089515046,-7.3835001,-7.3924919,1178.9375
2675,near,tractor,truck,0.013233303,-8.3019638,-8.3152854,1456.2249
2871,near,tractor,truck,0.022774626,-7.6312819,-7.6543198,1797.8485
2911,near,tractor,ship,0.20470957,-3.8969607,-4.1260086,1992.6698
2956,near,tractor,truck,0.0028977925,-8.9745312,-8.9774332,1273.0231
2992,near,tractor,ship,0.35649627,-6.5022993,-6.9431268,2728.0225
3177,near,tractor,truck,0.19164426,-5.7209787,-5.9337318,1364.6382
3412,near,tractor,truck,0.0058101207,-8.3903418,-8.3961688,1275.1065
3484,near,tractor,truck,0.0008502849,-9.8497028,-9.8505535,1064.9464
3532,near,tractor,truck,0.0016366256,-8.526268,-8.527906,481.74478
3840,near,tractor,truck,0.086969125,-5.6960568,-5.7870424,2132.9119
3913,near,tractor,truck,0.028392684,-7.1645784,-7.193382,1690.6097
4027,near,tractor,truck,0.017122693,-7.3552971,-7.3725681,1074.8918
4109,near,tractor,airplane,0.29218938,-4.6886411,-5.0342198,2639.114
4404,near,tractor,truck,0.00076839101,-9.5210657,-9.5218344,684.70536
4517,near,tractor,frog,0.27396719,-4.5931101,-4.9132702,2283.4096
4610,near,tractor,truck,0.015150094,-7.8714194,-7.8866855,883.91852
4663,near,tractor,truck,6.1456973e-05,-11.399497,-11.399558,571.47609
4691,near,tractor,truck,0.00063413525,-9.1653805,-9.1660148,321.09483
4731,near,tractor,truck,0.00015456589,-10.421334,-10.421489,474.92669
5025,near,tractor,truck,0.0034944463,-7.775362,-7.7788626,603.13796
5141,near,tractor,airplane,0.37342531,-3.8071866,-4.2746739,2610.6091
5182,near,tractor,ship,0.12076682,-5.2406106,-5.3693157,1785.157
5189,near,tractor,truck,0.072793081,-6.2571511,-6.3327297,1341.9214
5287,near,tractor,truck,0.014235843,-7.5739403,-7.5882784,1535.442
5314,near,tractor,ship,0.12718758,-4.5424213,-4.678456,2182.6777
5327,near,tractor,truck,0.26208342,-5.1097021,-5.4136266,2854.7176
5445,near,tractor,truck,0.051001933,-7.7229233,-7.7752718,1741.6754
5495,near,tractor,truck,0.0079078233,-8.0032434,-8.0111827,1207.4782
5550,near,tractor,truck,0.0011956332,-10.162959,-10.164155,876.31299
5696,near,tractor,truck,0.00085935464,-8.8731785,-8.8740382,359.38335
5818,near,tractor,truck,0.41103704,-5.0787191,-5.6081111,2198.8006
6063,near,tractor,truck,0.0010861886,-8.9863043,-8.9873911,650.66681
6360,near,tractor,truck,0.39447478,-4.3643942,-4.8660532,2181.8416
6379,near,tractor,truck,0.13201379,-5.5382605,-5.6798399,1652.9326
6398,near,tractor,truck,0.011248224,-6.9264307,-6.9377427,1013.3857
6430,near,tractor,ship,0.26439259,-6.5413275,-6.8483862,2299.9385
6546,near,tractor,frog,0.65745449,-2.9007139,-3.9720647,3088.0408
6807,near,tractor,truck,0.0032668783,-7.7901349,-7.7934071,782.26934
6866,near,tractor,truck,0.00011571271,-10.771465,-10.771581,746.17049
6930,near,tractor,frog,0.27647881,-4.574069,-4.8976945,1904.8235
7006,near,tractor,truck,0.46847116,-3.1551845,-3.7871823,2184.1663
7086,near,tractor,truck,0.2334234,-6.9437342,-7.2095548,2481.1821
7146,near,tractor,truck,0.12781929,-6.3508124,-6.4875711,2343.4843
7388,near,tractor,truck,0.046691436,-6.6926723,-6.7404889,1726.7476
7507,near,tractor,truck,0.32944907,-4.2188578,-4.6185134,2409.6359
7590,near,tractor,truck,0.39948717,-5.6825294,-6.1925007,2583.0928
7643,near,tractor,truck,0.7097539,-2.0871925,-3.3242186,2665.4643
7660,near,tractor,truck,0.010899729,-7.5399384,-7.550898,998.52299
7736,near,tractor,truck,0.013197985,-7.8525028,-7.8657887,894.02058
7829,near,tractor,frog,0.26845753,-3.9907265,-4.3033265,2308.3528
7884,near,tractor,ship,0.41134223,-6.1373639,-6.6672742,2468.778
8026,near,tractor,airplane,0.033309216,-6.4489875,-6.4828641,1614.1642
8141,near,tractor,ship,0.16179498,-5.7142696,-5.8907622,1992.1992
8169,near,tractor,truck,0.11211628,-5.8711219,-5.9900364,1372.9968
8258,near,tractor,cat,0.18451581,-5.3794689,-5.5834422,2147.1382
8329,near,tractor,truck,0.11607458,-6.0828114,-6.2061939,2210.3409
8580,near,tractor,truck,0.090379854,-7.5664768,-7.661205,1876.1235
8906,near,tractor,airplane,0.11982831,-6.807478,-6.9351162,1977.5287
8942,near,tractor,truck,0.15609686,-4.8478122,-5.0175297,1753.5414
8996,near,tractor,ship,0.0046815973,-8.5154619,-8.5201545,866.77801
9019,near,tractor,truck,0.0020185378,-8.6389494,-8.64097,538.2436
9039,near,tractor,truck,0.17404203,-4.207088,-4.3982994,1701.7601
9203,near,tractor,truck,0.011508052,-6.482769,-6.4943438,1012.812
9259,near,tractor,truck,0.00099818666,-9.0947723,-9.095771,943.18881
9288,near,tractor,truck,0.0016815064,-8.1705341,-8.1722171,466.9795
9395,near,tractor,truck,0.28847965,-4.2218938,-4.562245,2011.4247
9673,near,tractor,truck,0.013545332,-7.0539393,-7.0675772,1536.2726
9704,near,tractor,truck,0.16221303,-8.1081285,-8.28512,1762.9353
9708,near,tractor,truck,0.015967322,-7.781075,-7.7971712,1075.1122
9807,near,tractor,truck,0.13975966,-6.0141902,-6.1647337,1794.2259
9922,near,tractor,truck,0.21218126,-4.4301219,-4.6686091,1505.663
9969,near,tractor,truck,0.40195229,-3.5212665,-4.0353512,2198.034
17,near,wolf,cat,0.29468036,-8.2992916,-8.6483958,1809.0767
214,near,wolf,cat,0.0012557026,-8.5241165,-8.525373,303.4201
255,near,wolf,cat,0.039977465,-7.5097575,-7.550556,1280.8532
471,near,wolf,cat,0.31345226,-5.7479782,-6.1240577,2150.4189
632,near,wolf,dog,0.25303057,-7.2071891,-7.4989201,1740.5248
653,near,wolf,deer,0.30028212,-4.4668555,-4.8239336,2306.1853
684,near,wolf,cat,0.34996781,-6.4301238,-6.8608572,2048.6591
712,near,wolf,dog,0.0029501966,-9.6442318,-9.6471864,663.0578
720,near,wolf,dog,0.0049384192,-10.002398,-10.007348,1061.4192
809,near,wolf,dog,0.0047351468,-9.2862024,-9.2909488,1773.8907
897,near,wolf,cat,0.009012028,-6.9190784,-6.9281312,597.35359
939,near,wolf,cat,0.59644197,-4.8760743,-5.7835093,3152.0262
1026,near,wolf,dog,0.018460279,-8.0540895,-8.0727223,875.90925
1345,near,wolf,cat,0.020162279,-6.8274302,-6.8477986,888.77108
1519,near,wolf,dog,0.019933631,-8.6483173,-8.6684523,957.66245
1752,near,wolf,cat,0.068010235,-6.603013,-6.6734465,1328.6071
1937,near,wolf,cat,0.16276273,-5.9263349,-6.1039826,1268.8096
2064,near,wolf,dog,0.014298542,-6.8860698,-6.9004715,1020.5012
2102,near,wolf,bird,0.0023008615,-8.6706543,-8.6729578,641.92495
2219,near,wolf,dog,0.00040188456,-10.024929,-10.025331,340.26526
2337,near,wolf,horse,0.054812455,-6.3033166,-6.3596885,1488.2822
2340,near,wolf,cat,0.0017941729,-9.9247704,-9.9265661,775.82596
2618,near,wolf,cat,0.34360816,-5.0655417,-5.4865391,2216.6908
2826,near,wolf,deer,0.11641747,-6.1688638,-6.2926344,2025.1232
2835,near,wolf,dog,0.052990005,-7.0555091,-7.1099547,1149.9975
2842,near,wolf,cat,0.0005698371,-9.3841877,-9.3847577,364.48593
2933,near,wolf,cat,0.19248929,-6.1192703,-6.3330693,1288.6217
2986,near,wolf,dog,0.4896405,-4.4955454,-5.1681853,2606.2418
3219,near,wolf,dog,0.01813968,-8.9722672,-8.9905734,1211.5973
3487,near,wolf,cat,0.12975519,-7.2662067,-7.4051875,1202.3702
3538,near,wolf,dog,0.0003882011,-11.578462,-11.57885,374.41327
3613,near,wolf,dog,0.046554534,-8.001399,-8.0490721,1765.2146
3663,near,wolf,cat,0.040107647,-6.7259326,-6.7668667,1150.4701
3731,near,wolf,dog,0.0026563773,-9.1539145,-9.1565744,631.99724
3747,near,wolf,cat,0.14583069,-6.0395007,-6.1971266,1803.6153
3817,near,wolf,cat,0.32909014,-7.9497023,-8.3488228,2111.9969
3849,near,wolf,dog,0.32548033,-6.2766829,-6.6704373,1869.378
3877,near,wolf,cat,0.01597247,-6.9262447,-6.9423461,917.00917
3886,near,wolf,dog,0.015668263,-7.1298046,-7.1455969,811.19553
3927,near,wolf,cat,0.22890336,-6.0794668,-6.3394084,1935.4542
4153,near,wolf,cat,0.021896351,-7.5208044,-7.542944,866.58123
4225,near,wolf,dog,0.033337069,-6.3901229,-6.4240283,1436.4713
4283,near,wolf,cat,0.10789851,-6.6001482,-6.7143236,1076.948
4285,near,wolf,dog,0.0029157062,-8.7233763,-8.7262962,861.38657
4294,near,wolf,dog,0.050573369,-7.3773851,-7.4292822,1080.3702
4378,near,wolf,dog,0.0017770971,-8.9679289,-8.9697076,416.73097
4470,near,wolf,horse,0.42111595,-4.0540357,-4.6006887,2174.7415
4602,near,wolf,dog,0.0018400654,-8.9127235,-8.9145653,411.17961
5031,near,wolf,deer,0.37460819,-3.4198134,-3.8891903,2515.3526
5078,near,wolf,dog,0.0014217414,-8.6298618,-8.6312846,329.47637
5291,near,wolf,dog,0.0067645091,-9.0687256,-9.0755131,766.41611
5408,near,wolf,cat,0.19948719,-5.7568712,-5.979374,1577.7524
5425,near,wolf,dog,0.020173402,-7.6807179,-7.7010976,1057.2992
5781,near,wolf,cat,0.17620899,-7.8164506,-8.010289,1720.8439
5911,near,wolf,cat,0.071966162,-6.3115869,-6.3862739,1479.9048
5912,near,wolf,dog,0.59563258,-3.6825991,-4.5880304,2400.3693
6010,near,wolf,deer,0.00058339753,-9.23843,-9.2390136,814.36896
6132,near,wolf,dog,0.090613529,-7.3059602,-7.4009453,1381.5001
6160,near,wolf,dog,0.23457782,-5.2861505,-5.5534782,1923.6583
6178,near,wolf,bird,0.6809973,-4.1706758,-5.3132315,2695.3239
6324,near,wolf,cat,0.47852742,-5.4521155,-6.1032141,2719.9314
6433,near,wolf,cat,0.00029645284,-10.260291,-10.260588,281.04424
6447,near,wolf,cat,0.0014754349,-9.3312244,-9.332701,342.05317
6528,near,wolf,dog,0.43952095,-7.5077777,-8.0867411,2277.327
6552,near,wolf,cat,0.0040633317,-8.0235538,-8.0276255,535.86123
6561,near,wolf,bird,0.097187557,-6.3490052,-6.4512457,1647.4722
6652,near,wolf,dog,0.047929569,-7.7619834,-7.8110997,1978.4837
6746,near,wolf,dog,0.56977537,-4.6248903,-5.4683381,3018.5446
6967,near,wolf,dog,0.00021871937,-10.672979,-10.673198,779.34179
7028,near,wolf,cat,0.0019268335,-8.5710506,-8.5729793,364.50765
7087,near,wolf,cat,0.019319196,-8.4436045,-8.4631127,734.3
7125,near,wolf,cat,0.041433397,-7.5892668,-7.631583,929.2141
7135,near,wolf,dog,0.0032867913,-8.7717466,-8.7750388,738.89423
7308,near,wolf,dog,0.0080426223,-8.2909555,-8.2990307,457.8909
7375,near,wolf,horse,0.18160738,-5.860847,-6.0612601,1618.8621
7472,near,wolf,dog,0.50363909,-4.4947939,-5.1952459,1997.5588
7561,near,wolf,cat,0.030549748,-7.3100729,-7.341099,1488.5155
7582,near,wolf,deer,0.1476263,-6.4613032,-6.6210335,2023.8882
7650,near,wolf,dog,0.023978809,-7.3594661,-7.3837371,870.54005
7752,near,wolf,cat,0.0044467926,-8.4263601,-8.4308168,664.58385
7875,near,wolf,cat,0.061396171,-5.5310154,-5.5943772,1140.1284
7980,near,wolf,dog,0.0014898033,-8.6585445,-8.6600355,629.28358
8101,near,wolf,cat,0.049998552,-7.4080043,-7.4592961,967.35792
8407,near,wolf,cat,0.0030786413,-8.6152668,-8.6183502,999.32712
8418,near,wolf,cat,0.02090423,-7.51756,-7.5386858,1069.8593
8535,near,wolf,dog,0.0058618426,-9.0738373,-9.0797164,630.85594
8634,near,wolf,frog,0.42910738,-3.7343333,-4.2948874,1977.306
8713,near,wolf,dog,0.00022482878,-10.169631,-10.169856,329.05889
8918,near,wolf,dog,0.046676348,-7.3656869,-7.4134877,1251.5515
8960,near,wolf,cat,0.37313942,-3.3348205,-3.8018516,2242.3238
9231,near,wolf,cat,0.29481079,-7.4405551,-7.7898442,1634.3487
9317,near,wolf,cat,0.19627927,-6.0325122,-6.2510156,2561.054
9346,near,wolf,dog,0.45133022,-3.8583896,-4.4586481,3250.2041
9587,near,wolf,cat,0.0014622809,-9.2198915,-9.2213549,549.82705
9768,near,wolf,cat,0.020442498,-6.9612174,-6.9818717,731.17901
9790,near,wolf,cat,0.01491881,-8.8846626,-8.8996938,1017.0696
9886,near,wolf,dog,0.0055079673,-8.4375057,-8.4430289,1784.8526
9942,near,wolf,dog,0.00183815,-8.5318136,-8.5336535,526.26959
9948,near,wolf,dog,0.22221189,-5.1507902,-5.4020914,1821.2461
9965,near,wolf,dog,0.021666889,-7.5325093,-7.5544144,910.22921
242,near,fox,horse,0.074422308,-6.1615839,-6.2389211,1189.0095
338,near,fox,dog,0.040710808,-8.6800079,-8.7215706,1179.0707
351,near,fox,cat,0.0028998613,-8.597928,-8.6008321,1027.1313
669,near,fox,cat,0.18219897,-7.1524086,-7.3535448,1886.7108
959,near,fox,dog,0.16919114,-7.875721,-8.0610765,2594.464
969,near,fox,cat,0.064498378,-8.0199442,-8.0866166,1124.9507
1133,near,fox,deer,0.015620972,-7.7756114,-7.7913557,1258.9557
1227,near,fox,deer,0.24096119,-6.4780393,-6.7537416,2612.9509
1320,near,fox,dog,0.030452455,-6.9852085,-7.0161343,1253.7616
1403,near,fox,deer,0.40258082,-5.531754,-6.0468903,2615.5435
1425,near,fox,deer,0.0049259948,-9.7933455,-9.7982836,1728.5135
1432,near,fox,cat,0.045916118,-6.6601925,-6.7071962,1123.2088
1498,near,fox,cat,0.019941689,-8.0039816,-8.0241248,1234.2701
1645,near,fox,deer,0.010503594,-7.9558015,-7.9663606,952.57441
1698,near,fox,horse,0.45946301,-4.2800713,-4.8952635,1901.896
1783,near,fox,cat,0.017930786,-7.536778,-7.5548715,1370.0952
1799,near,fox,cat,0.023487905,-6.9515686,-6.9753367,1038.0488
2131,near,fox,horse,0.2263443,-4.6781754,-4.9348038,1829.0475
2336,near,fox,deer,0.33313864,-5.2989306,-5.7041038,2641.3561
2349,near,fox,deer,0.056025169,-7.5109215,-7.5685773,1806.0663
2356,near,fox,deer,0.43347581,-4.308856,-4.8770915,2703.6934
2435,near,fox,dog,0.21474926,-7.7393961,-7.9811483,2110.6584
2518,near,fox,deer,0.47237533,-5.7426324,-6.3820025,2656.4309
2544,near,fox,deer,0.0001132451,-12.037816,-12.037929,1221.0295
2756,near,fox,cat,0.19371583,-6.0262012,-6.2415203,1425.1582
2828,near,fox,cat,0.59077378,-4.7941208,-5.687608,2694.237
2891,near,fox,dog,0.10746139,-5.5963387,-5.7100242,1471.7807
3136,near,fox,deer,0.039579199,-6.4814687,-6.5218524,1546.9771
3368,near,fox,deer,0.18308514,-6.6489911,-6.8512115,2773.0334
3605,near,fox,cat,0.012067516,-6.9985929,-7.0107338,780.98984
3607,near,fox,deer,0.015348421,-8.1411219,-8.1565893,1077.2095
3608,near,fox,cat,0.0054300407,-8.8496761,-8.855121,965.86173
3644,near,fox,deer,0.033709237,-5.983963,-6.0182535,1250.7484
3760,near,fox,cat,0.0068224783,-10.008386,-10.015232,984.56772
3823,near,fox,cat,0.10042113,-6.9039078,-7.0097363,1394.6595
3908,near,fox,cat,0.083906234,-7.0987082,-7.1863447,1440.0046
4003,near,fox,deer,0.001144766,-8.7327538,-8.7338992,428.54673
4004,near,fox,cat,0.0069359832,-7.6849337,-7.6918938,679.08579
4049,near,fox,cat,0.053596476,-6.895308,-6.9503943,1384.4307
4182,near,fox,deer,0.017880624,-6.5859518,-6.6039942,1073.0976
4255,near,fox,deer,0.013550884,-7.909102,-7.9227455,1641.2171
4264,near,fox,deer,0.036139388,-6.6215692,-6.6583777,1484.2268
4277,near,fox,dog,0.25038758,-6.0979829,-6.3861819,1776.2258
4313,near,fox,cat,0.031169156,-7.2960305,-7.3276958,938.11463
4341,near,fox,airplane,0.19638609,-5.6563849,-5.8750213,2637.0517
4441,near,fox,dog,0.0096351053,-7.940773,-7.9504548,806.57346
4621,near,fox,frog,0.36661904,-5.9221506,-6.3788338,1731.032
4703,near,fox,deer,0.042354785,-7.1490231,-7.192301,1281.2479
4706,near,fox,cat,0.010643685,-6.8343306,-6.8450313,944.80336
4754,near,fox,deer,0.042886868,-6.2202554,-6.2640891,1356.8929
4878,near,fox,cat,0.2418089,-3.8330665,-4.1098863,1667.1248
4889,near,fox,horse,0.0018741516,-8.0913076,-8.0931836,392.68564
4991,near,fox,dog,0.11894151,-5.9368014,-6.0634327,1790.0928
5084,near,fox,cat,0.13677507,-7.1179109,-7.2649908,2003.802
5619,near,fox,cat,0.13296272,-5.1709318,-5.3136051,1531.0128
5726,near,fox,bird,0.29406142,-5.5545082,-5.9027353,2365.5709
5832,near,fox,deer,0.056443701,-7.6386518,-7.6967511,1456.3246
5889,near,fox,deer,0.51443643,-4.5851765,-5.3076215,2551.0597
5896,near,fox,deer,0.037126907,-7.0560226,-7.0938563,1894.3568
5945,near,fox,horse,0.18044902,-4.8384948,-5.0374935,2018.7733
6080,near,fox,cat,0.38863187,-5.9469142,-6.4389702,2660.3792
6162,near,fox,cat,0.0075143532,-7.6020484,-7.6095911,627.25351
6163,near,fox,deer,0.0024258529,-8.8612289,-8.8636577,1014.3787
6469,near,fox,deer,0.0014584475,-9.2306213,-9.2320808,683.33019
6505,near,fox,deer,0.46897955,-4.332972,-4.9659268,2489.7974
6545,near,fox,deer,0.26567568,-5.4012246,-5.7100291,2028.6846
6693,near,fox,cat,0.39390613,-6.8358879,-7.3366083,2358.6154
6816,near,fox,cat,0.2304949,-7.0377302,-7.2997379,1696.934
7021,near,fox,bird,0.18930114,-5.224256,-5.4341147,2398.8008
7141,near,fox,deer,0.13155649,-5.887135,-6.0281878,2036.4469
7225,near,fox,cat,0.00020252048,-10.062522,-10.062724,323.11284
7248,near,fox,cat,0.19974904,-7.4844503,-7.7072802,1726.5549
7279,near,fox,cat,0.043252129,-6.2062054,-6.2504207,1409.7029
7317,near,fox,cat,0.13950216,-6.9543338,-7.104578,1909.5404
7373,near,fox,cat,0.51058416,-4.4861231,-5.2006658,2715.801
7503,near,fox,dog,0.056695444,-7.1099162,-7.1682823,1294.3031
7564,near,fox,cat,0.093561427,-7.7146873,-7.8129194,1537.4608
7621,near,fox,deer,0.0031004399,-8.6928415,-8.6959468,826.96739
7799,near,fox,horse,0.21753208,-6.0127435,-6.2580458,1979.1993
7924,near,fox,dog,0.0080011712,-9.3563833,-9.3644167,1143.5622
7973,near,fox,dog,0.21915335,-5.5372653,-5.7846418,2032.808
8100,near,fox,dog,0.50964143,-4.6701512,-5.3827696,2565.926
8109,near,fox,deer,0.014683955,-7.1742115,-7.1890043,1088.8926
8132,near,fox,dog,0.27380152,-5.4209008,-5.7408327,1660.2551
8150,near,fox,cat,0.0011192681,-9.3025331,-9.303653,606.03547
8185,near,fox,deer,0.19597496,-5.1609478,-5.3790727,2187.5238
8187,near,fox,cat,0.0044963005,-8.4324293,-8.4369358,510.95191
8381,near,fox,horse,0.1302669,-5.7057457,-5.8453146,1559.0397
8405,near,fox,deer,0.056948985,-6.589149,-6.6477839,1733.1924
8618,near,fox,cat,0.0018039171,-9.9248629,-9.9266684,631.05088
8672,near,fox,dog,0.17230071,-5.8985639,-6.0876692,1650.8934
8715,near,fox,cat,0.016816193,-8.5068579,-8.5238171,804.17595
8731,near,fox,cat,0.0066891097,-9.08144,-9.0881516,666.59101
8735,near,fox,cat,0.24750902,-6.0262098,-6.3105761,1707.0264
8762,near,fox,deer,0.054450112,-6.6487117,-6.7047003,1526.4254
9148,near,fox,cat,0.0084542503,-7.5933633,-7.6018535,696.20226
9453,near,fox,cat,0.00024205712,-10.119864,-10.120106,198.17076
9496,near,fox,dog,0.53254783,-4.6097655,-5.3702238,2572.9362
9686,near,fox,bird,0.16108318,-4.9578004,-5.1334441,1794.1811
9842,near,fox,deer,0.37378179,-6.4944787,-6.9625351,2173.0369
58,near,leopard,cat,0.0017626101,-8.7543726,-8.7561368,476.95046
259,near,leopard,cat,0.066112992,-7.2090731,-7.2774729,1508.9283
274,near,leopard,bird,0.57589782,-4.5130849,-5.3708658,2835.3441
288,near,leopard,frog,0.662229,-3.7455177,-4.8309049,2470.5061
313,near,leopard,cat,0.026308344,-6.760366,-6.7870266,1413.1069
425,near,leopard,frog,0.29754272,-4.6782718,-5.0314425,1846.6914
477,near,leopard,dog,0.14670872,-5.263464,-5.4221183,1843.5914
555,near,leopard,cat,0.0036787859,-9.9364557,-9.9401413,1444.3578
702,near,leopard,horse,0.63542805,-2.3935933,-3.4026247,2643.0765
945,near,leopard,frog,0.0023056802,-8.5298986,-8.532207,652.8348
952,near,leopard,frog,0.16011071,-6.2600164,-6.4345016,1855.8276
1084,near,leopard,deer,0.37833663,-5.5519357,-6.0272922,2099.7235
1324,near,leopard,frog,0.1070539,-6.3212276,-6.4344566,1573.9523
1328,near,leopard,dog,0.11382977,-8.2104044,-8.3312506,1628.7504
1570,near,leopard,cat,0.017250267,-7.5159178,-7.5333186,1225.2527
1607,near,leopard,frog,0.4664352,-4.8117323,-5.439907,2175.3352
1620,near,leopard,bird,0.090077811,-6.1712575,-6.2656537,1745.317
1771,near,leopard,cat,0.06705817,-7.8415589,-7.9109714,2032.2304
1843,near,leopard,deer,0.040472628,-7.7212267,-7.7625411,1395.5325
1994,near,leopard,frog,0.001848397,-8.8706264,-8.8724766,696.63688
2211,near,leopard,deer,0.12609962,-5.9448333,-6.0796222,1684.974
2570,near,leopard,frog,0.18269817,-5.8295569,-6.0313038,1920.7653
2647,near,leopard,frog,0.0022616367,-8.8347111,-8.8369753,418.12741
2678,near,leopard,cat,0.079347366,-5.4231086,-5.5057811,1887.7281
3009,near,leopard,deer,0.099908161,-5.8732405,-5.9784989,1711.2449
3074,near,leopard,cat,0.41979544,-4.9877191,-5.5320936,2469.3062
3104,near,leopard,cat,0.0034854727,-7.91714,-7.9206316,429.59312
3200,near,leopard,cat,0.232472,-5.3848724,-5.6494527,1876.3029
3291,near,leopard,cat,0.10486141,-6.5454779,-6.6562546,2394.4759
3338,near,leopard,deer,0.068820485,-6.2376771,-6.3089803,1410.111
3346,near,leopard,cat,0.0028550933,-8.6341438,-8.637003,1048.897
3379,near,leopard,cat,0.35056924,-4.6702929,-5.1019519,2757.9228
3549,near,leopard,cat,0.52383494,-5.4992986,-6.2412893,2372.9321
3567,near,leopard,dog,0.0047014791,-8.5082788,-8.5129914,685.43711
4118,near,leopard,frog,0.41503993,-6.1932306,-6.7294423,3043.0022
4238,near,leopard,dog,0.0029400645,-9.762969,-9.7659134,932.87866
4278,near,leopard,bird,0.042347183,-6.387219,-6.4304889,1833.3011
4320,near,leopard,cat,0.031122024,-6.76016,-6.7917766,1298.7039
4609,near,leopard,frog,0.2495192,-5.2156515,-5.5026927,2252.1407
4611,near,leopard,frog,0.15398891,-4.5556068,-4.7228296,1710.639
4677,near,leopard,cat,0.26369616,-5.8311448,-6.1372572,1649.7563
4943,near,leopard,deer,0.01913979,-8.3302851,-8.3496104,1671.2261
4971,near,leopard,cat,0.50807027,-4.6203628,-5.3297821,2361.484
4992,near,leopard,frog,0.34062771,-5.0929532,-5.5094202,2144.4755
5016,near,leopard,deer,0.017841126,-8.1395454,-8.1575476,1250.4614
5109,near,leopard,bird,0.12475837,-7.9257703,-8.0590256,3016.555
5142,near,leopard,cat,0.36275878,-5.5974941,-6.0481011,2387.0668
5185,near,leopard,horse,0.2185079,-4.696784,-4.9433343,1574.5664
5210,near,leopard,frog,0.55677525,-2.7678792,-3.5815576,2210.9434
5231,near,leopard,frog,0.041818046,-7.02456,-7.0672776,1417.4009
5316,near,leopard,cat,0.066016949,-6.8468218,-6.9151188,1809.3006
5328,near,leopard,deer,0.12050556,-5.8559928,-5.9844008,1975.9289
5399,near,leopard,cat,0.065532825,-7.0793796,-7.1471583,1368.27
5449,near,leopard,frog,0.48319485,-4.1394753,-4.7995647,2708.2142
5458,near,leopard,cat,0.38442676,-4.7879643,-5.2731657,2394.8948
5472,near,leopard,frog,0.14778169,-5.5524082,-5.7123208,2049.8784
5478,near,leopard,bird,0.21003298,-5.2529254,-5.4886895,2029.0839
5698,near,leopard,frog,0.071246707,-5.6724615,-5.7463736,1262.6306
5819,near,leopard,cat,0.013705547,-6.0950561,-6.1088564,700.5718
5905,near,leopard,frog,0.035550592,-6.4949713,-6.5311692,1493.1566
6055,near,leopard,cat,0.0041217907,-9.0055361,-9.0096664,1068.5052
6061,near,leopard,cat,0.19593306,-6.6738644,-6.8919371,2493.0146
6293,near,leopard,frog,0.22321116,-5.2602501,-5.5128368,2030.6528
6395,near,leopard,frog,0.010994203,-7.9107976,-7.9218527,736.15601
6401,near,leopard,frog,0.0020339353,-8.9786654,-8.9807014,655.2083
6409,near,leopard,cat,0.057362386,-5.6633286,-5.722402,1918.4778
6735,near,leopard,cat,0.015368016,-7.3557496,-7.3712369,808.97188
6767,near,leopard,frog,0.5522653,-4.196178,-4.9997324,2458.4468
6924,near,leopard,frog,0.00609474,-8.7236519,-8.7297653,986.48359
7078,near,leopard,cat,0.40081033,-4.7195005,-5.2316776,2444.0726
7283,near,leopard,cat,0.034306807,-8.1654806,-8.2003897,2124.9388
7367,near,leopard,cat,0.02353995,-7.2405114,-7.2643329,1186.2455
7407,near,leopard,cat,0.10360316,-7.1748657,-7.2842378,1809.627
7412,near,leopard,frog,0.020628425,-8.0635395,-8.0843837,1473.6064
7417,near,leopard,deer,0.41436873,-5.1328001,-5.667865,2568.8848
7427,near,leopard,cat,0.028094885,-6.6288443,-6.6573414,1245.4573
7495,near,leopard,cat,0.065128996,-5.6924973,-5.759844,1605.7993
7609,near,leopard,cat,0.0041038111,-8.5777454,-8.5818577,717.01534
7772,near,leopard,deer,0.010811348,-8.5029783,-8.5138485,911.77374
7950,near,leopard,deer,0.20332298,-6.1315608,-6.3588667,1916.539
7974,near,leopard,cat,0.0081126763,-6.7864881,-6.7946338,986.67755
8310,near,leopard,dog,0.53651977,-3.714098,-4.4830895,2515.2271
8324,near,leopard,cat,0.012820407,-8.2101679,-8.2230712,1578.8908
8334,near,leopard,frog,0.09797395,-5.75772,-5.8608319,1385.975
8454,near,leopard,cat,0.2743126,-6.1740441,-6.4946801,2108.9611
8504,near,leopard,bird,0.53898947,-3.4593012,-4.2336356,2196.5312
8695,near,leopard,frog,0.38724961,-6.0158958,-6.5056935,2359.8563
8774,near,leopard,cat,0.06903031,-6.3666458,-6.4381744,1941.1131
8904,near,leopard,frog,0.0078745709,-9.5405607,-9.5484665,1220.067
9058,near,leopard,frog,0.061309794,-6.0027857,-6.0660555,1275.2526
9187,near,leopard,cat,0.004080716,-9.5810652,-9.5851542,461.34198
9238,near,leopard,frog,0.015482191,-7.7660246,-7.7816279,1368.7005
9261,near,leopard,frog,0.00054206964,-10.408731,-10.409274,544.65658
9318,near,leopard,bird,0.39498473,-5.6267819,-6.1292835,2305.3749
9406,near,leopard,frog,0.043587074,-6.7473741,-6.7919396,1406.5436
9575,near,leopard,frog,0.00079351244,-9.084424,-9.0852178,238.52897
9612,near,leopard,deer,0.43343741,-5.9923348,-6.5605026,2075.3037
9914,near,leopard,bird,0.35093849,-4.9976668,-5.4298946,2405.4347
9936,near,leopard,cat,0.052246942,-7.0277128,-7.0813741,1120.4263
9998,near,leopard,frog,0.16262721,-6.3260984,-6.5035844,1888.8678
6,near,camel,bird,0.31913295,-3.9951167,-4.3795049,2259.6788
62,near,camel,horse,0.059626198,-7.2670164,-7.3284942,1236.6154
317,near,camel,dog,0.0022227747,-9.005146,-9.0073713,838.18493
540,near,camel,deer,0.099459312,-6.9247251,-7.029485,2331.3089
650,near,camel,bird,0.031988991,-8.0181026,-8.0506145,1671.4474
717,near,camel,deer,0.44528038,-6.7559562,-7.3452486,2390.952
751,near,camel,airplane,0.034703512,-6.4758878,-6.5112078,1203.2502
769,near,camel,airplane,0.15515286,-5.7867022,-5.9553017,1610.0221
811,near,camel,deer,0.25785057,-5.6842055,-5.9824102,2230.3939
900,near,camel,deer,0.27710918,-4.025197,-4.3496941,2221.436
902,near,camel,horse,0.18006195,-5.6539655,-5.852492,2436.2947
915,near,camel,cat,0.34609576,-6.1329446,-6.5577389,1730.7409
992,near,camel,cat,0.51875775,-3.3413508,-4.0727353,2394.0036
1060,near,camel,horse,0.0044535258,-9.4832535,-9.487717,1112.1019
1085,near,camel,deer,0.23813822,-5.5521026,-5.8240927,2192.017
1184,near,camel,deer,0.27803274,-5.9285951,-6.2543705,2527.8183
1423,near,camel,dog,0.10564162,-5.2218304,-5.3334791,1556.3659
1510,near,camel,deer,0.0019162809,-8.9962635,-8.9981816,935.02242
1572,near,camel,deer,0.0042225648,-8.9909163,-8.9951478,778.6115
1573,near,camel,airplane,0.016030531,-6.4956403,-6.5118007,1270.1245
1588,near,camel,bird,0.34465838,-4.6629562,-5.0855549,2024.5914
1687,near,camel,deer,0.12157317,-7.6918225,-7.8214452,2254.1495
1882,near,camel,dog,0.0041527856,-9.7846928,-9.7888542,658.51351
2051,near,camel,horse,0.00025662325,-10.784584,-10.784841,667.50421
2145,near,camel,deer,0.1642818,-7.1086836,-7.2881474,2682.1839
2267,near,camel,cat,0.5234932,-3.2895377,-4.030811,2266.4639
2315,near,camel,horse,0.31012412,-5.9746537,-6.3458973,1942.8058
2415,near,camel,deer,0.007099384,-7.7250733,-7.732198,1062.3991
2712,near,camel,deer,0.39352713,-6.3485274,-6.8486227,2218.9464
2774,near,camel,horse,0.096147258,-5.911653,-6.0127419,1710.7979
2834,near,camel,deer,0.095757191,-7.1641231,-7.2647804,2207.8212
2946,near,camel,dog,0.0048261759,-9.1433191,-9.148157,731.09038
2948,near,camel,deer,0.028026357,-9.6326942,-9.6611208,2075.0415
3153,near,camel,truck,0.011799554,-7.0056539,-7.0175236,1160.3157
3319,near,camel,dog,0.013998538,-7.3484287,-7.3625262,1048.9203
3831,near,camel,horse,0.071262586,-6.60602,-6.6799492,1692.5532
3884,near,camel,horse,0.033912288,-5.8018727,-5.8363734,932.81233
3930,near,camel,cat,0.11434252,-5.5470481,-5.6684731,1708.6083
3985,near,camel,deer,0.31718536,-5.5273666,-5.9088985,1985.4371
4234,near,camel,deer,0.00019033252,-10.846777,-10.846967,517.64672
4345,near,camel,bird,0.18606841,-5.6095223,-5.8154013,1674.3463
4415,near,camel,airplane,0.51641477,-3.5245678,-4.2510955,2573.0652
4435,near,camel,dog,0.0031834174,-10.564987,-10.568176,874.01901
4519,near,camel,bird,0.11619957,-6.0497875,-6.1733115,1486.1953
4736,near,camel,bird,0.50098563,-5.115963,-5.8110834,1792.5599
4894,near,camel,deer,0.34672705,-4.6212573,-5.0470175,2442.5085
5029,near,camel,deer,0.00072433511,-10.640787,-10.641512,857.24642
5032,near,camel,airplane,0.52504729,-3.4634619,-4.2080019,2573.1536
5113,near,camel,dog,0.14344208,-6.8034339,-6.9582672,2457.7985
5119,near,camel,airplane,0.02310491,-7.2853112,-7.3086872,1249.1682
5218,near,camel,bird,0.1606583,-5.3749337,-5.5500711,1640.6147
5249,near,camel,dog,0.0061655633,-8.8370056,-8.8431903,793.97926
5253,near,camel,dog,0.27798487,-4.4262338,-4.751943,1932.4308
5285,near,camel,dog,0.011866431,-7.7716784,-7.7836158,1060.9604
5293,near,camel,horse,0.02551829,-7.2829952,-7.3088448,1072.9693
5455,near,camel,horse,0.29707969,-5.7262926,-6.0788044,2613.3869
5494,near,camel,horse,0.077216762,-6.6308422,-6.7112031,1749.8549
5516,near,camel,deer,0.39314497,-5.7273278,-6.2267932,3009.54
5519,near,camel,deer,0.013825088,-8.8231392,-8.8370607,1914.3573
5532,near,camel,dog,0.14127057,-4.6605163,-4.8128177,1704.7481
5664,near,camel,bird,0.45749767,-4.4660625,-5.0776254,2460.1774
5762,near,camel,bird,0.00034618082,-9.9670296,-9.9673758,367.79444
6037,near,camel,dog,0.020532328,-7.7305756,-7.7513216,1396.5969
6044,near,camel,bird,0.44281701,-3.4684582,-4.0533197,2281.197
6417,near,camel,bird,0.0079598066,-9.6101618,-9.6181534,1650.3965
6418,near,camel,deer,1.8440931e-05,-12.319773,-12.319791,283.41565
6475,near,camel,horse,0.47510784,-4.0728006,-4.7173631,2379.2983
6616,near,camel,dog,0.0087761225,-8.1982079,-8.2070227,1005.5668
6778,near,camel,dog,0.47145363,-4.9685178,-5.6061425,2717.1749
7128,near,camel,horse,0.084271967,-5.8430767,-5.9311126,1483.4003
7194,near,camel,deer,0.0046855397,-8.4105692,-8.4152657,845.04289
7200,near,camel,bird,0.20105554,-5.1835284,-5.4079923,1463.6198
7298,near,camel,bird,0.47344099,-5.3839426,-6.0253345,2588.9693
7333,near,camel,horse,0.15213291,-5.9674501,-6.1324815,1696.9814
7379,near,camel,frog,0.43730086,-4.0032825,-4.5782927,2821.1772
7445,near,camel,deer,0.092179471,-5.8778248,-5.9745334,1274.761
7750,near,camel,bird,0.0065939028,-7.8371758,-7.8437916,882.84654
7800,near,camel,deer,0.43044401,-4.6267447,-5.1896429,2162.714
7912,near,camel,dog,0.40467187,-4.2053366,-4.7239791,2128.4211
8143,near,camel,cat,0.017224998,-8.3642626,-8.3816377,1438.3857
8231,near,camel,horse,0.094280133,-5.8248367,-5.9238619,1891.903
8447,near,camel,deer,0.32734068,-4.0296307,-4.426147,2267.542
8598,near,camel,deer,0.092506797,-5.6095901,-5.7066593,1766.6691
8604,near,camel,deer,0.00025863032,-10.348978,-10.349237,448.9651
8648,near,camel,bird,0.07539679,-6.6311111,-6.7095017,1571.3127
8732,near,camel,airplane,0.12075818,-5.1934514,-5.3221467,1702.9805
8780,near,camel,horse,0.049956239,-6.4746709,-6.5259181,1306.6892
8800,near,camel,deer,0.1633677,-4.5886273,-4.766998,2060.8304
8834,near,camel,dog,0.092651266,-6.8316731,-6.9289016,1572.6664
9014,near,camel,dog,0.54156974,-5.3965354,-6.1764825,2510.9632
9093,near,camel,bird,0.2282563,-4.9725633,-5.231666,2531.5608
9110,near,camel,deer,0.48610392,-5.7190752,-6.3848094,2613.4382
9142,near,camel,horse,8.771144e-05,-11.409947,-11.410035,392.32218
9266,near,camel,dog,0.016358676,-8.8922434,-8.9087373,1349.2239
9362,near,camel,deer,0.3773798,-5.5180573,-5.9918759,2524.7308
9412,near,camel,dog,0.22109075,-7.2472496,-7.4971103,2215.8636
9531,near,camel,dog,0.021880469,-6.4505196,-6.472643,1061.8158
9611,near,camel,bird,0.54157967,-5.0004396,-5.7804084,2819.3003
9647,near,camel,horse,0.13358501,-5.37216,-5.5155512,1660.4363
9743,near,camel,dog,0.31396185,-4.7109385,-5.0877605,2625.6524
52,far,bottle,bird,0.004475103,-7.622797,-7.6272822,1089.0035
114,far,bottle,dog,0.19332399,-5.1347504,-5.3495835,1723.176
170,far,bottle,dog,0.20033107,-5.4322891,-5.6558466,1879.2486
340,far,bottle,ship,0.2268501,-7.112174,-7.3694564,2798.2063
455,far,bottle,truck,0.0098475406,-7.1685538,-7.1784502,968.67472
575,far,bottle,ship,0.087408442,-5.5321922,-5.6236591,2218.2495
594,far,bottle,truck,0.02601413,-6.3210425,-6.347401,1079.4457
864,far,bottle,ship,0.59753671,-3.4980726,-4.408224,3687.4721
932,far,bottle,cat,0.0013421541,-8.9869013,-8.9882443,648.66307
997,far,bottle,bird,0.027803091,-6.1160769,-6.1442739,1074.7905
1015,far,bottle,truck,0.29419918,-4.0566158,-4.405038,2454.1045
1045,far,bottle,bird,0.27744072,-6.1074924,-6.4324483,3065.5082
1130,far,bottle,cat,0.22172415,-5.60185,-5.8525243,2628.1081
1135,far,bottle,ship,0.063827548,-5.8396416,-5.9055971,1653.9008
1318,far,bottle,truck,0.50537693,-5.6196642,-6.3236235,2779.3064
1429,far,bottle,bird,0.60647712,-4.0340195,-4.9666355,3589.3849
1438,far,bottle,airplane,0.18072321,-4.6455965,-4.8449298,2069.8479
1487,far,bottle,ship,0.45576285,-3.6274726,-4.2358428,2577.3682
1514,far,bottle,ship,0.00048678321,-9.7613916,-9.7618785,646.50632
1562,far,bottle,bird,0.1544193,-4.4558864,-4.623618,1801.63
1899,far,bottle,truck,0.22819486,-5.7899089,-6.0489321,3503.5706
1932,far,bottle,cat,0.39254541,-5.8794169,-6.3778948,2493.1596
2011,far,bottle,airplane,0.39138774,-3.9306195,-4.4271934,2346.365
2314,far,bottle,automobile,0.0041825942,-8.4256382,-8.4298296,644.90898
2428,far,bottle,truck,0.029952397,-6.9575124,-6.9879225,1022.7588
2510,far,bottle,ship,0.091186074,-6.2113938,-6.3070087,2407.757
2550,far,bottle,truck,0.0093780877,-7.1845064,-7.1939288,1082.7043
2822,far,bottle,ship,0.044586271,-6.6545095,-6.7001204,1330.346
2963,far,bottle,cat,0.54995028,-3.5428214,-4.3412186,2812.7508
2993,far,bottle,truck,0.03248496,-6.0124979,-6.0455222,1121.1015
3011,far,bottle,bird,0.083610596,-5.5125179,-5.5998318,1425.1955
3122,far,bottle,cat,0.029289779,-6.5358214,-6.5655487,1778.9288
3216,far,bottle,ship,0.12084354,-4.6060429,-4.7348353,1852.5811
3232,far,bottle,automobile,0.14781046,-5.6030669,-5.7630132,2186.4888
3316,far,bottle,cat,0.049717853,-5.2340469,-5.2850433,1351.1904
3350,far,bottle,truck,0.26327347,-4.3450327,-4.6505712,2195.4784
3444,far,bottle,automobile,0.15495275,-4.847558,-5.0159208,1628.6407
3548,far,bottle,bird,0.33006412,-4.7423,-5.1428733,2212.2335
3888,far,bottle,cat,0.0035720355,-7.9485922,-7.9521706,701.68671
3906,far,bottle,ship,0.01667517,-7.3182797,-7.3350955,1459.8771
4065,far,bottle,truck,0.20008766,-3.9695575,-4.1928107,1816.9462
4077,far,bottle,cat,0.52915554,-4.0475321,-4.8007596,2157.0869
4325,far,bottle,truck,0.20379074,-4.6383557,-4.866249,1945.7661
4332,far,bottle,bird,0.54008319,-3.4807177,-4.2574273,2853.2817
4334,far,bottle,bird,0.060637028,-5.4068222,-5.4693755,1103.2548
4683,far,bottle,dog,0.07909261,-5.4990544,-5.5814502,1291.073
4708,far,bottle,cat,0.62386308,-3.1314597,-4.1092618,2676.4891
4818,far,bottle,airplane,0.34720018,-5.0285368,-5.4550215,3589.036
4848,far,bottle,automobile,0.22059782,-5.044714,-5.2939421,2214.9812
4956,far,bottle,cat,0.18122677,-5.1187625,-5.3187106,1661.4021
4981,far,bottle,ship,0.32551764,-6.2950759,-6.6888856,2413.7624
5030,far,bottle,automobile,0.0056779776,-8.3964996,-8.4021938,1166.7282
5102,far,bottle,cat,0.33044403,-4.4097557,-4.8108962,2099.0983
5324,far,bottle,dog,0.69508655,-2.354192,-3.5419193,2766.1235
5440,far,bottle,ship,0.063305854,-6.6676917,-6.7330902,1793.4273
5686,far,bottle,cat,0.10023185,-5.806222,-5.9118401,1587.0755
5810,far,bottle,ship,0.019505717,-6.9575505,-6.977249,1417.7357
5981,far,bottle,cat,0.2358973,-4.6449437,-4.9139968,2012.2074
5993,far,bottle,cat,0.26237251,-4.390871,-4.6951874,2042.6832
6018,far,bottle,airplane,0.012054141,-6.8392496,-6.851377,916.44366
6025,far,bottle,ship,0.3752673,-2.904541,-3.3749724,2404.105
6089,far,bottle,ship,0.0010808913,-9.2950554,-9.2961369,1079.1954
6168,far,bottle,bird,0.11643138,-4.8243093,-4.9480957,1929.6581
6214,far,bottle,ship,0.0028169708,-8.0856915,-8.0885124,918.37062
6217,far,bottle,automobile,0.030030015,-6.7825818,-6.813072,1535.6981
6239,far,bottle,automobile,0.056487084,-6.8908067,-6.9489519,2108.6527
6440,far,bottle,cat,0.23158411,-5.6549253,-5.9183495,2334.8329
6472,far,bottle,ship,0.014152879,-7.3381782,-7.3524321,1307.7557
6507,far,bottle,cat,0.0090935611,-8.3356924,-8.3448276,1546.9847
6602,far,bottle,ship,0.095650267,-4.7864327,-4.8869719,1575.506
6788,far,bottle,truck,0.044958479,-5.2685218,-5.3145222,1273.1515
6886,far,bottle,bird,0.56837928,-2.6441112,-3.4843192,2205.2632
6899,far,bottle,ship,0.001536495,-9.6629047,-9.6644424,889.00253
7012,far,bottle,cat,0.16491848,-5.0047569,-5.1849829,2500.0465
7077,far,bottle,bird,0.57070534,-3.9015713,-4.747183,2907.4674
7093,far,bottle,cat,0.1274855,-5.2605534,-5.3969294,1654.3113
7259,far,bottle,truck,0.19512251,-5.5930142,-5.8100794,1716.3386
7406,far,bottle,ship,0.61370744,-3.2138319,-4.1649922,2585.5143
7415,far,bottle,truck,0.050501005,-6.79217,-6.8439909,1365.2661
7423,far,bottle,bird,0.38337491,-2.9968548,-3.4803489,2127.9945
7443,far,bottle,cat,0.0013218544,-8.5868359,-8.5881586,914.64038
7728,far,bottle,cat,0.37733099,-3.0083277,-3.4820679,2212.7033
7850,far,bottle,automobile,0.32684399,-4.0700808,-4.4658589,2160.6954
8088,far,bottle,dog,0.036347062,-5.9030538,-5.9400778,1226.6823
8090,far,bottle,bird,0.040238233,-5.6863894,-5.7274596,1346.9122
8309,far,bottle,ship,0.0013402561,-10.014305,-10.015646,1189.9282
8317,far,bottle,truck,0.10459044,-7.5060053,-7.6164793,2413.0788
8462,far,bottle,bird,0.15761211,-3.988189,-4.1597037,1551.1744
8644,far,bottle,airplane,0.61233397,-2.7588694,-3.7064805,2771.4291
8812,far,bottle,truck,0.095303847,-6.6961813,-6.7963374,1435.8871
9044,far,bottle,bird,0.46834966,-5.6554751,-6.2872444,2418.4148
9052,far,bottle,ship,0.38647344,-6.1950965,-6.6836282,2900.1804
9107,far,bottle,ship,0.064645899,-6.1489115,-6.2157416,2143.9952
9126,far,bottle,truck,0.032128685,-6.1328716,-6.1655278,1756.4906
9347,far,bottle,frog,0.55233754,-3.533077,-4.3367928,2568.8119
9357,far,bottle,ship,0.019878382,-6.1822648,-6.2023434,1297.7693
9716,far,bottle,automobile,0.09365233,-6.2247295,-6.3230618,2488.438
9755,far,bottle,ship,0.33852798,-4.0634675,-4.4767551,3060.3059
9857,far,bottle,automobile,0.052428102,-6.607439,-6.6612915,1530.384
9967,far,bottle,dog,0.43975937,-5.0043044,-5.5836933,2206.4573
77,far,bowl,truck,0.0040364215,-10.162167,-10.166211,1309.3962
121,far,bowl,bird,0.017036301,-7.5399289,-7.557112,1185.102
163,far,bowl,automobile,0.62888047,-3.2749448,-4.2661759,2580.8051
318,far,bowl,cat,0.022741334,-8.1392164,-8.1622203,1799.3309
348,far,bowl,automobile,0.19452647,-4.5899668,-4.8062917,1923.3732
349,far,bowl,frog,0.1327047,-4.7605119,-4.9028876,1668.5592
365,far,bowl,frog,0.048570931,-6.5902586,-6.6400487,2417.0456
427,far,bowl,automobile,0.17421449,-6.694201,-6.8856212,2124.325
439,far,bowl,cat,0.28951783,-4.9083648,-5.2501762,2265.1013
452,far,bowl,automobile,0.0011563142,-9.7702589,-9.7714159,1069.5653
588,far,bowl,ship,0.00233998,-9.0318766,-9.0342193,1434.2377
703,far,bowl,ship,0.10542196,-5.938746,-6.0501491,2203.369
806,far,bowl,cat,0.4685914,-7.5308142,-8.1630382,4962.4783
865,far,bowl,cat,0.14465722,-6.2846079,-6.4408609,2859.2078
874,far,bowl,cat,0.14881074,-6.5998583,-6.7609791,2247.4135
954,far,bowl,cat,0.12072469,-5.6386147,-5.7672719,2035.0591
1041,far,bowl,frog,0.37335172,-4.9813724,-5.4487422,2255.138
1410,far,bowl,automobile,0.19421166,-4.8379107,-5.0538448,1864.0004
1448,far,bowl,bird,0.08643531,-5.4374862,-5.5278873,1919.1719
1557,far,bowl,bird,0.27293547,-4.2083273,-4.5270673,1898.951
1680,far,bowl,bird,0.65203275,-4.2459598,-5.3016067,3731.6019
1696,far,bowl,cat,0.14845967,-5.7515922,-5.9123006,3176.3214
1714,far,bowl,ship,0.04608768,-6.5241189,-6.5713024,2384.0522
1809,far,bowl,frog,0.29699164,-4.3436675,-4.696054,1923.9275
1865,far,bowl,dog,0.37497987,-5.9214845,-6.3914559,2891.6095
2109,far,bowl,frog,0.72335677,-2.7567284,-4.041755,3321.2096
2176,far,bowl,ship,0.0015399068,-8.6010475,-8.6025886,900.18456
2295,far,bowl,airplane,0.055245771,-6.7885704,-6.8454009,3025.2716
2300,far,bowl,airplane,0.053465397,-6.0729842,-6.127932,1094.8968
2302,far,bowl,frog,0.11161423,-5.6866741,-5.8050233,2405.679
2425,far,bowl,dog,0.11929297,-6.7289534,-6.8559836,1496.7028
2656,far,bowl,cat,0.003463919,-9.9092693,-9.9127393,1261.5537
2670,far,bowl,deer,0.37406951,-4.5632558,-5.0317717,2467.7529
2790,far,bowl,airplane,0.04433181,-6.3911119,-6.4364564,1910.8897
2797,far,bowl,cat,0.0031513173,-8.2786007,-8.281757,1005.6895
3078,far,bowl,ship,0.38019703,-5.533114,-6.0114676,2979.7473
3091,far,bowl,cat,0.29489072,-4.0830321,-4.4324346,2022.1265
3095,far,bowl,ship,0.20827844,-5.2962708,-5.5298164,2021.4489
3209,far,bowl,dog,0.0027217589,-8.9472847,-8.9500102,1550.6414
3253,far,bowl,bird,0.34164782,-3.9242914,-4.3423066,2090.4713
3304,far,bowl,airplane,0.42673176,-4.5525126,-5.1089142,1920.0779
3348,far,bowl,cat,0.15873949,-6.7561612,-6.9290151,1815.778
3373,far,bowl,cat,0.39929642,-4.3240628,-4.8337165,2845.246
3507,far,bowl,dog,0.44899066,-5.0987153,-5.6947188,2658.3862
3728,far,bowl,cat,0.029731851,-7.6024709,-7.6326537,2574.2765
3730,far,bowl,bird,0.30141387,-5.1730652,-5.531762,3325.595
3765,far,bowl,ship,0.00090274256,-8.9150314,-8.9159346,499.70944
3863,far,bowl,automobile,0.4574827,-4.3744388,-4.9859741,2348.5375
3952,far,bowl,dog,0.50171932,-6.0781145,-6.7747063,3201.0685
4151,far,bowl,truck,0.23478816,-5.3376865,-5.6052891,2633.5406
4252,far,bowl,cat,0.0049718757,-8.8052969,-8.8102812,2339.7254
4348,far,bowl,ship,0.60639254,-2.9624362,-3.8948374,2843.5567
4367,far,bowl,cat,0.40526237,-5.9422469,-6.4618818,3373.9663
4386,far,bowl,cat,0.23200083,-4.7823405,-5.0463072,1613.3125
4471,far,bowl,frog,0.41893624,-3.860054,-4.4029488,2670.3583
4520,far,bowl,ship,0.48883128,-4.998548,-5.6696036,4031.3099
4830,far,bowl,automobile,0.63036571,-3.6575637,-4.6528049,2880.2612
4863,far,bowl,ship,0.04901049,-5.7584443,-5.8086966,1381.9972
5083,far,bowl,dog,0.030330757,-7.2693686,-7.3001689,2343.5052
5127,far,bowl,cat,0.70703302,-1.7731464,-3.0008418,2655.3935
5282,far,bowl,cat,0.40033631,-4.1680322,-4.6794185,2343.5109
5444,far,bowl,airplane,0.041216187,-5.6598635,-5.7019531,1726.8546
5508,far,bowl,cat,0.21926588,-5.5460258,-5.7935464,1561.4894
5716,far,bowl,bird,0.41934514,-4.1920762,-4.735675,2862.6251
5882,far,bowl,deer,0.11809179,-4.3468757,-4.472543,1566.1136
6033,far,bowl,automobile,0.0059617684,-8.4247828,-8.4307624,964.81164
6069,far,bowl,automobile,0.49417355,-4.3902988,-5.0718605,2836.6856
6079,far,bowl,cat,0.22994551,-7.2538862,-7.5151802,2395.153
6252,far,bowl,cat,0.13269672,-6.3044748,-6.4468414,2720.0061
6254,far,bowl,cat,0.025419517,-7.0732408,-7.0989889,1094.9168
6327,far,bowl,cat,0.30588719,-4.0441093,-4.4092301,2262.2995
6519,far,bowl,cat,0.25795164,-4.0534973,-4.3518382,2290.7307
6559,far,bowl,cat,0.49441077,-5.0425072,-5.7245379,2637.7428
6565,far,bowl,frog,0.0042530216,-9.1334887,-9.1377507,1006.2175
6772,far,bowl,ship,0.31658821,-5.0047951,-5.3854528,2594.8957
6804,far,bowl,cat,0.40048452,-6.969604,-7.4812375,2999.5205
6859,far,bowl,cat,0.28361243,-4.4929972,-4.8265311,3025.3461
7161,far,bowl,cat,0.59662045,-3.3578768,-4.2657541,3106.5377
7345,far,bowl,ship,0.0050908792,-8.9638824,-8.9689863,1219.4721
7428,far,bowl,ship,0.46324328,-4.3402805,-4.9624908,3553.4417
7515,far,bowl,bird,0.48581724,-2.9805717,-3.6457483,2459.8413
7737,far,bowl,automobile,0.0018596504,-10.138029,-10.13989,2611.6073
7784,far,bowl,cat,0.084013102,-6.508769,-6.5965223,2042.3105
7795,far,bowl,airplane,0.48150437,-2.8998692,-3.5566929,2166.4891
7804,far,bowl,airplane,0.47146328,-3.2940159,-3.9316589,2680.3285
8004,far,bowl,frog,0.42606763,-4.8515396,-5.4067833,3229.255
8013,far,bowl,frog,0.3460101,-5.0996509,-5.5243142,2067.0933
8335,far,bowl,automobile,0.39279138,-5.4843044,-5.9831873,2160.0543
8568,far,bowl,airplane,0.0076329231,-8.1573353,-8.1649975,1725.6713
8590,far,bowl,dog,0.039120299,-6.6361141,-6.6760202,1134.8926
8656,far,bowl,cat,0.12529792,-6.2396264,-6.3734983,1946.3783
8722,far,bowl,ship,0.39612179,-5.5192828,-6.0236656,2436.531
9102,far,bowl,frog,0.031347797,-6.6214552,-6.6533048,1719.8471
9177,far,bowl,bird,0.20488486,-5.6829548,-5.9122231,2631.3254
9397,far,bowl,ship,0.60926155,-2.8384314,-3.7781482,3167.0261
9492,far,bowl,ship,6.9909679e-05,-11.182527,-11.182597,511.29447
9561,far,bowl,frog,0.0033119176,-8.360673,-8.3639904,952.1836
9669,far,bowl,dog,0.19302302,-4.982821,-5.1972811,1944.6319
9731,far,bowl,bird,0.06965419,-5.0571952,-5.1293941,1348.2346
9795,far,bowl,airplane,0.0029361776,-9.573781,-9.5767215,1781.3282
30,far,chair,cat,0.30624377,-5.5839543,-5.949589,3060.103
111,far,chair,horse,0.14955255,-4.6388803,-4.8008729,1608.3052
125,far,chair,cat,0.58801238,-3.7035232,-4.5902851,3047.9948
157,far,chair,cat,0.03337505,-7.5753441,-7.6092888,3151.4475
562,far,chair,truck,0.029891909,-6.2255058,-6.2558536,1323.2733
613,far,chair,cat,0.10250894,-5.8287258,-5.9368779,1438.5738
840,far,chair,airplane,0.45823532,-2.9986579,-3.6115815,2511.8132
880,far,chair,cat,0.0055457634,-8.5849266,-8.5904878,2286.9773
1054,far,chair,airplane,0.45343537,-3.5079167,-4.1120194,2617.8352
1076,far,chair,bird,0.42681155,-3.2450004,-3.8015411,2451.145
1341,far,chair,cat,0.37223611,-3.9400237,-4.4056148,2578.2047
1434,far,chair,airplane,0.3870778,-6.0379071,-6.5274244,2552.7823
1525,far,chair,airplane,0.045188167,-7.2553663,-7.3016073,2499.3746
1610,far,chair,cat,0.41227589,-5.9865561,-6.5180537,2639.4401
1652,far,chair,cat,0.46696751,-4.8963947,-5.5255676,3678.3783
1674,far,chair,bird,0.06828793,-5.7311745,-5.8019059,1774.8137
1740,far,chair,bird,0.24714441,-5.1081519,-5.3920338,2255.855
1789,far,chair,bird,0.1546636,-5.0719628,-5.2399835,1777.0597
1792,far,chair,cat,0.039685869,-6.4681039,-6.5085987,1625.9538
1947,far,chair,airplane,0.61527926,-3.5805504,-4.535788,3016.1768
2086,far,chair,cat,0.17391981,-6.4829493,-6.6740127,2221.4031
2108,far,chair,airplane,0.27050017,-5.7951179,-6.110514,3020.0496
2152,far,chair,bird,0.0131905,-6.8300724,-6.8433507,1711.7263
2161,far,chair,truck,0.38175723,-4.1656933,-4.6465674,2483.7179
2269,far,chair,airplane,0.10835342,-4.4925842,-4.6072697,1578.8238
2386,far,chair,cat,0.034166493,-5.7062488,-5.7410126,1158.9975
2389,far,chair,ship,0.65649197,-2.6681356,-3.7366804,2814.0716
2470,far,chair,airplane,0.01638465,-6.2928662,-6.3093866,1128.0785
2576,far,chair,truck,0.0011346576,-8.9802217,-8.9813571,377.07067
2577,far,chair,deer,0.48315016,-4.3428054,-5.0028083,2244.4219
2661,far,chair,airplane,0.46182269,-3.2099817,-3.8295489,2716.0243
2684,far,chair,airplane,0.024670735,-6.2441916,-6.2691718,1364.9076
2802,far,chair,airplane,0.17278588,-4.1399508,-4.3296425,1689.0255
2917,far,chair,airplane,0.20833598,-4.0580158,-4.291634,1938.3463
2965,far,chair,airplane,0.33920962,-5.7329984,-6.147317,2246.1848
3186,far,chair,airplane,0.0010834961,-8.8483543,-8.8494384,342.46864
3203,far,chair,truck,0.085875074,-6.51161,-6.6013981,1749.7712
3286,far,chair,automobile,0.018271188,-6.9796405,-6.9980807,1121.1153
3293,far,chair,airplane,0.0017418512,-8.2149878,-8.2167311,573.50549
3299,far,chair,bird,0.30156366,-6.1105046,-6.4694159,1949.0752
3317,far,chair,airplane,0.0025918247,-9.1216993,-9.1242945,1455.8492
3322,far,chair,bird,0.022650968,-6.259048,-6.2819594,907.03054
3349,far,chair,truck,0.0092946497,-7.3506045,-7.3599426,1001.814
3409,far,chair,airplane,0.04796791,-6.0880756,-6.1372322,1882.689
3568,far,chair,bird,0.059375383,-5.5765476,-5.6377588,1216.26
3912,far,chair,bird,0.31477772,-4.3189816,-4.6969936,1909.7117
4010,far,chair,truck,0.10271741,-5.6876187,-5.7960032,1421.3574
4061,far,chair,truck,0.047933218,-5.994029,-6.0431491,1208.0996
4125,far,chair,bird,0.0066394523,-8.0927744,-8.099436,1016.2333
4159,far,chair,bird,0.15353814,-5.1664195,-5.3331096,1959.4583
4186,far,chair,airplane,0.23380544,-6.4095612,-6.6758803,1624.821
4214,far,chair,bird,0.034281771,-6.0929732,-6.1278564,1274.0135
4259,far,chair,airplane,0.17417567,-6.6465511,-6.8379243,2846.2591
4444,far,chair,airplane,0.33379479,-5.6885133,-6.0946708,2391.7633
4668,far,chair,truck,0.28335331,-5.3419957,-5.675168,1953.2833
4722,far,chair,truck,0.0063708819,-7.4047966,-7.4111879,900.19419
4847,far,chair,bird,0.0012912435,-8.4771204,-8.4784125,714.29168
4918,far,chair,cat,0.37122653,-4.1144814,-4.5784657,2359.1888
5096,far,chair,airplane,0.002289799,-8.0900345,-8.0923269,534.04512
5473,far,chair,airplane,0.46686828,-3.1272161,-3.7562029,2029.5836
5603,far,chair,airplane,0.29105998,-4.3117423,-4.6557267,2489.5594
5683,far,chair,airplane,0.0098096251,-7.1192317,-7.1290898,1435.2131
5699,far,chair,ship,0.11432068,-4.8809681,-5.0023684,1826.3862
5799,far,chair,bird,0.44019229,-3.8651264,-4.4452883,2701.5208
5926,far,chair,airplane,0.0012181235,-8.7916861,-8.7929049,731.29155
5995,far,chair,bird,0.15972844,-4.8066249,-4.980655,1593.82
6098,far,chair,cat,0.21954403,-4.4648356,-4.7127126,2128.2857
6141,far,chair,ship,0.21104634,-4.174685,-4.4117327,2281.8149
6233,far,chair,airplane,0.40429395,-4.1669869,-4.6849949,2283.306
6245,far,chair,airplane,0.0048856238,-7.7350559,-7.7399535,883.9757
6364,far,chair,bird,0.36825672,-4.0677342,-4.5270064,2079.2229
6491,far,chair,airplane,0.0017230768,-8.59585,-8.5975746,542.16097
6594,far,chair,bird,0.46111816,-4.4731736,-5.0914326,2760.7772
6619,far,chair,ship,0.26314605,-5.9161177,-6.2214832,2422.0831
6655,far,chair,frog,0.1824107,-4.6320119,-4.833407,2080.9663
6943,far,chair,airplane,0.23448551,-5.2686133,-5.5358205,2310.3925
7063,far,chair,truck,0.092201657,-6.2510886,-6.3478216,2212.7961
7192,far,chair,truck,0.53059861,-3.006614,-3.762911,1935.1231
7291,far,chair,cat,0.49595943,-3.9506061,-4.6357046,2491.7212
7319,far,chair,truck,0.040102427,-6.0801182,-6.1210469,2207.3131
7456,far,chair,truck,0.56005514,-3.7147119,-4.5358178,2622.5747
7499,far,chair,truck,0.060493173,-6.6064987,-6.6688989,1671.6121
7535,far,chair,cat,0.017143773,-7.6673288,-7.6846213,2025.2751
7542,far,chair,truck,0.32194197,-5.031683,-5.4202054,2129.0714
7543,far,chair,truck,0.034185617,-5.862092,-5.8968756,1523.1886
7982,far,chair,cat,0.0028039514,-8.4873095,-8.4901173,1121.3062
8022,far,chair,cat,0.20258557,-4.9333501,-5.1597308,2117.2729
8209,far,chair,airplane,0.52055369,-4.6661787,-5.4013021,2883.8847
8498,far,chair,bird,0.0095120223,-7.6669097,-7.6764672,1213.064
8666,far,chair,bird,0.083870876,-7.8586497,-7.9462477,1383.8373
8753,far,chair,truck,0.01948493,-7.2581296,-7.2778069,1723.6021
9003,far,chair,airplane,0.45248863,-4.2587442,-4.8611163,2360.3184
9056,far,chair,truck,0.074989405,-5.5919518,-5.6699019,1698.8071
9087,far,chair,cat,0.22015824,-4.8675375,-5.1162018,1946.4409
9089,far,chair,airplane,0.15986141,-5.2894039,-5.4635923,1662.9197
9344,far,chair,airplane,0.0038907012,-8.868084,-8.8719822,1067.5949
9409,far,chair,bird,0.051560149,-5.6160555,-5.6689924,1180.9629
9593,far,chair,airplane,0.25123467,-4.6502609,-4.9395906,2105.7204
9600,far,chair,airplane,0.054369666,-7.0641761,-7.1200796,1392.9661
9873,far,chair,airplane,0.17710964,-4.8346052,-5.0295375,2047.6766
45,far,clock,automobile,0.3180867,-6.0837307,-6.4665835,3563.936
79,far,clock,ship,0.58289749,-3.7098484,-4.5842717,3680.5845
90,far,clock,cat,0.001068638,-9.8099346,-9.8110038,1495.0157
182,far,clock,ship,0.63119505,-2.7231693,-3.7206567,2806.5307
447,far,clock,automobile,0.37723221,-4.5015583,-4.9751399,2092.4532
450,far,clock,automobile,0.56940275,-5.5180516,-6.3606337,3200.3557
451,far,clock,cat,0.063314557,-5.8272123,-5.8926201,1914.1627
583,far,clock,bird,0.010536713,-7.5401592,-7.5507518,1535.8534
618,far,clock,ship,0.087557175,-7.265748,-7.3573779,2695.3091
649,far,clock,truck,0.0049524359,-8.5941057,-8.5990705,1270.1364
786,far,clock,automobile,0.025629557,-6.9173207,-6.9432844,1901.2438
823,far,clock,dog,0.11234719,-6.4552517,-6.5744263,2407.329
870,far,clock,airplane,0.55140513,-2.7105067,-3.5121418,2488.0357
934,far,clock,cat,0.012430888,-6.8443961,-6.8569049,732.45288
1163,far,clock,airplane,0.37746803,-5.5067601,-5.9807204,2532.892
1310,far,clock,dog,0.010947554,-7.4420619,-7.4530698,1006.7806
1428,far,clock,automobile,0.050871843,-7.6474071,-7.6996185,2559.1789
1560,far,clock,dog,0.24921664,-5.6355548,-5.9221929,3298.5345
1586,far,clock,truck,0.0013697531,-9.3456659,-9.3470366,632.85792
1806,far,clock,cat,0.50125813,-5.7962456,-6.4919122,3334.2585
1807,far,clock,bird,0.5919221,-2.9959643,-3.8922615,2585.6502
1875,far,clock,dog,0.024566209,-6.4688272,-6.4937002,870.82225
1927,far,clock,truck,0.0077342621,-9.892724,-9.9004884,931.30747
1930,far,clock,airplane,0.16400074,-4.6731157,-4.8522433,1902.6223
1982,far,clock,automobile,0.079425451,-7.1557097,-7.238467,2339.3744
2125,far,clock,automobile,0.59733136,-2.8763971,-3.7860384,2378.3688
2169,far,clock,frog,0.70428747,-3.1936035,-4.411971,2630.1006
2189,far,clock,cat,0.28762137,-5.5025859,-5.8417316,2848.1314
2207,far,clock,truck,0.190762,-4.2395968,-4.4512591,1970.1094
2213,far,clock,dog,0.142963,-5.2075434,-5.3618176,2339.9087
2223,far,clock,ship,0.032585668,-6.5158143,-6.5489427,1430.655
2463,far,clock,ship,0.50138181,-5.3227391,-6.0186537,3245.7642
2475,far,clock,truck,0.31856731,-6.1428614,-6.5264192,2665.857
2487,far,clock,dog,0.31446004,-3.2167799,-3.5943284,2054.2802
2533,far,clock,ship,0.018856953,-7.8492665,-7.8683035,1482.0602
2586,far,clock,cat,0.079630003,-5.3980999,-5.4810794,1917.7539
2815,far,clock,bird,0.052809601,-6.3401446,-6.3943998,2085.3927
2836,far,clock,ship,0.053340003,-6.2837496,-6.3385649,2461.8217
2936,far,clock,cat,0.062752758,-5.7959595,-5.8607676,1789.6634
2945,far,clock,bird,0.31568562,-4.5730319,-4.9523698,2354.4315
3210,far,clock,automobile,0.00070530446,-9.8947906,-9.8954962,760.91899
3282,far,clock,cat,0.12462114,-6.0797386,-6.2128371,1956.7425
3659,far,clock,frog,0.086600416,-6.3520103,-6.4425921,1669.924
3683,far,clock,cat,0.040371261,-6.8194027,-6.8606115,1851.8788
4174,far,clock,cat,0.0055671931,-8.5294647,-8.5350475,1755.7817
4206,far,clock,truck,0.14672111,-5.376967,-5.5356358,1787.8743
4321,far,clock,truck,0.014900706,-7.0165596,-7.0315724,1436.7111
4369,far,clock,automobile,0.63563273,-2.7336326,-3.7432255,2937.2867
4475,far,clock,cat,0.023057689,-7.2311363,-7.254464,2437.9576
4656,far,clock,airplane,0.29595796,-4.2243142,-4.5752314,2547.3289
4704,far,clock,truck,0.0012623062,-8.5538235,-8.5550866,575.31223
4769,far,clock,cat,0.57580436,-3.0292284,-3.886789,2506.4678
4771,far,clock,dog,0.34606309,-3.2797227,-3.7044671,2296.4312
4779,far,clock,cat,0.16200635,-4.7877846,-4.9645293,2392.5657
4859,far,clock,cat,0.081492044,-6.0974736,-6.1824783,2010.7161
4986,far,clock,truck,0.011862158,-9.1493282,-9.1612613,1383.9323
5147,far,clock,cat,0.36660094,-4.5172973,-4.9739519,1957.7329
5236,far,clock,dog,0.37587273,-3.2453442,-3.7167451,2118.4998
5319,far,clock,bird,0.28517055,-4.6398873,-4.9755986,2444.2413
5364,far,clock,bird,0.27203512,-3.9033587,-4.2208612,1766.5619
5414,far,clock,cat,0.011418713,-7.6212168,-7.6327012,794.32285
5690,far,clock,airplane,0.080863719,-5.0780225,-5.1623434,1443.1722
5768,far,clock,airplane,0.34607889,-4.3613062,-4.7860748,2233.7403
5845,far,clock,deer,0.55559993,-2.8393462,-3.6503762,2846.9877
5978,far,clock,ship,0.39146325,-5.6602912,-6.1569892,4579.5152
6165,far,clock,cat,0.36366955,-4.4688177,-4.920855,2154.272
6238,far,clock,ship,0.16909211,-6.4386344,-6.6238707,2946.9066
6267,far,clock,automobile,0.025154411,-6.5633826,-6.5888588,1667.9935
6269,far,clock,cat,0.38131099,-4.6300159,-5.1101684,3021.8844
6482,far,clock,ship,0.080935174,-7.0396247,-7.1240233,3372.4869
6490,far,clock,automobile,0.11656134,-6.4833293,-6.6072627,2448.4961
6500,far,clock,cat,0.010918387,-6.7305694,-6.7415478,1124.6815
6508,far,clock,bird,0.035279124,-6.2078271,-6.2437436,1867.4897
6657,far,clock,automobile,0.36488214,-5.573226,-6.0271707,3161.6054
6673,far,clock,cat,0.00098541342,-9.8654013,-9.8663872,1473.1857
6774,far,clock,bird,0.015124814,-7.1801963,-7.1954366,1378.6555
6795,far,clock,ship,0.19529968,-4.1413913,-4.3586766,2225.145
6841,far,clock,automobile,0.42944449,-4.2433405,-4.8044853,2304.2898
6890,far,clock,cat,0.020412805,-6.9956741,-7.0162982,2159.9803
6981,far,clock,ship,0.029545108,-7.2379279,-7.2679183,1605.4303
7224,far,clock,truck,0.0042975815,-9.6770687,-9.6813756,1423.0244
7275,far,clock,truck,0.4932737,-4.8935628,-5.5733471,2815.7767
7362,far,clock,automobile,0.32293973,-4.5585327,-4.9485277,2683.3833
7626,far,clock,automobile,0.021914311,-7.476006,-7.498164,1900.5462
7917,far,clock,dog,0.083947737,-5.0842023,-5.1718841,1807.3092
7923,far,clock,airplane,0.67824205,-2.4123616,-3.5463173,3178.531
7933,far,clock,truck,0.0029717909,-8.2854462,-8.2884224,651.78136
7959,far,clock,airplane,0.023645574,-7.4446049,-7.4685345,1476.6444
8036,far,clock,ship,0.16806299,-4.9859176,-5.1699161,2300.3373
8074,far,clock,ship,0.10203119,-5.4915023,-5.5991222,2207.7977
8122,far,clock,ship,0.47897995,-3.8174262,-4.469393,3104.6411
8572,far,clock,automobile,0.064317175,-6.7747669,-6.8412456,1702.9951
8949,far,clock,truck,0.11379902,-5.5050678,-5.6258793,1583.4143
9172,far,clock,automobile,0.014747763,-7.6043563,-7.6192139,1196.8991
9303,far,clock,automobile,0.0011248122,-9.0439653,-9.0450908,732.80767
9321,far,clock,dog,0.39807454,-4.2297759,-4.7373976,2791.4118
9471,far,clock,deer,0.23680659,-4.3639598,-4.6342036,2207.6809
9533,far,clock,bird,0.0013055946,-8.5296879,-8.5309943,889.18099
9558,far,clock,cat,0.16353378,-6.3599977,-6.5385669,2829.7388
9594,far,clock,ship,0.16074994,-4.8707366,-5.0459832,2365.134
26,far,keyboard,horse,0.41732172,-4.8676548,-5.4077749,3079.8217
147,far,keyboard,frog,0.013092621,-6.2544279,-6.267607,816.96993
180,far,keyboard,dog,0.60169746,-3.2286298,-4.1491733,3298.6096
249,far,keyboard,airplane,0.53231147,-3.221168,-3.9811208,2659.1144
361,far,keyboard,cat,0.65063798,-1.76793,-2.8195766,2643.1005
599,far,keyboard,dog,0.52424521,-3.7093008,-4.4521535,2557.6464
621,far,keyboard,bird,0.071190502,-6.4162564,-6.4901081,3790.3625
771,far,keyboard,horse,0.0078467871,-8.3011665,-8.3090443,1001.3548
839,far,keyboard,truck,0.018117354,-6.7994199,-6.8177034,1397.2538
911,far,keyboard,truck,0.093500756,-6.6799946,-6.7781597,1924.5955
1052,far,keyboard,cat,0.27048366,-5.3105674,-5.6259409,2683.3486
1264,far,keyboard,bird,0.030800666,-7.147748,-7.179033,2733.0513
1495,far,keyboard,truck,0.39443641,-4.7615471,-5.2631428,3304.7989
1546,far,keyboard,ship,0.15352487,-5.0825028,-5.2491773,2129.4885
1599,far,keyboard,frog,0.013883438,-6.7072515,-6.7212323,1176.0456
1642,far,keyboard,airplane,0.043300983,-5.7892265,-5.833493,1558.679
1963,far,keyboard,airplane,0.0023797577,-7.9259219,-7.9283045,584.24041
2023,far,keyboard,ship,0.01100308,-7.957633,-7.9686971,1830.5072
2037,far,keyboard,truck,0.37696551,-5.673449,-6.1466024,3415.481
2052,far,keyboard,airplane,0.57423399,-3.1715283,-4.0253937,2498.4957
2055,far,keyboard,airplane,0.011282281,-7.1999197,-7.2112661,1274.1561
2181,far,keyboard,ship,0.5975766,-3.3147943,-4.2250448,2361.4002
2562,far,keyboard,truck,0.00013785621,-10.637319,-10.637456,613.14466
2627,far,keyboard,airplane,0.37262163,-3.7015605,-4.167766,2633.0545
2650,far,keyboard,cat,0.016577564,-6.4030199,-6.4197364,1321.0449
2729,far,keyboard,truck,0.015719932,-8.0247297,-8.0405745,1210.7442
3139,far,keyboard,truck,0.59071206,-3.8141139,-4.7074502,2715.4959
3247,far,keyboard,truck,0.035328595,-8.2193298,-8.2552976,2606.4537
3298,far,keyboard,airplane,0.50487601,-2.9767675,-3.6797146,2707.2464
3347,far,keyboard,bird,0.12141681,-6.076551,-6.2059956,3344.917
3470,far,keyboard,airplane,0.12087642,-5.2900658,-5.4188956,2623.6628
3579,far,keyboard,automobile,0.46483182,-4.6276083,-5.2527825,3126.9949
3586,far,keyboard,cat,0.1078857,-6.306746,-6.420907,2776.573
3693,far,keyboard,truck,0.28112107,-6.6200981,-6.9501604,2174.0405
3716,far,keyboard,bird,0.48718039,-3.4693716,-4.1372027,2580.5071
3855,far,keyboard,bird,0.59135863,-2.8503051,-3.7452224,2539.2761
3872,far,keyboard,cat,0.17434034,-4.3768873,-4.5684599,1733.1169
4183,far,keyboard,cat,0.21554756,-4.418551,-4.6613203,1985.6106
4383,far,keyboard,truck,0.3728827,-3.5433364,-4.0099581,2317.262
4670,far,keyboard,dog,0.63379237,-2.9711089,-3.9756637,2769.9156
4800,far,keyboard,truck,0.32852176,-4.8026409,-5.2009146,2642.1369
4804,far,keyboard,airplane,0.59132063,-3.198596,-4.0934204,3103.5248
4809,far,keyboard,bird,0.033318193,-6.5479403,-6.5818261,2159.2487
4838,far,keyboard,airplane,0.20044301,-4.9266648,-5.1503623,2364.4073
4999,far,keyboard,frog,0.20394527,-5.8522377,-6.080325,1892.8439
5250,far,keyboard,bird,0.17618661,-4.3952818,-4.589093,2306.181
5378,far,keyboard,truck,0.21182827,-4.6887612,-4.9268005,2546.5133
5505,far,keyboard,frog,0.038291635,-5.6042452,-5.6432892,1212.9156
5577,far,keyboard,frog,0.0013842074,-8.9760485,-8.9774336,860.06858
5633,far,keyboard,frog,0.040720405,-5.7913003,-5.832873,1227.8068
5659,far,keyboard,truck,0.040727316,-5.9545088,-5.9960887,1410.7889
5740,far,keyboard,truck,0.41894336,-4.659009,-5.201916,2948.476
5777,far,keyboard,airplane,0.0016318221,-8.0506907,-8.0523238,467.47328
5940,far,keyboard,cat,0.0057577989,-7.3968043,-7.4025788,1319.0994
6015,far,keyboard,truck,0.014691851,-6.6029758,-6.6177767,1098.7964
6042,far,keyboard,bird,0.023937927,-5.8752151,-5.8994441,1237.6741
6112,far,keyboard,truck,0.20597596,-5.4051867,-5.6358282,2296.5001
6117,far,keyboard,automobile,0.26886965,-4.4404445,-4.753608,2171.392
6131,far,keyboard,truck,0.012131628,-7.9672728,-7.9794786,1219.3579
6134,far,keyboard,automobile,0.4304648,-4.9746151,-5.5375498,3734.9787
6145,far,keyboard,cat,0.026086145,-5.9505534,-5.9769858,1066.6658
6218,far,keyboard,frog,0.019861456,-6.8948574,-6.9149188,1135.0039
6297,far,keyboard,bird,0.00018649347,-11.027218,-11.027404,3477.9118
6298,far,keyboard,cat,0.3029611,-3.9578166,-4.3187307,2011.2364
6340,far,keyboard,truck,0.3242281,-4.6831737,-5.0750733,1991.4422
6370,far,keyboard,truck,0.18607009,-6.0559025,-6.2617835,2371.2368
6419,far,keyboard,automobile,0.29366265,-5.1085777,-5.45624,2430.4492
6510,far,keyboard,truck,0.00029922442,-10.204898,-10.205197,277.89115
6543,far,keyboard,cat,0.53756886,-4.3430724,-5.11433,3208.6254
6695,far,keyboard,automobile,0.41931155,-5.0212722,-5.5648131,3560.0394
6733,far,keyboard,deer,0.49108315,-3.1921551,-3.8676258,2872.2605
6734,far,keyboard,truck,0.04793655,-6.3265395,-6.3756631,1675.5655
6760,far,keyboard,airplane,0.70080496,-1.7820752,-2.9887348,2798.5727
6777,far,keyboard,truck,0.57450172,-3.2186542,-4.0731485,3275.2997
6907,far,keyboard,truck,0.0099592803,-8.5371542,-8.5471634,1470.0073
6998,far,keyboard,cat,0.54131081,-2.3910515,-3.170434,2692.1259
7096,far,keyboard,truck,0.18511566,-4.5937519,-4.798461,1817.596
7654,far,keyboard,truck,0.014654101,-7.6654449,-7.6802074,1597.7295
7698,far,keyboard,truck,0.016974499,-7.3664722,-7.3835925,1338.6433
7739,far,keyboard,truck,0.32412307,-4.4341874,-4.8259317,3320.5341
7781,far,keyboard,automobile,0.014326978,-6.7922225,-6.8066531,1221.6573
7868,far,keyboard,airplane,0.25402901,-4.7207961,-5.0138647,1938.4161
7957,far,keyboard,truck,0.010045004,-8.1074343,-8.1175301,1953.9013
8058,far,keyboard,automobile,0.48024503,-3.4421778,-4.0965756,2186.5915
8233,far,keyboard,truck,0.025978906,-7.3964653,-7.4227876,1406.7006
8312,far,keyboard,airplane,0.03903364,-6.6652555,-6.7050714,1977.6902
8369,far,keyboard,truck,0.00017559241,-10.490003,-10.490178,427.77013
8406,far,keyboard,airplane,0.0065866693,-8.2596235,-8.266232,1135.8108
8453,far,keyboard,cat,0.57282867,-3.8708634,-4.7214335,2560.0329
8472,far,keyboard,airplane,0.32340217,-4.5071464,-4.8978246,2631.2861
8521,far,keyboard,bird,0.55168584,-2.9354486,-3.7377097,2404.1544
8579,far,keyboard,truck,0.023475568,-7.2817063,-7.3054618,2234.2383
8994,far,keyboard,airplane,0.13719611,-4.8783288,-5.0258967,2292.6079
9012,far,keyboard,cat,0.010458068,-7.4625196,-7.4730328,1472.8559
9122,far,keyboard,truck,0.0013993537,-9.7801876,-9.7815879,1252.739
9262,far,keyboard,bird,0.0010516214,-9.2986116,-9.2996638,2114.0563
9421,far,keyboard,frog,0.018833494,-6.7072859,-6.726299,1433.5233
9736,far,keyboard,bird,0.28132438,-5.0672255,-5.3975706,2279.2209
9742,far,keyboard,bird,0.0059012901,-9.134757,-9.1406758,1713.0039
9766,far,keyboard,ship,0.05203471,-5.6172767,-5.6707141,1905.967
3,far,mushroom,deer,0.22539517,-5.068984,-5.3243863,2322.676
148,far,mushroom,bird,0.025599618,-7.7376394,-7.7635724,1459.8835
168,far,mushroom,deer,0.433629,-4.4822569,-5.0507628,2241.4463
271,far,mushroom,airplane,0.033568364,-7.5778456,-7.6119903,994.68515
433,far,mushroom,frog,0.5376448,-4.7464857,-5.5179076,2907.7724
909,far,mushroom,bird,0.39492155,-5.3658137,-5.8682109,2026.1518
953,far,mushroom,cat,0.37164198,-5.8930001,-6.3576453,1929.762
963,far,mushroom,deer,0.26660339,-5.4408612,-5.7509299,2103.0504
1032,far,mushroom,bird,0.016165563,-6.8771982,-6.8934959,1184.2969
1138,far,mushroom,bird,0.3157357,-6.5183887,-6.8977998,2407.7936
1175,far,mushroom,frog,0.1617233,-5.0391107,-5.2155177,1774.3658
1196,far,mushroom,frog,0.00038514275,-10.958616,-10.959001,610.86632
1273,far,mushroom,horse,0.095199395,-5.7171288,-5.8171694,1362.2091
1454,far,mushroom,bird,0.0056611859,-9.8610249,-9.8667021,1479.9232
1484,far,mushroom,bird,0.5094842,-4.5561495,-5.2684473,2499.3856
1760,far,mushroom,bird,0.26309359,-4.9827933,-5.2880877,2031.9833
1782,far,mushroom,bird,0.052256757,-6.8583751,-6.9120467,1320.084
1820,far,mushroom,frog,0.0016350965,-8.843564,-8.8452005,464.28061
1987,far,mushroom,bird,0.19784646,-6.1637335,-6.3841887,2145.2683
2005,far,mushroom,airplane,0.015224451,-7.2478204,-7.2631619,1109.0984
2200,far,mushroom,deer,0.090307993,-6.0142436,-6.1088928,1956.4255
2232,far,mushroom,deer,0.033995214,-6.4040341,-6.4386206,1113.4184
2332,far,mushroom,bird,0.022998458,-6.3361125,-6.3593795,1200.0885
2384,far,mushroom,cat,0.09518075,-6.6387572,-6.7387773,1530.0739
2579,far,mushroom,bird,0.019088688,-7.7190003,-7.7382736,1372.7064
2620,far,mushroom,bird,0.093283592,-6.5719075,-6.6698331,1968.0385
2937,far,mushroom,cat,0.28685565,-6.5769033,-6.9149748,2489.419
2980,far,mushroom,bird,0.047403276,-6.9582701,-7.0068337,1587.6811
3039,far,mushroom,frog,0.017217895,-8.2195063,-8.2368741,1450.074
3305,far,mushroom,frog,0.24384778,-6.3729897,-6.6525022,1874.4374
3337,far,mushroom,bird,0.084595841,-6.1375751,-6.2259648,1785.221
3352,far,mushroom,bird,0.0068450553,-7.7913284,-7.798197,863.42881
3493,far,mushroom,cat,0.44174964,-4.985116,-5.5680638,2555.2887
3502,far,mushroom,frog,0.02602745,-8.1142683,-8.1406405,1563.031
3636,far,mushroom,cat,0.074797156,-8.5870838,-8.6648261,2149.7862
3684,far,mushroom,bird,0.6269682,-3.4816108,-4.4677024,2689.4858
3734,far,mushroom,frog,0.19852184,-5.2797546,-5.5010522,1938.3706
3742,far,mushroom,cat,0.0081843461,-7.271471,-7.279689,804.55821
3759,far,mushroom,bird,0.14080722,-5.3798299,-5.5315918,2282.5196
3962,far,mushroom,horse,0.49892198,-4.3431158,-5.0341093,2148.7246
3968,far,mushroom,frog,0.0014531646,-8.8339291,-8.8353833,365.49088
4022,far,mushroom,dog,0.35302795,-5.4784703,-5.9139225,2170.2644
4269,far,mushroom,deer,0.27302348,-4.705956,-5.0248171,2252.9771
4373,far,mushroom,automobile,0.10541355,-4.2909961,-4.4023898,1100.6375
4394,far,mushroom,cat,0.59592248,-3.9371977,-4.8433462,2691.0667
4417,far,mushroom,cat,0.15921686,-4.568121,-4.7415425,1595.3212
4514,far,mushroom,dog,0.61392284,-3.1908081,-4.1425261,2420.732
4968,far,mushroom,deer,0.19884551,-6.0701013,-6.2918027,2612.3899
4982,far,mushroom,bird,0.66256318,-2.9310772,-4.0174542,2765.6534
5219,far,mushroom,cat,0.26237523,-6.5828662,-6.8871862,2391.7632
5354,far,mushroom,bird,0.53690454,-5.7364469,-6.5062689,2872.7309
5375,far,mushroom,deer,0.30073865,-4.4104242,-4.7681549,2163.3704
5386,far,mushroom,frog,0.13009089,-5.158783,-5.2981495,2071.3216
5484,far,mushroom,cat,0.41812192,-3.6308787,-4.172373,2767.7757
5627,far,mushroom,deer,0.056032606,-5.5380182,-5.5956819,1761.0306
5638,far,mushroom,airplane,0.018392254,-7.2996249,-7.3181884,1046.1184
5646,far,mushroom,bird,0.020326993,-7.659266,-7.6798024,1917.5958
5820,far,mushroom,bird,0.0089883473,-7.4265976,-7.4356266,1300.7361
5838,far,mushroom,frog,0.029060292,-6.8338299,-6.8633208,1323.7199
5944,far,mushroom,dog,0.4186234,-6.3864865,-6.9288431,2027.4073
6152,far,mushroom,bird,0.34481114,-5.0890999,-5.5119316,2623.6181
6194,far,mushroom,cat,0.61683441,-4.3027949,-5.262083,2689.3024
6215,far,mushroom,frog,0.0025001352,-8.4234734,-8.4259766,503.57353
6558,far,mushroom,bird,0.0052897972,-8.246542,-8.2518458,915.77343
6575,far,mushroom,airplane,0.34220122,-3.6755319,-4.0943881,2206.0448
6668,far,mushroom,bird,0.27305072,-4.16506,-4.4839586,1845.7913
6679,far,mushroom,ship,0.46232541,-3.927403,-4.5479047,2346.7779
6681,far,mushroom,bird,0.59928447,-3.1277909,-4.0422944,3045.8895
6729,far,mushroom,bird,0.085525957,-7.0412135,-7.1306197,1903.3936
6911,far,mushroom,bird,0.16204631,-5.8545794,-6.0313719,2005.9796
6965,far,mushroom,dog,0.3391547,-3.8019755,-4.216211,2908.1802
7060,far,mushroom,frog,0.12683425,-6.2422466,-6.3778765,1759.7737
7104,far,mushroom,bird,0.18122638,-7.5149674,-7.7149151,2060.443
7181,far,mushroom,frog,0.099686507,-7.7940035,-7.8990157,1788.3402
7229,far,mushroom,bird,0.11462587,-6.4993305,-6.6210755,1677.6902
7284,far,mushroom,airplane,0.28469743,-3.5194309,-3.8544805,2002.4867
7356,far,mushroom,cat,0.35932314,-5.4913368,-5.9365669,2092.8496
7425,far,mushroom,dog,0.16987415,-5.1736221,-5.3598001,1659.206
7483,far,mushroom,cat,0.49697806,-5.0690408,-5.7561623,2605.7481
7619,far,mushroom,frog,0.079699478,-5.511508,-5.594563,1444.4665
7632,far,mushroom,frog,0.0034343232,-8.4501543,-8.4535945,577.64367
7714,far,mushroom,truck,0.20151064,-5.1439633,-5.368997,1980.5466
7756,far,mushroom,bird,0.075133733,-5.8734961,-5.9516022,1692.2362
7785,far,mushroom,dog,0.12636851,-5.2020407,-5.3371373,1608.9842
7787,far,mushroom,bird,0.18241632,-6.7768645,-6.9782665,1807.5297
8505,far,mushroom,bird,0.0073830969,-8.4898806,-8.497291,1240.2256
8549,far,mushroom,frog,0.044736504,-5.6932096,-5.7389777,1841.6476
8701,far,mushroom,dog,0.32847543,-6.0413857,-6.4395903,2511.2384
8707,far,mushroom,bird,0.00099031841,-9.6516294,-9.6526203,606.27109
8788,far,mushroom,deer,0.38462864,-4.3941073,-4.8796367,2395.3642
8829,far,mushroom,cat,0.19178435,-5.8877821,-6.1007085,1551.0552
8962,far,mushroom,bird,0.017863911,-8.183753,-8.2017784,1529.467
9095,far,mushroom,bird,0.72192061,-2.7196221,-3.9994708,3393.9551
9103,far,mushroom,bird,0.021093868,-6.806798,-6.8281175,1272.288
9125,far,mushroom,deer,0.42032091,-4.9949841,-5.5402648,1817.8545
9193,far,mushroom,cat,0.0048921107,-8.3229303,-8.3278345,1263.3669
9778,far,mushroom,bird,0.18061571,-5.328393,-5.5275951,1893.9082
9826,far,mushroom,deer,0.24617643,-5.0029883,-5.2855853,2433.4119
9847,far,mushroom,bird,7.0340257e-05,-12.219012,-12.219083,982.00404
9997,far,mushroom,airplane,0.040068559,-6.4286985,-6.469592,1083.5008
67,far,sunflower,dog,0.016397101,-6.5533991,-6.5699321,881.1918
76,far,sunflower,deer,0.54030512,-3.3723967,-4.149589,2477.0124
238,far,sunflower,dog,0.27772824,-4.7351055,-5.0604593,2012.1237
582,far,sunflower,dog,0.63405138,-4.0628085,-5.0680709,2759.9346
611,far,sunflower,dog,0.010973124,-8.5228777,-8.5339115,1038.8956
629,far,sunflower,dog,0.4489128,-3.5371745,-4.1330367,2792.9787
645,far,sunflower,ship,0.6817392,-2.2120793,-3.3569634,2979.6379
665,far,sunflower,airplane,0.088942468,-6.3952813,-6.4884305,1662.8902
714,far,sunflower,dog,0.083717619,-6.761086,-6.8485167,2084.9303
749,far,sunflower,dog,0.042037028,-7.1447673,-7.1877134,1174.4399
788,far,sunflower,deer,0.19418188,-5.1883941,-5.4042913,2028.6295
976,far,sunflower,truck,0.025123205,-5.7821264,-5.8075706,919.0269
1097,far,sunflower,airplane,0.72427751,-1.7721556,-3.060516,2932.3204
1122,far,sunflower,airplane,0.65935467,-3.368113,-4.4450265,3196.3124
1231,far,sunflower,dog,0.074115008,-6.2868323,-6.3638376,1390.6848
1542,far,sunflower,cat,0.47142763,-4.5604739,-5.1980495,2863.6902
1713,far,sunflower,deer,0.18226322,-4.941587,-5.1428017,2280.8447
1781,far,sunflower,cat,0.0307323,-6.6439819,-6.6751964,1181.0925
1818,far,sunflower,frog,0.30443294,-4.2713361,-4.6343639,2194.7923
2038,far,sunflower,truck,0.018996971,-6.6622005,-6.6813802,1456.8508
2243,far,sunflower,dog,0.621412,-2.8346241,-3.8059308,2382.1085
2446,far,sunflower,frog,0.21325827,-5.6680675,-5.9079227,1890.9158
2545,far,sunflower,dog,0.0046328554,-8.0025167,-8.0071604,1024.9456
2740,far,sunflower,frog,0.22770697,-4.5695162,-4.8279074,1791.7771
2811,far,sunflower,frog,0.32872127,-3.9350314,-4.3336023,2061.5315
2831,far,sunflower,frog,0.0031211788,-8.3650064,-8.3681325,925.3746
2856,far,sunflower,dog,0.44678108,-4.2410588,-4.8330603,2708.0406
2972,far,sunflower,cat,0.16899637,-5.371006,-5.5561271,1844.5195
2989,far,sunflower,cat,0.12686207,-6.3710074,-6.5066692,1554.6162
3089,far,sunflower,dog,0.40085079,-5.3916912,-5.9039358,2846.8512
3115,far,sunflower,cat,0.26692591,-5.5229683,-5.8334768,2543.1542
3386,far,sunflower,cat,0.0013952033,-8.8954639,-8.8968601,662.28549
3402,far,sunflower,cat,0.13038171,-4.9444418,-5.0841427,1942.9346
3429,far,sunflower,dog,0.55665073,-2.9281824,-3.7415798,2949.1508
3559,far,sunflower,dog,0.62855052,-2.703172,-3.6935144,3002.8344
3770,far,sunflower,bird,0.3196769,-4.3798437,-4.7650312,2276.5834
3942,far,sunflower,truck,0.15516993,-6.0479474,-6.2165672,2260.9846
3975,far,sunflower,dog,0.03592345,-5.7927175,-5.829302,1552.9403
4103,far,sunflower,dog,0.20941178,-4.6302652,-4.8652433,2010.7455
4376,far,sunflower,frog,0.065259226,-5.6280875,-5.6955736,1266.8728
4746,far,sunflower,dog,0.07779219,-5.0539207,-5.1349054,1563.9958
4785,far,sunflower,bird,0.024392349,-6.9363475,-6.9610423,1238.3601
4851,far,sunflower,dog,0.45256721,-3.8347237,-4.4372393,2572.0712
5002,far,sunflower,dog,0.37435777,-4.6794286,-5.1484052,2084.8147
5005,far,sunflower,bird,0.67310113,-2.564461,-3.6825654,2801.7329
5155,far,sunflower,dog,0.0084262215,-7.5296607,-7.5381226,1049.61
5181,far,sunflower,cat,0.31291637,-4.1006951,-4.4759944,2350.0286
5260,far,sunflower,bird,0.0046893308,-8.2035198,-8.2082202,720.07099
5573,far,sunflower,frog,0.06823261,-5.9094419,-5.980114,1687.0236
5680,far,sunflower,frog,0.2718003,-4.2838349,-4.6010149,2568.5854
5742,far,sunflower,cat,0.19491872,-5.5455065,-5.7623185,2046.3618
5861,far,sunflower,bird,0.021108913,-7.0753536,-7.0966885,787.98121
6030,far,sunflower,bird,0.00065419578,-9.2228231,-9.2234776,314.29744
6388,far,sunflower,cat,0.34030656,-5.3926706,-5.8086507,2766.209
6421,far,sunflower,bird,0.29225607,-3.4336674,-3.7793403,1778.6036
6647,far,sunflower,dog,0.010216897,-6.6578012,-6.6680706,960.58601
6687,far,sunflower,bird,0.39262658,-6.5634794,-7.0620909,2188.2714
6843,far,sunflower,dog,0.63965872,-2.7481434,-3.7688471,2951.4958
6845,far,sunflower,bird,0.094783405,-6.2370853,-6.3366664,1441.2151
6928,far,sunflower,truck,0.767636,-1.8087482,-3.2681984,3141.4172
7017,far,sunflower,deer,0.21169161,-4.570488,-4.8083539,1790.3138
7258,far,sunflower,dog,0.084061944,-5.0349002,-5.1227067,1629.878
7328,far,sunflower,bird,0.30075525,-4.0352616,-4.3930161,2005.4713
7616,far,sunflower,dog,0.15744314,-5.11625,-5.2875642,1615.0446
7683,far,sunflower,dog,0.40172438,-3.2241132,-3.737817,2261.8483
7755,far,sunflower,frog,0.14785278,-4.822063,-4.9820589,1842.9958
7776,far,sunflower,bird,0.14979532,-7.1123428,-7.274621,2148.8388
7989,far,sunflower,bird,0.42432282,-3.9727154,-4.5249236,2560.4164
7991,far,sunflower,dog,0.020264874,-6.7034869,-6.7239599,902.06155
8068,far,sunflower,deer,0.15958542,-5.1434646,-5.3173245,1686.4144
8166,far,sunflower,cat,0.49047804,-3.3839917,-4.058274,2445.7992
8378,far,sunflower,bird,0.12833307,-6.1950707,-6.3324186,1772.134
8470,far,sunflower,truck,0.46595525,-3.9392798,-4.5665554,2069.6556
8475,far,sunflower,bird,0.0050534391,-8.2579193,-8.2629856,1060.2281
8581,far,sunflower,dog,0.088605004,-5.4737749,-5.5665538,1832.2629
8616,far,sunflower,cat,0.025950869,-7.8663092,-7.8926027,1308.1447
8689,far,sunflower,bird,0.45942392,-3.9093385,-4.5244584,1990.4617
8730,far,sunflower,bird,0.52693014,-4.0808516,-4.8293638,2215.2833
8736,far,sunflower,bird,0.0084341918,-7.4301257,-7.4385957,627.46108
8785,far,sunflower,dog,0.029754034,-6.0887456,-6.1189513,1392.0854
8866,far,sunflower,bird,0.3861581,-4.5428543,-5.0308722,2127.8859
8867,far,sunflower,frog,0.49377908,-3.3496141,-4.0303962,2997.8693
8881,far,sunflower,dog,0.029996815,-6.5511832,-6.5816391,1336.237
8985,far,sunflower,dog,0.04936663,-5.7496629,-5.8002897,1319.8401
9053,far,sunflower,dog,0.0069583241,-8.1295033,-8.1364859,1032.0951
9174,far,sunflower,horse,0.49188106,-3.3377724,-4.0148121,2225.714
9209,far,sunflower,bird,0.025628673,-8.1185265,-8.1444893,1772.1968
9256,far,sunflower,frog,0.13955938,-6.1666183,-6.316929,1913.9214
9315,far,sunflower,cat,0.35627329,-5.7229486,-6.1634296,2236.7839
9396,far,sunflower,cat,0.34448606,-3.5496643,-3.972,2722.0439
9431,far,sunflower,dog,0.19682379,-5.5749712,-5.7941523,1694.9296
9433,far,sunflower,deer,0.091606781,-5.920753,-6.0168309,1927.5436
9532,far,sunflower,frog,0.39570854,-3.514251,-4.0179496,2509.3343
9681,far,sunflower,frog,0.30139193,-5.4038153,-5.7624807,2588.3583
9711,far,sunflower,cat,0.59485227,-3.4798851,-4.3833886,3519.9343
9775,far,sunflower,dog,0.66491592,-4.143292,-5.2366657,2605.4601
9876,far,sunflower,deer,0.029136741,-5.9244146,-5.9539843,1193.9261
9907,far,sunflower,frog,0.02844471,-6.0904884,-6.1193455,1121.4812
9920,far,sunflower,cat,0.10464328,-6.2079482,-6.3184813,1584.5395
9940,far,sunflower,bird,0.046764315,-6.1313448,-6.1792379,1663.8375
194,far,wardrobe,cat,0.2092057,-5.2573681,-5.4920855,2185.1812
220,far,wardrobe,truck,0.0069406762,-8.2791681,-8.286133,1566.7656
328,far,wardrobe,truck,0.0037856576,-8.2524691,-8.2562619,1148.1867
363,far,wardrobe,truck,0.0017294588,-9.7456684,-9.7473994,1270.1655
378,far,wardrobe,truck,0.50352436,-3.6857879,-4.3860088,2274.1608
647,far,wardrobe,cat,0.44599862,-4.3114176,-4.9020057,2474.3779
662,far,wardrobe,truck,0.28749922,-4.1968613,-4.5358355,2001.4708
734,far,wardrobe,truck,0.42794832,-6.0770288,-6.6355547,2810.8027
797,far,wardrobe,truck,0.0036377299,-8.8319864,-8.8356308,1187.2482
1002,far,wardrobe,truck,0.01112518,-7.366106,-7.3772936,872.05024
1362,far,wardrobe,truck,0.32690847,-4.434721,-4.830595,2156.4335
1415,far,wardrobe,truck,0.0040181713,-9.2462273,-9.2502535,1688.1474
1470,far,wardrobe,cat,0.36241115,-4.3833866,-4.8334482,2459.2556
1508,far,wardrobe,truck,0.01123058,-8.0660477,-8.0773418,1277.6499
1641,far,wardrobe,truck,0.0081090468,-7.8090029,-7.817145,1654.5358
1837,far,wardrobe,truck,0.083216436,-6.0828433,-6.1697272,1717.8566
1862,far,wardrobe,cat,0.1393131,-5.9307284,-6.0807529,2644.6497
1909,far,wardrobe,cat,0.4117468,-5.5949774,-6.1255752,2982.1983
1944,far,wardrobe,truck,0.00073728601,-10.885055,-10.885792,2024.8169
2134,far,wardrobe,truck,0.10311027,-7.1858525,-7.2946749,1975.4899
2432,far,wardrobe,truck,0.00094463736,-9.6374168,-9.6383619,1136.2908
2453,far,wardrobe,bird,0.34387069,-4.0508127,-4.4722101,2460.7661
2557,far,wardrobe,cat,0.65806563,-2.8095944,-3.8827308,2616.0079
2715,far,wardrobe,truck,0.004618336,-9.2997494,-9.3043784,1648.1174
2915,far,wardrobe,truck,0.2296077,-7.3390503,-7.5999057,2789.9924
3015,far,wardrobe,cat,0.06580784,-6.2318001,-6.2998732,2056.8718
3053,far,wardrobe,truck,0.30720068,-6.1268868,-6.4939017,2859.2526
3149,far,wardrobe,truck,0.00037039158,-9.9664936,-9.9668641,726.35991
3378,far,wardrobe,cat,0.0008398475,-9.3434534,-9.3442936,956.20357
3609,far,wardrobe,truck,0.57431342,-2.9340053,-3.7880572,2392.6354
3702,far,wardrobe,truck,0.019484338,-7.0756369,-7.0953135,1083.4948
3705,far,wardrobe,truck,0.00070895049,-9.910655,-9.9113642,1147.408
3787,far,wardrobe,cat,0.13124577,-6.0034308,-6.1441259,2211.4907
3806,far,wardrobe,bird,0.23109989,-4.7081347,-4.9709289,1890.5465
3853,far,wardrobe,truck,0.041035098,-7.7725844,-7.8144852,1812.1192
3924,far,wardrobe,truck,0.0081145257,-8.8086901,-8.8168377,1604.0987
4031,far,wardrobe,cat,0.01204839,-7.0618753,-7.0739969,1130.8213
4033,far,wardrobe,cat,0.35025526,-4.3327327,-4.7639084,2372.8762
4034,far,wardrobe,truck,0.091257037,-6.992744,-7.088437,2297.8161
4087,far,wardrobe,truck,0.11419351,-6.8537283,-6.974985,1989.2971
4171,far,wardrobe,horse,0.53436518,-3.2318671,-3.9962207,2802.6505
4208,far,wardrobe,truck,0.45803919,-6.3750172,-6.9875788,2840.0341
4245,far,wardrobe,cat,0.50827567,-3.4985564,-4.2083934,2533.7901
4382,far,wardrobe,cat,0.21622174,-6.0274363,-6.2710654,2202.498
4466,far,wardrobe,truck,0.3123918,-7.2373381,-7.6118741,2983.0277
4631,far,wardrobe,cat,0.083661068,-7.2664614,-7.3538303,1935.9398
4734,far,wardrobe,bird,0.46239486,-5.911489,-6.5321199,2894.3233
4910,far,wardrobe,truck,0.24857817,-3.9865534,-4.2723415,1714.8594
4933,far,wardrobe,truck,0.023139686,-6.875123,-6.8985346,1373.6411
4947,far,wardrobe,truck,0.14049082,-5.1126046,-5.2639984,1691.181
5082,far,wardrobe,cat,0.040663804,-8.7142239,-8.7557376,2847.2628
5215,far,wardrobe,cat,0.030822546,-7.2166333,-7.2479409,1800.1468
5333,far,wardrobe,truck,0.21554339,-5.350678,-5.593442,1955.7655
5387,far,wardrobe,ship,0.081553679,-5.2613368,-5.3464086,2132.0587
5428,far,wardrobe,truck,0.069730805,-7.4195819,-7.4918632,2103.3966
5565,far,wardrobe,cat,0.35032102,-6.2346859,-6.6659628,2923.6876
5587,far,wardrobe,truck,0.0075982748,-7.2276888,-7.2353161,748.74244
5643,far,wardrobe,truck,0.10667099,-5.8662076,-5.9790079,1442.1998
5666,far,wardrobe,cat,0.0053395044,-8.1019087,-8.1072625,1478.649
5825,far,wardrobe,truck,0.33626205,-5.1468377,-5.5567056,2281.0663
6046,far,wardrobe,truck,0.15128317,-6.4241748,-6.5882045,1950.6486
6161,far,wardrobe,truck,0.038464339,-5.8469248,-5.8861484,1303.4045
6204,far,wardrobe,cat,0.26228279,-4.9585867,-5.2627814,2236.4675
6237,far,wardrobe,truck,0.43216427,-3.5611789,-4.127102,1992.3149
6390,far,wardrobe,truck,0.0019717587,-8.7125092,-8.7144829,1146.7788
6413,far,wardrobe,truck,0.0038947135,-9.4193201,-9.4232224,1813.1184
6423,far,wardrobe,truck,0.028429577,-6.2607398,-6.2895813,1513.3768
6512,far,wardrobe,truck,0.0022654716,-8.1450996,-8.1473677,770.04794
6783,far,wardrobe,cat,0.066215392,-6.1167955,-6.185305,1924.0656
6809,far,wardrobe,truck,0.22794181,-4.8630819,-5.1217773,1882.2293
6823,far,wardrobe,cat,0.40613124,-3.1241202,-3.6452172,2149.6083
6863,far,wardrobe,truck,0.5399104,-4.1677151,-4.9440491,2679.4546
7123,far,wardrobe,truck,0.029978764,-6.6852374,-6.7156747,1200.5209
7171,far,wardrobe,truck,0.032870199,-8.5576668,-8.5910893,2126.7248
7285,far,wardrobe,truck,0.24033519,-6.0125456,-6.2874236,2966.407
7437,far,wardrobe,truck,0.50534965,-5.9241424,-6.6280465,3179.2259
7469,far,wardrobe,truck,0.013404215,-7.3760595,-7.3895544,1582.2602
7604,far,wardrobe,truck,0.012050019,-7.7770557,-7.7891789,1516.9605
7606,far,wardrobe,truck,0.39817917,-4.8672633,-5.3750588,2141.0212
7607,far,wardrobe,truck,0.014627906,-8.6819124,-8.6966484,1858.3263
7694,far,wardrobe,cat,0.090642371,-5.5369582,-5.631975,1528.7823
7828,far,wardrobe,truck,0.43575619,-5.3150411,-5.8873099,2341.9255
8236,far,wardrobe,truck,0.0006419285,-9.7471027,-9.7477449,1191.6914
8244,far,wardrobe,cat,0.33248069,-4.0541954,-4.4583824,2165.9187
8531,far,wardrobe,truck,0.022105848,-8.9479504,-8.9703042,2481.4156
8576,far,wardrobe,bird,0.3827633,-5.8368583,-6.319361,3727.4783
8740,far,wardrobe,cat,0.14870321,-4.9069576,-5.0679521,1541.1416
8757,far,wardrobe,cat,0.11336757,-6.173934,-6.2942588,2494.0872
8804,far,wardrobe,truck,0.15745251,-5.6624703,-5.8337956,2383.4455
8868,far,wardrobe,cat,0.4907913,-6.9035177,-7.578415,3032.5908
8889,far,wardrobe,truck,0.40475582,-4.6314435,-5.1502271,2057.7149
8930,far,wardrobe,bird,0.5412421,-4.3652067,-5.1444394,2800.7429
9059,far,wardrobe,truck,0.045726724,-6.7869062,-6.8337114,1592.7663
9149,far,wardrobe,truck,0.00080070774,-9.9075737,-9.9083747,1163.642
9186,far,wardrobe,truck,0.29601524,-7.2061491,-7.5571477,2641.4316
9212,far,wardrobe,horse,0.20122467,-4.5248179,-4.7494935,1548.354
9270,far,wardrobe,cat,0.028819107,-6.8644772,-6.8937197,1599.2617
9307,far,wardrobe,cat,0.012645998,-7.2753267,-7.2880534,1620.432
9657,far,wardrobe,cat,0.38641971,-4.2300363,-4.7184804,2683.6941
9734,far,wardrobe,cat,0.14628093,-5.2822289,-5.440382,1697.979
