index,group,fine_class,pred,u_msp,u_mls,u_energy,u_mahalanobis,u_proser
94,near,bus,truck,0.00057612851,-7.7573247,-7.757901,149.00906,-0.00024925016
193,near,bus,truck,0.0014575997,-7.2781897,-7.2796483,390.98892,-0.00021889565
619,near,bus,automobile,0.0092949874,-6.0141644,-6.0235029,666.84354,-0.00012361986
766,near,bus,truck,0.00083068994,-7.6183281,-7.6191591,331.67692,-0.00023537936
822,near,bus,truck,0.0041761863,-6.859633,-6.8638179,695.8675,-0.00021351674
957,near,bus,truck,0.0012844743,-7.7049885,-7.7062738,766.15751,-0.00023160525
1034,near,bus,truck,0.018091895,-5.0284476,-5.0467052,1283.1107,-0.00012810404
1143,near,bus,truck,0.015007393,-5.3235688,-5.33869,1559.0592,-9.87744e-05
1271,near,bus,truck,0.0027847809,-6.6430044,-6.6457931,276.45712,-0.00019353814
1427,near,bus,automobile,0.020836532,-5.1130533,-5.13411,742.06766,-5.0540116e-05
1445,near,bus,truck,0.00057516812,-7.997323,-7.9978984,292.79675,-0.0002695355
1478,near,bus,truck,0.0013602649,-7.4328918,-7.434253,516.771,-0.00023406346
1489,near,bus,truck,0.0065703843,-6.0021572,-6.0087493,1116.3834,-0.00017753234
1616,near,bus,horse,0.13965908,-4.2631688,-4.4135954,3024.1516,-7.2247712e-05
1662,near,bus,truck,0.00074782041,-7.6665077,-7.6672558,116.91118,-0.00025560481
1889,near,bus,truck,0.37860845,-2.3706875,-2.8464814,3867.0564,6.0901247e-05
1985,near,bus,automobile,0.0032709312,-6.5528769,-6.5561532,433.86819,-0.00018046103
2019,near,bus,automobile,0.49473181,-3.5545893,-4.2372552,2672.8699,0.00011682238
2203,near,bus,automobile,0.0072313509,-6.4168139,-6.4240715,618.91651,-0.0001408634
2484,near,bus,truck,0.0038604622,-6.7589459,-6.7628139,731.00135,-0.0001896738
2591,near,bus,truck,0.0020369118,-7.1031475,-7.1051865,351.79816,-0.00020199735
2665,near,bus,truck,0.00030038545,-8.4419193,-8.4422198,419.88481,-0.00034807949
2698,near,bus,automobile,0.034353063,-5.4139543,-5.4489113,1228.3863,-4.3688675e-05
2719,near,bus,truck,0.00052855778,-7.8685904,-7.8691191,164.65307,-0.00029447264
2832,near,bus,truck,0.0012886601,-7.4587421,-7.4600316,631.04602,-0.00025005006
2843,near,bus,truck,0.0029574946,-6.6416616,-6.6446235,569.2895,-0.00016764939
3026,near,bus,truck,0.00069887522,-7.6965728,-7.6972719,185.90785,-0.0002621525
3106,near,bus,truck,0.003029657,-6.6304331,-6.6334673,664.63784,-0.00017876374
3197,near,bus,truck,0.00080057151,-7.5664153,-7.5672162,161.5746,-0.00027485496
3236,near,bus,automobile,0.3888496,-3.6368239,-4.1292361,2309.0141,9.0068977e-05
3276,near,bus,truck,0.00052702961,-7.9137611,-7.9142883,155.37877,-0.00027132505
3478,near,bus,truck,0.17396066,-4.0537763,-4.2448891,2350.2673,8.4405948e-05
3564,near,bus,automobile,0.62779658,-2.5639238,-3.5522386,4001.2705,0.00013335664
3701,near,bus,truck,0.15973999,-4.9943962,-5.1684401,2116.6872,-3.3238101e-05
3755,near,bus,truck,0.00059902908,-7.8450012,-7.8456004,236.69239,-0.00024042534
3868,near,bus,automobile,0.24879512,-4.1410708,-4.4271477,2030.7699,3.4738237e-05
3887,near,bus,truck,0.0016297835,-7.1151371,-7.1167682,447.29927,-0.00023797853
3947,near,bus,truck,0.00914744,-5.9115863,-5.9207758,1436.5264,-0.00014789935
4104,near,bus,airplane,0.0011660085,-7.2495408,-7.2507075,475.65583,-0.0002492647
4129,near,bus,truck,0.32823934,-2.7466161,-3.1444693,2819.0752,0.00010778461
4173,near,bus,truck,0.00023621955,-8.7561522,-8.7563884,242.9776,-0.00032324281
4185,near,bus,truck,0.001250807,-7.302063,-7.3033146,258.10602,-0.00021999271
4201,near,bus,truck,0.10824914,-5.0205984,-5.1351669,3256.6478,-0.00012585654
4296,near,bus,truck,0.0014880914,-7.4079528,-7.409442,410.99911,-0.00018690614
4307,near,bus,truck,0.00032488513,-8.3632269,-8.3635518,383.09386,-0.00028852021
4426,near,bus,automobile,0.012850094,-5.6628466,-5.6757799,649.56273,-9.1320753e-05
4434,near,bus,truck,0.015458198,-5.129189,-5.1447679,1274.7909,-0.00011581083
4464,near,bus,truck,0.020236212,-5.2176623,-5.2381061,1219.514,-8.5860348e-05
4468,near,bus,truck,0.040031185,-5.3023496,-5.343204,1549.6638,-5.4361745e-05
4586,near,bus,automobile,0.019600194,-6.3824501,-6.4022449,1367.8629,-0.00012554127
4740,near,bus,truck,0.1641364,-3.376657,-3.5559468,2551.5014,4.7912959e-05
4756,near,bus,truck,0.60616936,-1.7156893,-2.6475236,4728.3295,0.00015530839
4788,near,bus,automobile,0.042467986,-5.4050241,-5.4484202,1205.6021,-5.8556748e-05
4808,near,bus,airplane,0.39124465,-3.8505642,-4.3469031,3655.6359,-7.2935261e-05
4998,near,bus,truck,0.021464485,-5.5843182,-5.6060164,1203.2247,-5.4932398e-05
5015,near,bus,truck,0.02038398,-5.6047902,-5.6253848,1298.6588,-8.4627837e-05
5020,near,bus,truck,0.43274984,-2.5950856,-3.1620405,3871.1299,0.00010611016
5064,near,bus,truck,0.0099398719,-5.7072964,-5.717286,863.95471,-8.4717837e-05
5163,near,bus,truck,0.0021352468,-6.9763613,-6.9784988,373.15266,-0.00019919668
5184,near,bus,truck,0.0042601688,-6.6223164,-6.6265856,585.5032,-0.00014982313
5201,near,bus,truck,0.00034886014,-8.9568977,-8.9572467,661.39212,-0.00032032371
5465,near,bus,truck,0.16171905,-3.3467603,-3.5231622,2637.085,3.2405927e-05
5634,near,bus,truck,0.0018571952,-6.9560905,-6.9579494,475.06678,-0.00024434731
5654,near,bus,automobile,0.0017273933,-6.8573627,-6.8590916,95.415678,-0.00020017192
5748,near,bus,truck,0.0027325356,-6.9576445,-6.9603807,488.46165,-0.00020871019
5853,near,bus,truck,0.00079116637,-7.8129768,-7.8137683,340.9242,-0.00024893774
5920,near,bus,truck,0.0035571688,-7.0360808,-7.0396443,853.23656,-0.00020728679
6116,near,bus,truck,0.0008263511,-8.1612406,-8.1620673,987.10905,-0.00027559851
6176,near,bus,truck,0.0098410595,-5.7527227,-5.7626125,898.39361,-0.00011624979
6303,near,bus,truck,0.28908377,-3.5137687,-3.8549693,3247.7335,6.6300337e-06
6339,near,bus,truck,0.00059917946,-8.0764542,-8.0770535,343.84206,-0.00026190905
6411,near,bus,truck,0.45425236,-3.2900994,-3.895698,3238.398,0.00014705364
6712,near,bus,truck,0.0066435275,-6.6355066,-6.6421723,1075.0869,-0.00015735267
6791,near,bus,ship,0.076439775,-4.5522089,-4.6317282,2113.2725,-2.2208842e-05
7133,near,bus,truck,0.00013520259,-9.0484428,-9.0485781,542.76193,-0.00038010364
7376,near,bus,truck,0.0045868407,-6.2389836,-6.243581,518.51843,-0.00015108739
7441,near,bus,truck,0.0015190037,-7.3533897,-7.3549099,425.53834,-0.00021442824
7508,near,bus,truck,0.001070195,-7.3202972,-7.321368,104.7437,-0.00023232437
7567,near,bus,truck,0.62597529,-2.5236564,-3.5070898,4434.2476,0.00016963221
7812,near,bus,truck,0.004372669,-6.6601152,-6.6644975,620.55416,-0.00016135073
7816,near,bus,truck,0.00090007241,-7.8451772,-7.8460777,357.80903,-0.00027102596
8023,near,bus,truck,0.36734492,-3.4547286,-3.9125585,3437.8234,5.4058608e-05
8085,near,bus,truck,0.00049883171,-8.003274,-8.0037729,421.67887,-0.00027180991
8126,near,bus,automobile,0.041700047,-5.211102,-5.2536965,1406.1544,-8.0777454e-05
8497,near,bus,truck,0.019468108,-4.7958646,-4.8155247,1541.8724,-0.00011152899
8596,near,bus,truck,0.01611172,-5.7382731,-5.7545161,1514.7298,-0.00014204286
8609,near,bus,truck,0.0013213863,-7.1753097,-7.1766319,321.90771,-0.00021183728
8655,near,bus,truck,0.00062986636,-7.7734337,-7.7740638,331.01423,-0.00029520174
8663,near,bus,truck,0.013862884,-5.536243,-5.5502028,1632.691,-0.0001422019
8717,near,bus,automobile,0.43067501,-3.1878824,-3.7511863,3265.3648,8.6730682e-05
8920,near,bus,truck,0.045823517,-4.3362942,-4.3832008,2085.8633,-1.9895493e-05
8958,near,bus,automobile,0.0015473004,-7.0663142,-7.0678627,135.13736,-0.00021536559
9027,near,bus,airplane,0.42195251,-2.6754801,-3.2235794,3278.9268,4.8856248e-05
9232,near,bus,truck,0.00044173254,-8.2849674,-8.2854093,331.6468,-0.00031800995
9252,near,bus,truck,0.147917,-5.6348844,-5.7949557,2627.895,-2.0968693e-05
9546,near,bus,truck,0.012597201,-6.2866416,-6.2993188,1610.2194,-0.00013131752
9572,near,bus,truck,0.0046429399,-6.2471814,-6.2518352,582.53697,-0.00016774743
9815,near,bus,automobile,0.037887949,-4.9379802,-4.9766045,1072.1251,-3.8541482e-05
9835,near,bus,truck,0.0005904681,-7.8161349,-7.8167256,228.6045,-0.0002487265
9930,near,bus,truck,0.051005399,-5.1973319,-5.2496841,1540.3329,-4.3615545e-05
36,near,pickup_truck,truck,0.0081927437,-5.6938391,-5.7020656,571.45405,-0.00011917631
47,near,pickup_truck,truck,0.11332193,-4.5590439,-4.6793172,2015.9046,-1.736556e-05
149,near,pickup_truck,automobile,0.0014729229,-7.1141596,-7.1156336,216.28223,-0.00025022266
150,near,pickup_truck,truck,0.00071653192,-7.6970496,-7.6977664,80.534676,-0.00027049117
156,near,pickup_truck,truck,0.0049242899,-7.12395,-7.1288865,1012.5502,-0.0001988534
196,near,pickup_truck,truck,0.22287479,-3.659193,-3.9113468,3709.5543,-1.1488888e-05
256,near,pickup_truck,truck,0.0053084926,-6.1790152,-6.1843378,554.60733,-0.00013286679
353,near,pickup_truck,automobile,0.0031065596,-6.7223186,-6.72543,522.73989,-0.00018823009
460,near,pickup_truck,automobile,0.002707567,-6.5920305,-6.5947418,310.06756,-0.00020668992
507,near,pickup_truck,truck,0.056310658,-4.4566503,-4.5146085,1710.7958,-8.5713949e-06
578,near,pickup_truck,automobile,0.020732832,-5.3583951,-5.3793459,847.94004,-6.1009566e-05
796,near,pickup_truck,truck,0.0013883822,-7.0782003,-7.0795897,159.32329,-0.00022571943
803,near,pickup_truck,automobile,0.0056276599,-6.1547217,-6.1603653,485.22039,-0.00016705493
1145,near,pickup_truck,truck,0.36365943,-4.3829331,-4.8349545,2935.9707,3.5830171e-05
1155,near,pickup_truck,truck,0.039563873,-5.3834181,-5.4237859,1572.7219,-6.7164618e-05
1212,near,pickup_truck,automobile,0.016556836,-5.5442133,-5.5609087,735.70379,-0.00010039607
1327,near,pickup_truck,automobile,0.0063233804,-6.383328,-6.3896714,618.74062,-0.00013607569
1491,near,pickup_truck,automobile,0.12376781,-3.9806666,-4.1127908,1540.465,3.0928696e-05
1568,near,pickup_truck,automobile,0.0021260264,-7.1368833,-7.1390115,269.28213,-0.00021652293
1913,near,pickup_truck,truck,0.003326256,-6.6641998,-6.6675316,653.81648,-0.00019081048
2012,near,pickup_truck,truck,0.036431081,-5.4209704,-5.4580817,1484.352,-5.0212004e-05
2100,near,pickup_truck,automobile,0.0012512819,-7.1690826,-7.1703347,182.04749,-0.00021900302
2321,near,pickup_truck,automobile,0.0036125098,-6.3033552,-6.3069743,332.99232,-0.0002039865
2396,near,pickup_truck,truck,0.48005758,-3.3355269,-3.9895642,2782.5863,9.9211794e-05
2421,near,pickup_truck,truck,0.007680296,-5.91151,-5.9192199,633.56072,-0.00012580508
2556,near,pickup_truck,automobile,0.4777835,-3.0458302,-3.6955033,2817.76,0.00010152308
2603,near,pickup_truck,automobile,0.002471444,-6.6448145,-6.647289,142.02489,-0.00017225044
2882,near,pickup_truck,automobile,0.0035419279,-6.7085586,-6.7121068,404.30452,-0.00017427998
3537,near,pickup_truck,truck,0.34683668,-4.0884695,-4.5143976,3090.158,5.7178803e-05
3630,near,pickup_truck,truck,0.024806217,-5.3941317,-5.4192507,1328.6492,-8.4964787e-05
3655,near,pickup_truck,automobile,0.054937133,-5.1089759,-5.1654797,1258.0436,-4.3591262e-05
3933,near,pickup_truck,automobile,0.014301187,-5.6371822,-5.6515867,891.27921,-0.00011520047
4316,near,pickup_truck,truck,0.017862139,-5.5619431,-5.5799666,1153.0048,-8.5769008e-05
4335,near,pickup_truck,truck,0.00065625735,-7.629437,-7.6300934,231.76245,-0.00025144348
4387,near,pickup_truck,truck,0.0077632345,-6.0094323,-6.0172258,1002.389,-0.00016797701
4463,near,pickup_truck,automobile,0.016869658,-5.7773857,-5.7943993,898.33854,-0.00013947123
4506,near,pickup_truck,automobile,0.00056158084,-7.9510293,-7.951591,336.04442,-0.00031295143
4515,near,pickup_truck,automobile,0.00065198064,-7.7491336,-7.7497858,188.91367,-0.00026552377
4588,near,pickup_truck,automobile,0.0021561814,-6.9303474,-6.932506,273.83337,-0.00017175184
4693,near,pickup_truck,automobile,0.002928848,-6.870461,-6.8733941,704.31461,-0.00024185995
4821,near,pickup_truck,automobile,0.012458305,-5.6762266,-5.6887632,1076.3966,-0.00013010636
4870,near,pickup_truck,automobile,0.0014297407,-7.0867062,-7.0881369,189.7137,-0.00021847307
4881,near,pickup_truck,automobile,0.012203513,-5.8804083,-5.8926869,621.39415,-0.00012612654
5008,near,pickup_truck,automobile,0.0022946147,-6.6806865,-6.6829837,70.610121,-0.00019256096
5009,near,pickup_truck,automobile,0.0029435008,-6.78897,-6.7919178,241.62142,-0.00019483622
5110,near,pickup_truck,automobile,0.0033802548,-6.9028802,-6.9062662,451.84257,-0.00020206386
5129,near,pickup_truck,automobile,0.12182004,-5.0269752,-5.1568789,1991.3399,-5.1164258e-05
5149,near,pickup_truck,truck,0.0016465549,-6.9557281,-6.957376,152.24869,-0.00022428324
5317,near,pickup_truck,automobile,0.098997609,-4.8730807,-4.9773281,1727.4817,-9.7893967e-06
5437,near,pickup_truck,automobile,0.056001902,-4.8561535,-4.9137846,1393.7915,-3.7781835e-05
5568,near,pickup_truck,truck,0.019260044,-5.4787264,-5.4981743,1088.1607,-6.8675909e-05
5715,near,pickup_truck,automobile,0.033475649,-5.3862309,-5.4202797,1073.7518,-5.7637104e-05
5732,near,pickup_truck,automobile,0.32005324,-3.134764,-3.5205047,3043.0873,8.6922013e-05
5736,near,pickup_truck,truck,0.27394197,-4.2595139,-4.5796392,2688.3387,4.5814557e-05
5738,near,pickup_truck,automobile,0.40399336,-2.6689131,-3.1864166,2814.0193,0.00015065929
5756,near,pickup_truck,automobile,0.0017605927,-7.121994,-7.1237562,219.24434,-0.0002038018
5893,near,pickup_truck,truck,0.12347581,-4.2464643,-4.3782552,2234.8702,3.5018166e-05
5932,near,pickup_truck,truck,0.029991565,-5.4095845,-5.440035,1281.9,-7.2058551e-05
6075,near,pickup_truck,automobile,0.0016212697,-7.0527701,-7.0543927,119.31652,-0.00024444741
6574,near,pickup_truck,automobile,0.0015058101,-7.1452742,-7.1467811,168.90951,-0.0002416711
6653,near,pickup_truck,automobile,0.0021052804,-7.0816755,-7.083783,306.55723,-0.00019082306
7119,near,pickup_truck,truck,0.024698715,-5.2618051,-5.2868139,1389.878,-8.4439797e-05
7131,near,pickup_truck,truck,0.043919846,-4.699842,-4.7447555,1581.4629,-4.8652333e-05
7207,near,pickup_truck,automobile,0.0046585162,-6.4147739,-6.4194433,402.69297,-0.00014589413
7389,near,pickup_truck,automobile,0.00073795203,-7.6897125,-7.6904507,297.04659,-0.00023187648
7559,near,pickup_truck,automobile,0.0027901357,-6.9444456,-6.9472396,491.39551,-0.0001842822
7570,near,pickup_truck,truck,0.14967997,-4.7348628,-4.8970053,2426.713,-1.0734936e-05
7658,near,pickup_truck,automobile,0.00046498791,-8.0939312,-8.0943963,142.65148,-0.00028881064
7823,near,pickup_truck,truck,0.061064546,-4.7925329,-4.8555415,2109.4952,-4.4089963e-05
7866,near,pickup_truck,automobile,0.18821959,-3.780045,-3.9885704,2309.3533,7.6792048e-05
7900,near,pickup_truck,automobile,0.0022705994,-6.7136064,-6.7158795,191.88385,-0.0001930911
7962,near,pickup_truck,truck,0.0052809927,-6.0724263,-6.0777213,511.53202,-0.00016377534
7994,near,pickup_truck,truck,0.5306061,-2.8387165,-3.5950295,3982.5451,4.1427336e-05
7999,near,pickup_truck,airplane,0.44757471,-2.5303266,-3.1237637,3483.5148,6.0890474e-05
8082,near,pickup_truck,automobile,0.0041102091,-6.3005152,-6.3046339,352.15815,-0.00017567532
8165,near,pickup_truck,automobile,0.17772773,-4.5787873,-4.774471,1923.1006,-1.4303805e-06
8219,near,pickup_truck,automobile,0.01733921,-5.1499538,-5.1674451,1099.5631,-0.00012038896
8391,near,pickup_truck,truck,0.069976428,-4.8721361,-4.9446815,1708.0784,-1.5740916e-05
8455,near,pickup_truck,automobile,0.0072330364,-6.0003209,-6.0075802,520.26117,-0.00014420325
8503,near,pickup_truck,truck,0.47181139,-4.0270329,-4.6653347,2814.3705,7.7651996e-05
8519,near,pickup_truck,truck,0.31850086,-3.0072274,-3.3906877,3543.8808,9.9832202e-05
8693,near,pickup_truck,automobile,0.019007544,-5.6535196,-5.6727101,1089.5365,-0.00010125874
8944,near,pickup_truck,automobile,0.07855885,-4.1727581,-4.2545745,2064.9836,-4.8387343e-05
8947,near,pickup_truck,truck,0.0010633355,-7.5807009,-7.5817648,688.23965,-0.00028074715
8953,near,pickup_truck,automobile,0.0019123358,-6.8157649,-6.8176791,269.05612,-0.00019191388
8966,near,pickup_truck,automobile,0.013220302,-5.7751112,-5.7884197,680.04687,-0.0001133538
9030,near,pickup_truck,truck,0.011569469,-5.6737175,-5.6853544,831.52318,-0.00013141869
9081,near,pickup_truck,automobile,0.00065324581,-7.8877702,-7.8884236,233.14525,-0.00029053866
9368,near,pickup_truck,truck,0.083846878,-3.7096887,-3.7972604,2117.0667,1.0771227e-05
9377,near,pickup_truck,automobile,0.016557629,-5.866374,-5.8830703,745.56536,-9.9927544e-05
9388,near,pickup_truck,automobile,0.0022048864,-6.7653728,-6.7675801,138.60742,-0.00019041752
9429,near,pickup_truck,automobile,0.067518838,-4.6695814,-4.7394877,1297.655,9.3424654e-07
9447,near,pickup_truck,automobile,0.00142197,-7.2160435,-7.2174665,235.3086,-0.00026455862
9504,near,pickup_truck,truck,0.0087660482,-5.6452813,-5.654086,943.2285,-0.00014855482
9662,near,pickup_truck,automobile,0.0060289828,-6.1096597,-6.1157069,400.13223,-0.00016604645
9676,near,pickup_truck,automobile,0.0026287394,-6.7145467,-6.7171789,208.52526,-0.00018765221
9871,near,pickup_truck,truck,0.031640175,-5.2736473,-5.3057988,1712.8661,-8.7889677e-05
9878,near,pickup_truck,automobile,0.0017963722,-6.9640527,-6.9658507,135.24348,-0.00021360506
9880,near,pickup_truck,truck,0.0037400329,-6.4464355,-6.4501825,363.14248,-0.00016664298
9927,near,pickup_truck,automobile,0.0013496032,-7.2307286,-7.2320791,112.29753,-0.00022943695
354,near,motorcycle,automobile,0.012241723,-5.8385711,-5.8508883,1934.3732,-0.00018694692
615,near,motorcycle,frog,0.057726161,-4.7244554,-4.7839147,1965.9238,-0.00012566198
626,near,motorcycle,automobile,0.069868012,-4.4815855,-4.5540143,2393.681,-0.00011783433
752,near,motorcycle,automobile,0.16242831,-2.9201982,-3.0974466,2198.5085,5.0161665e-05
790,near,motorcycle,automobile,0.31757239,-4.5408812,-4.92298,2861.362,-4.2979954e-05
923,near,motorcycle,automobile,0.076779964,-3.7779033,-3.857791,2336.3929,-6.2114712e-05
1023,near,motorcycle,truck,0.001308836,-7.2794018,-7.2807115,816.81835,-0.00028445724
1096,near,motorcycle,cat,0.38401296,-2.2103786,-2.694908,3265.5306,8.8988676e-05
1218,near,motorcycle,automobile,0.11039894,-3.8696334,-3.9866156,2534.3539,-7.0703047e-05
1321,near,motorcycle,truck,0.049903263,-5.2921314,-5.3433229,3069.9807,-0.00010138415
1404,near,motorcycle,cat,0.069897274,-4.346499,-4.4189592,1824.4854,-9.451763e-05
1463,near,motorcycle,automobile,0.033701775,-5.4521303,-5.4864131,3078.811,-0.00015704919
1464,near,motorcycle,truck,0.1305424,-3.7000134,-3.8398991,2215.637,2.8095617e-05
1671,near,motorcycle,automobile,0.38831952,-2.6274319,-3.1189771,4384.9709,5.7510003e-05
1812,near,motorcycle,automobile,0.068258595,-4.059536,-4.1302359,1682.2712,-1.9508541e-05
1829,near,motorcycle,automobile,0.32141564,-2.6109209,-2.9986674,3740.9114,5.2634281e-05
2033,near,motorcycle,airplane,0.45559004,-2.8989522,-3.507005,3123.6451,7.9404933e-05
2066,near,motorcycle,deer,0.049775332,-4.4086528,-4.4597096,1301.8876,3.8630066e-06
2072,near,motorcycle,truck,0.43867285,-3.3282864,-3.9057378,3703.9372,5.9152515e-05
2082,near,motorcycle,automobile,0.036205015,-5.0931153,-5.129992,1764.2141,-0.00015434332
2148,near,motorcycle,truck,0.3809561,-3.2370985,-3.7166775,3932.8755,3.8429171e-06
2242,near,motorcycle,automobile,0.44598226,-3.0597844,-3.650343,3069.7771,7.4877817e-05
3027,near,motorcycle,automobile,0.57923479,-2.3046978,-3.170378,3872.3949,7.0185507e-05
3054,near,motorcycle,airplane,0.0012170266,-7.519228,-7.5204457,934.47368,-0.00027862616
3111,near,motorcycle,airplane,0.38673906,-2.8640261,-3.3529908,3212.2097,3.6017696e-05
3240,near,motorcycle,automobile,0.18474201,-3.773066,-3.9773167,2932.1749,-4.3729252e-05
3256,near,motorcycle,truck,0.34842583,-2.3442042,-2.7725682,3664.7227,8.3861166e-05
3376,near,motorcycle,automobile,0.001454563,-7.1427875,-7.1442431,410.88466,-0.00025886874
3525,near,motorcycle,airplane,0.021431405,-4.9423938,-4.9640582,1549.1945,-0.00011466218
3558,near,motorcycle,automobile,0.020666141,-4.9105401,-4.9314228,1045.0686,-0.00010536376
3606,near,motorcycle,truck,0.025225338,-4.7299695,-4.7555185,1668.0262,-9.8987474e-05
3715,near,motorcycle,frog,0.34436442,-3.0911226,-3.5132728,3429.7857,-1.915702e-05
3732,near,motorcycle,truck,0.039581313,-5.2718792,-5.3122652,2690.0191,-9.5904017e-05
3748,near,motorcycle,cat,0.61229764,-1.8135384,-2.7610558,4256.6049,0.00016162825
3857,near,motorcycle,automobile,0.51964062,-2.7675269,-3.5007476,4478.732,0.00010516443
3893,near,motorcycle,airplane,0.033891817,-5.5758715,-5.6103509,2235.1762,-0.00016445773
4028,near,motorcycle,airplane,0.31420414,-2.7445643,-3.1217396,3241.9786,4.8107272e-05
4128,near,motorcycle,truck,0.12546922,-3.7105157,-3.8445835,2623.6509,-4.2129485e-05
4147,near,motorcycle,truck,0.57213182,-1.7607261,-2.6096662,4415.7611,0.00011403976
4461,near,motorcycle,airplane,0.13496232,-3.9141567,-4.0591389,2150.953,-2.9706168e-05
4487,near,motorcycle,airplane,0.42493525,-2.2313998,-2.7846724,3315.0214,8.3933673e-05
4892,near,motorcycle,automobile,0.068718742,-3.9322197,-4.0034137,3178.9695,-8.2938497e-05
4927,near,motorcycle,airplane,0.36134649,-2.6921141,-3.1405073,3517.0693,4.6996824e-05
4960,near,motorcycle,automobile,0.39639768,-3.1500564,-3.6548961,3282.1602,2.3962288e-05
5003,near,motorcycle,automobile,0.58169422,-2.1801696,-3.0517122,3829.4064,0.00010101499
5112,near,motorcycle,truck,0.14011324,-3.6922798,-3.8432344,3944.4484,-5.8527597e-05
5114,near,motorcycle,truck,0.097359273,-3.9182305,-4.0206612,2532.952,-4.0297528e-05
5162,near,motorcycle,truck,0.10289377,-4.0947618,-4.2033428,3416.4375,-6.1639645e-05
5175,near,motorcycle,truck,0.0095093179,-5.991601,-6.0011558,935.42002,-0.00013809174
5216,near,motorcycle,horse,0.26872807,-2.4639046,-2.7768745,3294.3646,1.342801e-05
5311,near,motorcycle,frog,0.32364187,-2.9697025,-3.360735,3646.6246,4.8135927e-05
5342,near,motorcycle,frog,0.57068971,-2.0968773,-2.9424527,4025.7127,0.00011688687
5350,near,motorcycle,truck,0.0026809782,-6.5308185,-6.533503,322.54235,-0.00020844263
5430,near,motorcycle,truck,0.015305369,-5.5402474,-5.5556711,1684.2332,-0.00015775102
5460,near,motorcycle,automobile,0.034869885,-4.8465514,-4.8820438,2255.815,-0.00010754664
5469,near,motorcycle,truck,0.21341105,-3.80774,-4.0477894,4445.7643,-3.1796316e-05
5486,near,motorcycle,automobile,0.0048871569,-6.5054159,-6.5103151,1813.8723,-0.00021182837
5572,near,motorcycle,automobile,0.045703968,-5.3070798,-5.3538611,1596.7508,-7.5193698e-05
5612,near,motorcycle,airplane,0.4807041,-2.781389,-3.4366704,2933.1045,6.0689865e-05
5650,near,motorcycle,automobile,0.13255791,-3.6714332,-3.8136397,2662.3271,-2.3894819e-06
5691,near,motorcycle,cat,0.55923469,-1.879912,-2.6991547,3293.7595,0.00013247337
6022,near,motorcycle,truck,0.028640585,-4.9576731,-4.9867318,2240.4585,-0.00013245879
6144,near,motorcycle,truck,0.28649466,-3.240725,-3.5782904,5100.2539,2.3551109e-05
6279,near,motorcycle,automobile,0.088497075,-3.5980866,-3.6907471,1964.7804,2.8559884e-06
6343,near,motorcycle,truck,0.0062725682,-6.4284801,-6.4347725,1488.8926,-0.0002269527
6382,near,motorcycle,automobile,0.025381741,-5.3386989,-5.3644083,1600.8111,-0.00011795804
6416,near,motorcycle,automobile,0.097165804,-4.2734103,-4.3756267,2603.2333,-8.1042354e-05
6449,near,motorcycle,automobile,0.049427769,-4.5265231,-4.5772142,2286.2783,-4.7506089e-05
6547,near,motorcycle,automobile,0.0034898276,-6.4312773,-6.4347732,1283.3117,-0.00024392076
6730,near,motorcycle,automobile,0.52137816,-2.0633624,-2.8002068,5459.8796,8.6657984e-05
6914,near,motorcycle,truck,0.051126065,-4.1925945,-4.2450739,2453.1549,-9.6435813e-05
6954,near,motorcycle,truck,0.036797316,-4.6771359,-4.7146274,2034.9243,-6.9038719e-05
7109,near,motorcycle,automobile,0.26083437,-4.7059035,-5.0081368,3346.5299,-3.9812237e-05
7110,near,motorcycle,airplane,0.017498891,-5.362926,-5.3805798,2024.7992,-0.00016216146
7160,near,motorcycle,automobile,0.11856083,-3.8443372,-3.9705365,4126.5425,1.837499e-05
7209,near,motorcycle,truck,0.54920755,-3.0689445,-3.8656927,5465.2425,3.2348497e-05
7249,near,motorcycle,automobile,0.58265029,-2.8327682,-3.706599,3543.7188,0.00010535497
7289,near,motorcycle,truck,0.22722571,-2.4632881,-2.7210563,2753.6521,7.0217006e-05
7471,near,motorcycle,cat,0.14828998,-3.0883839,-3.2488931,2351.5395,2.4377337e-05
7489,near,motorcycle,truck,0.65152976,-1.650544,-2.7047465,4379.6544,0.00015358351
7569,near,motorcycle,automobile,0.12522668,-3.7697921,-3.9035826,2643.4097,-3.6196651e-06
7640,near,motorcycle,automobile,0.013412573,-5.5737319,-5.5872352,2725.5921,-0.00016134339
7806,near,motorcycle,automobile,0.07541653,-4.5624237,-4.6408357,2062.7798,-1.7324232e-05
7871,near,motorcycle,truck,0.24306516,-3.6717303,-3.9502084,4027.4091,2.3350475e-05
8183,near,motorcycle,truck,0.53835774,-1.716462,-2.489427,4696.5383,0.00012638691
8257,near,motorcycle,automobile,0.62029224,-1.46013,-2.4284833,4854.0241,0.00013487958
8300,near,motorcycle,automobile,0.5041121,-2.5323937,-3.2337991,3242.2198,8.9871442e-05
8457,near,motorcycle,truck,0.15012011,-4.3152466,-4.4779068,3269.1491,-3.5585683e-05
8460,near,motorcycle,automobile,0.20918671,-3.2596941,-3.4943875,4397.2979,-3.9143358e-06
8627,near,motorcycle,automobile,0.11248085,-4.3871312,-4.5064564,2372.0479,-5.3651444e-05
8763,near,motorcycle,automobile,0.30229236,-4.0333676,-4.3933228,3738.4174,-4.4543004e-05
8929,near,motorcycle,truck,0.14911009,-3.4351194,-3.5965919,5005.6274,-1.7824657e-05
8981,near,motorcycle,truck,0.24284518,-3.8076253,-4.0858128,3741.3778,-1.9360664e-05
9007,near,motorcycle,airplane,0.012620142,-5.3372803,-5.3499807,1062.5472,-6.0783196e-05
9017,near,motorcycle,automobile,0.0072166165,-6.3060489,-6.3132917,1523.195,-0.00023595762
9205,near,motorcycle,automobile,0.032305771,-4.9896798,-5.0225189,2274.3048,-9.7379159e-05
9276,near,motorcycle,airplane,0.11858966,-4.3586001,-4.4848321,4181.1853,-6.2312024e-05
9345,near,motorcycle,truck,0.16049344,-4.5790348,-4.7539758,2875.6256,4.0773831e-05
9654,near,motorcycle,automobile,0.17458292,-3.5114455,-3.703312,4137.0544,-6.2017011e-05
9833,near,motorcycle,automobile,0.7059236,-0.74341536,-1.967331,4190.5881,0.00014945717
85,near,tractor,truck,0.15810139,-3.4658797,-3.6379754,2616.5462,-1.8749971e-05
230,near,tractor,ship,0.20577955,-2.8577259,-3.0881201,4351.4229,-8.4516475e-07
262,near,tractor,truck,0.21532999,-2.9481134,-3.1906055,2685.1994,8.3204305e-05
283,near,tractor,truck,0.003814378,-6.2098031,-6.2136248,536.39091,-0.0001872838
299,near,tractor,automobile,0.010046021,-6.0259166,-6.0360134,1240.8238,-0.00017176027
321,near,tractor,truck,0.0079004462,-5.7192841,-5.7272159,992.9934,-0.00017165367
366,near,tractor,deer,0.42872728,-2.1922035,-2.7520921,4099.571,6.6397075e-05
409,near,tractor,truck,0.060863292,-4.5838571,-4.6466513,3092.6551,-6.7806642e-05
498,near,tractor,deer,0.59062241,-1.7250023,-2.6181196,3911.9529,0.00010545881
652,near,tractor,truck,0.016644793,-5.3928971,-5.409682,2318.696,-0.00011974461
921,near,tractor,truck,0.0086739299,-5.5905709,-5.5992827,625.68802,-0.00012763812
995,near,tractor,truck,0.015186103,-5.1666136,-5.1819162,992.86531,-0.00012872128
1081,near,tractor,truck,0.088793248,-4.5740676,-4.667053,2080.014,-4.6607952e-05
1181,near,tractor,cat,0.22334829,-2.7948933,-3.0476565,2546.3021,2.2193268e-05
1260,near,tractor,truck,0.0013530811,-7.1124744,-7.1138284,218.81768,-0.00023828164
1261,near,tractor,truck,0.061735555,-4.3100796,-4.373803,2144.2949,-3.2449505e-05
1753,near,tractor,truck,0.30313653,-3.2349255,-3.5960913,3915.7481,-2.0967558e-05
1864,near,tractor,truck,0.014189899,-5.3811011,-5.3953927,1231.5165,-0.00014945571
1881,near,tractor,truck,0.15691276,-3.2222347,-3.3929196,3771.8816,-3.0657613e-05
1976,near,tractor,truck,0.0061092312,-6.0420203,-6.0481483,1313.7033,-0.00014265221
2029,near,tractor,truck,0.005574104,-5.9858956,-5.9914853,832.46634,-0.00018445803
2101,near,tractor,ship,0.32944851,-2.5674608,-2.9671156,4263.1896,3.2143998e-05
2123,near,tractor,truck,0.01291698,-5.1898928,-5.2028939,698.69673,-0.00010190925
2144,near,tractor,truck,0.014430435,-5.2349358,-5.2494713,912.34893,-9.2880784e-05
2171,near,tractor,truck,0.52778031,-1.6764289,-2.4267399,4023.9364,0.00012785839
2503,near,tractor,deer,0.32592234,-3.4207151,-3.8151251,2750.5882,1.0600845e-05
2569,near,tractor,truck,0.42011901,-3.1259465,-3.6708789,2694.0554,9.4343e-05
2624,near,tractor,truck,0.0026540043,-6.5955429,-6.5982004,1264.8301,-0.00025254712
2675,near,tractor,truck,0.25742865,-2.7359865,-3.0336228,3803.6751,1.4799739e-05
2871,near,tractor,truck,0.017104425,-5.2726088,-5.2898612,1179.5341,-0.00011665436
2911,near,tractor,ship,0.013001562,-5.2769151,-5.2900019,1748.8309,-0.00014131077
2956,near,tractor,truck,0.0023724643,-6.8903961,-6.8927714,482.25895,-0.00021778884
2992,near,tractor,ship,0.049453127,-5.2910557,-5.3417735,1684.5035,-6.1274674e-05
3177,near,tractor,truck,0.0054776239,-6.1758699,-6.1813626,749.0056,-0.00019919061
3412,near,tractor,truck,0.27188795,-2.5696864,-2.8869867,3442.5176,4.4413174e-05
3484,near,tractor,truck,0.0013118923,-7.2896986,-7.2910114,459.90589,-0.00025460794
3532,near,tractor,truck,0.0036539407,-6.2824221,-6.2860827,422.24754,-0.00017219168
3840,near,tractor,truck,0.073106872,-4.2693548,-4.3452718,2208.4655,-4.1410645e-05
3913,near,tractor,truck,0.013657742,-5.9536891,-5.967441,2232.5123,-0.00013586814
4027,near,tractor,truck,0.12919714,-4.9095478,-5.0478875,1903.3398,6.5719476e-06
4109,near,tractor,truck,0.46819295,-2.3798635,-3.011338,3641.6966,9.8825674e-05
4404,near,tractor,airplane,0.057333373,-4.6882372,-4.7472798,1836.0712,-9.8348912e-05
4517,near,tractor,frog,0.56877549,-1.6196377,-2.4607642,2761.8034,0.00013286587
4610,near,tractor,truck,0.062302271,-4.3435435,-4.4078712,1768.168,-3.948828e-05
4663,near,tractor,truck,0.013955573,-5.4736938,-5.4877477,1248.9065,-0.00013107692
4691,near,tractor,truck,0.0033360155,-6.4626656,-6.4660072,454.72076,-0.00018774171
4731,near,tractor,truck,0.30644506,-3.2445941,-3.6105189,3502.4783,-2.5897549e-05
5025,near,tractor,ship,0.25893968,-3.561007,-3.8606803,2386.9111,6.0290861e-05
5141,near,tractor,airplane,0.40412466,-3.2101173,-3.7278411,2823.143,6.2944269e-05
5182,near,tractor,ship,0.038748653,-4.4586954,-4.4982148,1592.1863,-9.0737548e-05
5189,near,tractor,automobile,0.060305488,-4.6354833,-4.6976837,2052.6542,-5.9631635e-05
5287,near,tractor,truck,0.54436035,-2.5406287,-3.3266817,3634.4936,9.7555616e-05
5314,near,tractor,horse,0.64664102,-1.5343089,-2.5745797,3616.5991,0.00020080662
5327,near,tractor,deer,0.24447546,-3.7102647,-3.9906077,2870.9423,8.124032e-05
5445,near,tractor,truck,0.0094180785,-6.1015248,-6.1109875,1015.1889,-0.00014158016
5495,near,tractor,truck,0.0028929587,-6.6592159,-6.6621131,654.0296,-0.00018322697
5550,near,tractor,truck,0.0063977093,-6.1742926,-6.1807108,1208.2795,-0.00020058513
5696,near,tractor,truck,0.011428387,-5.6112161,-5.6227103,1061.0362,-0.00010597963
5818,near,tractor,truck,0.54218818,-1.8763174,-2.6576144,4077.6362,0.00016572994
6063,near,tractor,truck,0.3773816,-2.4110398,-2.8848613,3774.6568,9.5288409e-05
6360,near,tractor,automobile,0.0079904829,-5.9590011,-5.9670236,646.08334,-0.00015982717
6379,near,tractor,airplane,0.076822176,-4.2716579,-4.3515913,2811.0655,-8.6240706e-05
6398,near,tractor,automobile,0.079279335,-4.256422,-4.3390206,1749.1406,-3.4690968e-05
6430,near,tractor,truck,0.0092998924,-6.3995562,-6.4088996,999.29921,-0.00016221599
6546,near,tractor,truck,0.79272949,-0.39545637,-1.9691869,4080.8278,0.00025453327
6807,near,tractor,truck,0.0057559406,-5.9496279,-5.9554004,562.89383,-0.00016911982
6866,near,tractor,truck,0.0054959269,-6.1980066,-6.2035177,2092.6202,-0.00023784647
6930,near,tractor,truck,0.0013461621,-7.1155586,-7.1169057,728.76183,-0.00026802717
7006,near,tractor,truck,0.074035882,-3.7451224,-3.8220422,1774.9606,-2.176605e-05
7086,near,tractor,truck,0.0026191858,-7.08676,-7.0893827,877.09314,-0.00021270469
7146,near,tractor,truck,0.61126207,-1.9537083,-2.8985581,4302.7662,0.00020232903
7388,near,tractor,ship,0.45470553,-2.3749819,-2.9814112,4266.217,9.2501035e-05
7507,near,tractor,truck,0.0074078155,-6.1161222,-6.1235576,1909.2882,-0.00022084157
7590,near,tractor,truck,0.19087849,-3.3806503,-3.5924565,2643.0947,5.7098482e-05
7643,near,tractor,truck,0.50156151,-2.0328906,-2.7291656,3472.0952,0.00012136225
7660,near,tractor,truck,0.33959225,-2.7726688,-3.1875667,4269.366,5.8250561e-05
7736,near,tractor,ship,0.47989552,-3.0866084,-3.740334,3254.6295,5.7473889e-05
7829,near,tractor,deer,0.21804565,-2.7965479,-3.0425068,2276.2192,4.87415e-05
7884,near,tractor,ship,0.0044071857,-6.2302613,-6.2346783,567.56292,-0.00016847737
8026,near,tractor,airplane,0.30621255,-3.7049003,-4.0704899,3962.6973,-6.5395616e-05
8141,near,tractor,ship,0.19421015,-4.490324,-4.7062563,2144.0054,3.7032654e-05
8169,near,tractor,truck,0.054770613,-4.1689415,-4.2252691,2013.3511,-4.0579965e-05
8258,near,tractor,truck,0.058374097,-4.5105453,-4.5706925,2196.5018,-6.3118841e-05
8329,near,tractor,truck,0.03469747,-4.7962179,-4.8315316,1562.2938,-7.082438e-05
8580,near,tractor,truck,0.054655665,-4.8613424,-4.9175485,1595.7405,-1.1431107e-05
8906,near,tractor,airplane,0.060936134,-4.1156497,-4.1785215,2092.1434,-5.4794672e-05
8942,near,tractor,ship,0.44861793,-2.2675934,-2.8629207,3873.9018,6.5309707e-05
8996,near,tractor,ship,0.00032358689,-8.4455338,-8.4458574,289.99679,-0.00032680661
9019,near,tractor,truck,0.0014348913,-7.0033717,-7.0048076,267.56635,-0.00022133704
9039,near,tractor,truck,0.0056366405,-6.1561646,-6.1618172,1509.2361,-0.00017235148
9203,near,tractor,truck,0.0014542122,-7.3165975,-7.3180527,730.59533,-0.00028211353
9259,near,tractor,truck,0.0084226292,-5.7868633,-5.7953216,1149.7086,-0.00017015728
9288,near,tractor,truck,0.0090927412,-5.4142728,-5.4234071,527.85793,-0.00011562001
9395,near,tractor,deer,0.70233562,-0.84587407,-2.0576627,4573.5568,0.00016379828
9673,near,tractor,truck,0.23390385,-2.95049,-3.2169376,2739.3257,2.5388977e-05
9704,near,tractor,truck,0.020710062,-5.7136621,-5.7345897,1044.0371,-0.00010831745
9708,near,tractor,truck,0.18762523,-3.489229,-3.6970225,2856.4494,-2.173758e-05
9807,near,tractor,automobile,0.14136635,-4.2305717,-4.3829847,1921.1994,1.102712e-05
9922,near,tractor,bird,0.086617859,-3.6750686,-3.7656695,2210.6242,-6.0101116e-05
9969,near,tractor,truck,0.044299213,-4.3378692,-4.3831796,2016.9043,-7.7418343e-05
17,near,wolf,cat,0.053515467,-5.2837992,-5.3387998,2163.1656,-0.00017388211
214,near,wolf,cat,0.0033187354,-6.1879501,-6.1912744,404.84241,-0.00022825736
255,near,wolf,dog,0.39658978,-3.699362,-4.20452,3047.0813,-1.0063854e-05
471,near,wolf,cat,0.013393937,-5.2997117,-5.3131961,965.2539,-0.00017820977
632,near,wolf,cat,0.036018706,-5.3207917,-5.3574751,2031.4875,-0.00021957734
653,near,wolf,cat,0.031582718,-4.5703797,-4.6024719,1294.1266,-0.00014523985
684,near,wolf,cat,0.48219762,-3.2530503,-3.9112119,4090.9486,3.7769759e-06
712,near,wolf,dog,0.37746775,-3.1186585,-3.5926184,3193.6807,4.0477478e-05
720,near,wolf,dog,0.00062309659,-7.9802823,-7.9809056,599.6723,-0.00030422693
809,near,wolf,dog,0.0026357363,-7.0485606,-7.0511998,566.79133,-0.00019510351
897,near,wolf,cat,0.00053340652,-7.6712403,-7.6717739,359.00135,-0.00029534606
939,near,wolf,cat,0.012559474,-5.9315681,-5.9442072,1643.7741,-0.00019818288
1026,near,wolf,dog,0.085354689,-4.1979423,-4.2871612,1773.5547,-4.3014923e-05
1345,near,wolf,cat,0.0013134671,-6.9987049,-7.0000192,721.60301,-0.00023965066
1519,near,wolf,dog,0.0022617959,-7.0655799,-7.0678442,779.48779,-0.00024472827
1752,near,wolf,cat,0.029169268,-5.0435953,-5.0731985,1011.4822,-0.00015313881
1937,near,wolf,cat,0.15743489,-4.170464,-4.3417684,2966.7324,-0.00010107224
2064,near,wolf,dog,0.024765709,-5.0078139,-5.0328915,1200.1671,-6.5177547e-05
2102,near,wolf,bird,0.011718718,-6.0204167,-6.0322047,684.72252,-0.0001050514
2219,near,wolf,dog,0.0015821329,-7.0767674,-7.0783508,336.371,-0.0002672679
2337,near,wolf,horse,0.055494233,-4.0996614,-4.1567548,2689.7518,-8.7918361e-05
2340,near,wolf,cat,0.0084084714,-5.5777006,-5.5861446,1005.0019,-0.00019755125
2618,near,wolf,dog,0.14660116,-3.3309851,-3.4895133,2268.8159,2.5295789e-05
2826,near,wolf,deer,0.0061306069,-6.091207,-6.0973565,1033.9996,-0.00020187285
2835,near,wolf,dog,0.03988272,-4.8984909,-4.9391907,1399.3973,-8.3200435e-05
2842,near,wolf,cat,0.06501849,-4.6656528,-4.7328813,1410.4426,-0.00010103408
2933,near,wolf,cat,0.046543151,-4.0902023,-4.1378634,1855.1601,-0.000143713
2986,near,wolf,deer,0.18829597,-3.5744083,-3.7830278,2467.2947,0.00011532574
3219,near,wolf,cat,0.021193173,-5.1692243,-5.1906452,2061.1068,-0.00020764117
3487,near,wolf,cat,0.0017928537,-6.8718138,-6.8736082,798.14137,-0.00028175201
3538,near,wolf,dog,0.0034782176,-6.6225915,-6.6260758,443.92809,-0.00020175264
3613,near,wolf,dog,0.005633079,-6.5302596,-6.5359086,453.79181,-0.00014936345
3663,near,wolf,cat,0.012787173,-5.2430215,-5.2558911,771.70245,-0.00017402255
3731,near,wolf,dog,0.0028487893,-6.5615392,-6.564392,484.1923,-0.0002298129
3747,near,wolf,cat,0.049702979,-4.1421328,-4.1931134,1492.0525,-0.00011913112
3817,near,wolf,dog,0.098427974,-4.4392757,-4.5428911,2334.6963,-3.6320535e-05
3849,near,wolf,cat,0.35201207,-2.9372232,-3.3711064,3509.4713,4.8569392e-06
3877,near,wolf,cat,0.00093402743,-7.3004169,-7.3013514,1008.9448,-0.00026843876
3886,near,wolf,dog,0.0026978597,-6.9654751,-6.9681766,455.70617,-0.00018692857
3927,near,wolf,cat,0.02784032,-4.6166806,-4.6449158,1722.6669,-0.00016815759
4153,near,wolf,cat,0.045644426,-4.3101277,-4.3568467,2155.8487,-0.0001539949
4225,near,wolf,bird,0.46749103,-2.8614509,-3.4916065,2745.8126,8.0820092e-05
4283,near,wolf,cat,0.035335003,-4.3981504,-4.4341248,1396.0485,-0.00011439706
4285,near,wolf,dog,0.0013800722,-7.3291349,-7.330516,1127.7546,-0.00024610425
4294,near,wolf,deer,0.11046439,-4.2039137,-4.3209694,1703.0151,-1.1632276e-05
4378,near,wolf,dog,0.3993116,-4.204762,-4.7144409,3344.1931,2.5955304e-06
4470,near,wolf,cat,0.0053973581,-5.7458596,-5.7512716,348.0024,-0.00020208212
4602,near,wolf,dog,0.0020459438,-7.0380421,-7.0400901,584.41216,-0.00026225745
5031,near,wolf,cat,0.10689586,-3.9931507,-4.1062028,2158.8735,-2.6114555e-05
5078,near,wolf,dog,0.00076495496,-7.677752,-7.6785173,251.71244,-0.00026009225
5291,near,wolf,dog,0.16084036,-4.728683,-4.9040373,2479.4716,-3.0975107e-05
5408,near,wolf,cat,0.14963271,-3.560204,-3.7222909,2948.9278,2.2989367e-06
5425,near,wolf,dog,0.0005569183,-7.9531322,-7.9536892,242.96839,-0.00030310602
5781,near,wolf,cat,0.0047425487,-5.875155,-5.8799088,373.28145,-0.00020907811
5911,near,wolf,cat,0.56596807,-1.8986311,-2.7332683,4181.7123,0.00014006959
5912,near,wolf,cat,0.41075207,-2.0543456,-2.5832539,3738.9099,4.844577e-05
6010,near,wolf,deer,0.0041775323,-6.8616338,-6.8658201,1348.1239,-9.1166252e-05
6132,near,wolf,cat,0.0090255532,-5.5522871,-5.5613536,1056.1784,-0.00022228759
6160,near,wolf,cat,0.1960118,-3.1894743,-3.407645,2578.7884,-4.7865999e-05
6178,near,wolf,dog,0.0061947672,-5.9922519,-5.9984659,976.00358,-0.00021326699
6324,near,wolf,cat,0.50908197,-3.3465509,-4.058029,3782.2674,-5.4817735e-05
6433,near,wolf,cat,0.011187119,-5.3771486,-5.3883988,944.96632,-0.00017473853
6447,near,wolf,cat,0.11978551,-4.4434624,-4.571052,2997.558,-3.1887792e-05
6528,near,wolf,dog,0.44312109,-3.3448777,-3.9302852,3767.9552,4.7757851e-05
6552,near,wolf,cat,0.0020049827,-6.7331958,-6.7352028,484.40375,-0.00025962177
6561,near,wolf,cat,0.20926136,-2.9959569,-3.2307447,3275.7484,-1.6772487e-07
6652,near,wolf,dog,0.30121364,-3.5894353,-3.9478456,3632.5851,4.9990271e-05
6746,near,wolf,cat,0.25060294,-3.7384214,-4.0269078,3085.7896,-1.0915478e-05
6967,near,wolf,dog,0.0021062036,-7.0641551,-7.0662635,401.53512,-0.00022918601
7028,near,wolf,cat,0.0029744221,-6.426187,-6.4291659,681.54821,-0.00026472322
7087,near,wolf,cat,0.0051662504,-6.1455188,-6.1506984,1009.12,-0.00023669986
7125,near,wolf,cat,0.0045479761,-6.2197709,-6.2243293,939.05411,-0.00026488391
7135,near,wolf,dog,0.00026679817,-8.5435286,-8.5437954,348.77194,-0.00034362439
7308,near,wolf,dog,0.017957368,-5.6839609,-5.7020815,1045.5568,-0.0001602311
7375,near,wolf,cat,0.012646289,-5.0592113,-5.0719382,1081.2541,-0.00019594553
7472,near,wolf,horse,0.017017815,-5.0399828,-5.0571471,1154.1417,-0.00018295946
7561,near,wolf,bird,0.19580815,-4.1670117,-4.3849292,2685.1188,-7.2682588e-05
7582,near,wolf,deer,0.12172781,-3.6853511,-3.8151499,2077.5742,2.2869754e-05
7650,near,wolf,dog,0.32741552,-2.421957,-2.8185846,2663.904,0.00012015204
7752,near,wolf,cat,0.006542528,-5.6641264,-5.6706904,704.94261,-0.00021605981
7875,near,wolf,cat,0.39388901,-2.7247713,-3.2254634,3347.1632,5.8889487e-05
7980,near,wolf,dog,0.00085520155,-7.6351137,-7.6359693,465.80344,-0.0003003799
8101,near,wolf,cat,0.24171642,-3.6800706,-3.9567685,3047.8573,-3.2605788e-05
8407,near,wolf,cat,0.011887901,-5.4816332,-5.4935923,1433.4721,-0.00020433091
8418,near,wolf,cat,0.0081877264,-5.8613424,-5.8695639,1134.0107,-0.00021095385
8535,near,wolf,dog,0.47934192,-3.5583498,-4.2110116,3224.0438,-5.79656e-06
8634,near,wolf,cat,0.0068146427,-6.1265593,-6.1333972,1207.7686,-0.00021278118
8713,near,wolf,dog,0.0014842592,-7.1477842,-7.1492696,244.90105,-0.00023756738
8918,near,wolf,dog,0.5778019,-1.8334041,-2.6956847,3582.4089,9.8010705e-05
8960,near,wolf,cat,0.51435451,-2.6256819,-3.3479582,3231.2764,6.7307816e-05
9231,near,wolf,cat,0.00081559451,-7.45679,-7.4576059,794.83075,-0.00031643473
9317,near,wolf,cat,0.012701058,-5.4662647,-5.4790471,1427.8717,-0.00018217831
9346,near,wolf,dog,0.032624584,-4.8746328,-4.9078015,1691.9784,-0.00013142194
9587,near,wolf,cat,0.0010727458,-7.1001663,-7.1012396,274.12329,-0.0002991466
9768,near,wolf,cat,0.026865699,-4.8317928,-4.859026,1710.4059,-0.00017765877
9790,near,wolf,cat,0.00097932668,-7.2394075,-7.2403873,294.35121,-0.00029320674
9886,near,wolf,dog,0.020132755,-5.1805043,-5.2008425,1925.7601,-0.00018444983
9942,near,wolf,dog,0.20213723,-3.2930417,-3.5188604,2599.6843,-3.4684817e-06
9948,near,wolf,dog,0.38442638,-3.062011,-3.5472117,3102.1257,8.9325394e-05
9965,near,wolf,dog,0.02770775,-4.8559012,-4.8840001,1232.9259,-8.0914588e-05
242,near,fox,horse,0.032071438,-5.087647,-5.120244,1344.4296,-0.00015854021
338,near,fox,dog,0.010103165,-6.5228786,-6.5330332,1132.6524,-0.00016875771
351,near,fox,cat,0.00029688518,-8.3826017,-8.3828987,604.25821,-0.00035541473
669,near,fox,cat,0.054778263,-4.8338337,-4.8901694,1963.4768,-9.524953e-05
959,near,fox,dog,0.11533181,-4.5770073,-4.6995499,2571.009,1.2718858e-05
969,near,fox,cat,0.015143354,-5.4171724,-5.4324316,1419.0662,-0.0001607684
1133,near,fox,deer,0.013776711,-5.0702929,-5.0841654,766.00519,-0.00010464945
1227,near,fox,cat,0.084196618,-4.0750718,-4.1630254,2893.4165,2.7904732e-05
1320,near,fox,deer,0.21703733,-3.9213052,-4.1659754,2213.2654,5.1711794e-05
1403,near,fox,deer,0.25906889,-4.3445039,-4.6443515,3255.6271,4.1296353e-05
1425,near,fox,deer,0.087573187,-4.5059919,-4.5976393,2313.2029,-0.00012062728
1432,near,fox,cat,0.11867424,-4.1531606,-4.2794885,2828.0451,-3.4238288e-05
1498,near,fox,cat,0.058245833,-4.5048766,-4.5648876,2183.4751,-0.00010288822
1645,near,fox,dog,0.4179107,-3.4234507,-3.9645821,2392.3885,8.4205245e-05
1698,near,fox,deer,0.0090764279,-5.6435342,-5.6526521,649.35305,-0.00013131655
1783,near,fox,cat,0.074884773,-4.168035,-4.245872,2827.705,-9.5654166e-05
1799,near,fox,cat,0.34634305,-4.258626,-4.6837986,2868.2347,-1.9270885e-05
2131,near,fox,deer,0.34548871,-2.3816893,-2.8055557,3284.1515,0.00015380651
2336,near,fox,deer,0.063113916,-4.1672053,-4.2323989,1233.6758,8.4844818e-06
2349,near,fox,deer,0.25655104,-4.7859983,-5.0824535,3494.2358,-8.759189e-05
2356,near,fox,deer,0.28582437,-3.0814395,-3.4180659,2584.4639,9.3731968e-05
2435,near,fox,cat,0.040022724,-5.0232477,-5.0640934,2724.0247,-6.4531275e-05
2518,near,fox,deer,0.46267761,-3.3944752,-4.0156322,2602.9749,0.00012961831
2544,near,fox,deer,0.0029683556,-7.833806,-7.8367788,2168.318,-0.0001704368
2756,near,fox,cat,0.036902759,-4.7953997,-4.8330006,1919.3065,-0.00015197615
2828,near,fox,cat,0.34192492,-3.5775151,-3.9959514,3094.8989,2.4716931e-05
2891,near,fox,cat,0.24613313,-2.680187,-2.9627265,3168.9015,5.6837424e-05
3136,near,fox,cat,0.080437159,-3.7053106,-3.7891675,1946.1944,-7.2644825e-05
3368,near,fox,dog,0.60475425,-1.9873163,-2.9155638,3419.0829,0.00016646342
3605,near,fox,dog,0.0031413583,-6.4074516,-6.4105979,769.29523,-0.00017690973
3607,near,fox,deer,0.044104045,-4.5022397,-4.5473459,1112.2122,-2.5685768e-05
3608,near,fox,cat,0.0043214172,-6.1789289,-6.1832596,729.65203,-0.00023279459
3644,near,fox,deer,0.030567491,-4.930397,-4.9614415,1223.5197,-4.8379316e-05
3760,near,fox,cat,0.0010636032,-7.2744207,-7.2754849,530.14158,-0.00027254205
3823,near,fox,cat,0.0085881748,-5.5766397,-5.5852649,925.42758,-0.00020916742
3908,near,fox,dog,0.095410778,-4.9200025,-5.0202768,2433.1603,-8.8835255e-05
4003,near,fox,deer,0.063850617,-4.7601857,-4.8261659,2191.9647,-7.2411448e-05
4004,near,fox,cat,0.019012125,-5.2330165,-5.2522117,1069.3787,-0.0001946294
4049,near,fox,dog,0.43489548,-2.7785101,-3.3492547,3215.7428,0.00013136214
4182,near,fox,deer,0.50461697,-3.1023912,-3.8048153,3203.9132,0.00013406519
4255,near,fox,deer,0.063123198,-4.5442195,-4.609423,2640.2137,-0.0001184125
4264,near,fox,deer,0.0052353635,-6.3469548,-6.3522039,799.38217,-0.00013914838
4277,near,fox,dog,0.26792591,-3.4179196,-3.7297932,2773.0417,-1.9836138e-05
4313,near,fox,cat,0.0047352371,-5.9532933,-5.9580398,594.82855,-0.00023628139
4341,near,fox,airplane,0.37649968,-4.661972,-5.134378,3092.816,9.8118893e-05
4441,near,fox,dog,0.060674804,-3.8860164,-3.9486099,1243.1069,-6.3379099e-06
4621,near,fox,deer,0.026640315,-5.2638984,-5.2909,1555.932,-0.0001225423
4703,near,fox,cat,0.016262465,-5.501266,-5.5176622,834.8713,-0.00018265195
4706,near,fox,cat,0.0012066388,-7.2919822,-7.2931895,829.72577,-0.00025835263
4754,near,fox,deer,0.02548245,-4.7737508,-4.7995635,1135.4533,-9.0848205e-05
4878,near,fox,dog,0.78047583,-0.28940392,-1.8056969,4403.212,0.00022900252
4889,near,fox,horse,0.0082427574,-5.4116702,-5.4199471,292.63675,-0.00018213857
4991,near,fox,dog,0.012580635,-5.7928801,-5.8055405,1370.8123,-5.5260493e-05
5084,near,fox,deer,0.4074941,-3.7472947,-4.2706891,2906.2317,2.2121093e-05
5619,near,fox,cat,0.015760923,-5.1239181,-5.1398045,1121.7389,-0.00015691482
5726,near,fox,bird,0.0032885463,-6.4119453,-6.4152393,434.29954,-0.00021069268
5832,near,fox,deer,0.0022063699,-7.2129202,-7.215129,1051.885,-0.00023519713
5889,near,fox,deer,0.10131158,-4.4064436,-4.5132625,1521.2178,5.2534266e-05
5896,near,fox,bird,0.65097196,-1.6698934,-2.7224964,4304.0247,0.00014507945
5945,near,fox,horse,0.52419844,-1.5245229,-2.2672773,3995.2439,9.3521435e-05
6080,near,fox,cat,0.48035415,-2.6030846,-3.2576923,3420.9875,0.00014643851
6162,near,fox,cat,0.0010474356,-7.2944508,-7.2954987,619.92091,-0.00027916317
6163,near,fox,deer,0.00054073723,-8.0282211,-8.028762,671.24125,-0.00024993449
6469,near,fox,deer,0.34017943,-3.9252148,-4.3410021,4046.8698,-1.3375781e-05
6505,near,fox,cat,0.076521376,-4.7170324,-4.7966401,2477.8901,-0.00011439613
6545,near,fox,deer,0.020866301,-5.0233216,-5.0444087,937.01159,-5.7630372e-05
6693,near,fox,cat,0.10489725,-4.6963692,-4.8071859,1964.3697,-0.00013758008
6816,near,fox,dog,0.059466788,-3.8370922,-3.8984005,1538.0684,2.6959249e-06
7021,near,fox,cat,0.44576368,-1.9544845,-2.5446486,4004.8346,0.00014435059
7141,near,fox,deer,0.33528255,-2.4823697,-2.8907629,3215.453,6.8537003e-05
7225,near,fox,cat,0.00063867951,-7.5372019,-7.5378408,321.56126,-0.00028274689
7248,near,fox,dog,0.013940475,-5.4763732,-5.4904118,853.19123,-0.00011494696
7279,near,fox,cat,0.023419688,-4.9134154,-4.9371137,1404.045,-0.00012165502
7317,near,fox,deer,0.025018401,-5.4149189,-5.4402556,1178.8828,-8.8095123e-05
7373,near,fox,cat,0.13173292,-3.9611707,-4.1024266,2270.6914,-6.6687045e-05
7503,near,fox,dog,0.031668492,-4.7756991,-4.8078799,1387.7756,-6.9283556e-05
7564,near,fox,cat,0.0032001972,-6.7788134,-6.7820187,1339.1305,-0.00026635964
7621,near,fox,deer,0.09313244,-4.8961473,-4.9939061,2574.1203,-7.2698704e-05
7799,near,fox,horse,0.12289928,-3.2779739,-3.4091073,2702.4252,-2.3850183e-05
7924,near,fox,dog,0.45020455,-2.7893496,-3.3875585,3756.1386,0.00016155822
7973,near,fox,cat,0.012411513,-5.2245803,-5.2370695,939.71327,-0.00018163182
8100,near,fox,dog,0.43636263,-2.7899446,-3.3632888,3967.0018,0.00011059302
8109,near,fox,deer,0.0021155538,-7.1204801,-7.1225979,867.34786,-0.00018791228
8132,near,fox,dog,0.20173557,-4.1914582,-4.4167736,3376.2331,0.00015302769
8150,near,fox,cat,0.015423313,-5.1826,-5.1981435,1328.1579,-0.00017270934
8185,near,fox,deer,0.25585293,-3.3785861,-3.6741026,3114.2087,0.00010223117
8187,near,fox,cat,0.0011203967,-7.0598106,-7.0609317,178.52237,-0.00028274747
8381,near,fox,frog,0.054565197,-3.9814525,-4.0375628,1049.4655,-2.3053749e-05
8405,near,fox,deer,0.018051267,-5.799356,-5.8175722,1821.908,-7.060693e-05
8618,near,fox,deer,0.48733594,-2.6224244,-3.2905589,2900.3953,0.00016506414
8672,near,fox,dog,0.14151106,-3.6315835,-3.7841649,2035.0905,6.8331129e-06
8715,near,fox,cat,0.0011952578,-7.0198302,-7.0210262,198.90034,-0.00027158142
8731,near,fox,cat,0.19903275,-4.1754289,-4.3973641,3080.8078,-4.4831296e-05
8735,near,fox,cat,0.18082702,-3.5288951,-3.7283552,3027.4086,1.3542784e-05
8762,near,fox,dog,0.55618996,-2.3308415,-3.1432002,3447.3694,0.0001268367
9148,near,fox,cat,0.0675168,-3.8427835,-3.9126876,1615.4486,-4.084793e-05
9453,near,fox,cat,0.0020049953,-6.5071778,-6.5091848,174.30777,-0.00024225645
9496,near,fox,bird,0.37522527,-2.6269739,-3.097338,2633.8293,1.0573113e-05
9686,near,fox,bird,0.12721382,-3.6383936,-3.7744583,1979.9018,4.8077921e-05
9842,near,fox,deer,0.0028611042,-6.955997,-6.9588622,890.34454,-0.00016812777
58,near,leopard,cat,0.0055726311,-6.1662989,-6.1718871,720.31961,-0.00022776624
259,near,leopard,cat,0.207178,-3.5849886,-3.8171451,2990.2079,6.8811782e-06
274,near,leopard,frog,0.091112438,-3.527364,-3.6228979,1375.2642,9.318388e-06
288,near,leopard,cat,0.46210524,-2.7939572,-3.4140496,3249.0993,3.6716842e-05
313,near,leopard,cat,0.50153859,-2.9994013,-3.6956304,3257.1764,4.0495633e-06
425,near,leopard,frog,0.44241206,-3.1146917,-3.6988268,3367.2233,2.4806914e-05
477,near,leopard,cat,0.33732547,-2.4770274,-2.8884987,3556.184,4.488853e-05
555,near,leopard,cat,0.007780609,-6.6915469,-6.699358,1656.7921,-0.00021806767
702,near,leopard,ship,0.61056793,-1.4426938,-2.3857597,4890.1154,0.00014286493
945,near,leopard,frog,0.076133672,-4.3938622,-4.4730501,1978.9459,-6.1541598e-05
952,near,leopard,cat,0.0047213486,-6.4020672,-6.4067997,1113.3057,-0.00022367589
1084,near,leopard,deer,0.27940296,-3.5142891,-3.8419643,3604.5075,-5.7419778e-05
1324,near,leopard,cat,0.30867339,-4.12922,-4.4983629,3454.5569,8.5383198e-07
1328,near,leopard,dog,0.079253666,-3.8365755,-3.9191462,1654.8485,-1.872417e-05
1570,near,leopard,cat,0.0047872946,-6.1147661,-6.1195649,722.40155,-0.00022478672
1607,near,leopard,frog,0.047220215,-4.7738571,-4.8222286,1464.4258,-2.6372764e-05
1620,near,leopard,cat,0.065355516,-4.59864,-4.666229,2754.2965,-6.6515633e-05
1771,near,leopard,deer,0.19431525,-4.9836144,-5.1996772,3027.6549,-7.9018901e-05
1843,near,leopard,deer,0.006881312,-6.2801991,-6.2871041,744.78534,-0.00018307184
1994,near,leopard,frog,0.047687894,-4.5274,-4.5762625,1902.1183,-0.00011683534
2211,near,leopard,deer,0.38281816,-3.4495747,-3.9321663,2857.2366,1.4661751e-06
2570,near,leopard,cat,0.0022612872,-6.6253657,-6.6276296,384.12913,-0.00022445343
2647,near,leopard,bird,0.35996797,-5.0248742,-5.4711113,2940.5363,6.002883e-05
2678,near,leopard,cat,0.03877188,-4.7287064,-4.7682499,1440.3977,-0.00011160367
3009,near,leopard,deer,0.12145654,-3.709708,-3.8391979,3026.0536,-3.6567674e-05
3074,near,leopard,frog,0.45266517,-3.1367195,-3.739414,3417.5359,-4.2191562e-05
3104,near,leopard,cat,0.00092325608,-7.1378803,-7.138804,147.60897,-0.00027772253
3200,near,leopard,deer,0.17318335,-3.6771059,-3.8672782,2019.9159,-1.9664857e-05
3291,near,leopard,bird,0.26960956,-3.5122085,-3.8263845,3198.0227,3.4560042e-05
3338,near,leopard,cat,0.10542857,-4.4886703,-4.6000809,1502.9912,-0.00012213023
3346,near,leopard,cat,0.02345328,-4.8769183,-4.900651,1543.9451,-0.0001314834
3379,near,leopard,bird,0.0033871132,-6.9398274,-6.9432203,1002.5482,-0.00024098692
3549,near,leopard,cat,0.42065402,-4.208796,-4.7546515,2588.8929,-4.2262538e-05
3567,near,leopard,dog,0.0017093333,-7.0186839,-7.0203947,757.0989,-0.00025119756
4118,near,leopard,frog,0.17967209,-3.6511967,-3.8492478,2132.4489,1.7781777e-05
4238,near,leopard,dog,0.0022712205,-6.8862314,-6.8885052,307.54378,-0.00023187239
4278,near,leopard,bird,0.30657589,-2.6998742,-3.0659876,4043.1341,8.3713379e-05
4320,near,leopard,cat,0.10980033,-4.6707053,-4.7870148,3261.7931,-0.00013261983
4609,near,leopard,cat,0.060169893,-4.3575459,-4.419602,2384.9222,-8.8304552e-05
4611,near,leopard,frog,0.30537932,-3.469404,-3.8337934,2736.8138,6.7910211e-06
4677,near,leopard,cat,0.00015800358,-8.7053375,-8.7054955,526.77093,-0.00035959715
4943,near,leopard,deer,0.12607773,-3.8021049,-3.9368688,2573.5803,2.8897081e-05
4971,near,leopard,cat,0.016805005,-5.4738116,-5.4907594,1439.6448,-0.00018757282
4992,near,leopard,cat,0.048540627,-4.6853652,-4.7351235,1913.9542,-0.00013053279
5016,near,leopard,deer,0.12471806,-4.1710539,-4.3042631,2832.8893,-7.2138524e-05
5109,near,leopard,cat,0.4295059,-3.0493679,-3.6106204,3567.4657,5.2453418e-05
5142,near,leopard,cat,0.085343516,-4.0336032,-4.1228099,2200.3471,-8.1225614e-05
5185,near,leopard,frog,0.45388335,-1.9185562,-2.5234789,2560.7061,0.0001263676
5210,near,leopard,cat,0.018583831,-4.7499118,-4.7686705,960.42099,-0.00015094578
5231,near,leopard,cat,0.42856631,-2.9973996,-3.5570064,3411.9887,1.6829428e-05
5316,near,leopard,cat,0.013454172,-5.7776604,-5.7912059,1636.185,-0.00017589678
5328,near,leopard,deer,0.17295276,-3.6246395,-3.814533,2415.8621,3.5987906e-05
5399,near,leopard,cat,0.0020810492,-6.6037297,-6.6058129,242.1261,-0.00023485378
5449,near,leopard,truck,0.5643006,-2.025429,-2.8562317,4432.1831,0.00011966909
5458,near,leopard,cat,0.041049866,-4.7495441,-4.7914603,2046.9323,-0.00013383413
5472,near,leopard,frog,0.43425276,-3.0519257,-3.6215335,3713.8549,8.944538e-05
5478,near,leopard,frog,0.35898909,-3.2445884,-3.6892972,2768.5284,2.209411e-05
5698,near,leopard,frog,0.0037645168,-6.66014,-6.6639117,460.21082,-0.00016097721
5819,near,leopard,cat,0.014626994,-5.5153403,-5.5300754,964.79493,-0.00017772388
5905,near,leopard,frog,0.0089599123,-5.8400631,-5.8490634,558.40665,-0.00013938012
6055,near,leopard,cat,0.00016852769,-9.1533327,-9.1535013,1216.9336,-0.00038068933
6061,near,leopard,frog,0.36445388,-2.9126248,-3.3658955,3702.2877,8.5253223e-05
6293,near,leopard,bird,0.42855266,-2.351372,-2.9109549,2838.6132,0.00011322742
6395,near,leopard,frog,0.016268359,-5.3532734,-5.3696755,889.46717,-0.00011281144
6401,near,leopard,frog,0.0055358678,-6.342648,-6.3481993,415.83322,-0.00014911848
6409,near,leopard,cat,0.0092808442,-5.572443,-5.5817672,1764.9601,-0.00018958007
6735,near,leopard,cat,0.10979805,-3.6625829,-3.7788898,2331.1115,-2.1522754e-05
6767,near,leopard,frog,0.11229647,-4.6450167,-4.7641341,2050.5188,-7.3872179e-05
6924,near,leopard,frog,0.0085978702,-5.6479559,-5.6565909,1132.9389,-0.00015810305
7078,near,leopard,cat,0.21036398,-2.7678442,-3.0040274,2813.1438,3.5542503e-05
7283,near,leopard,deer,0.083801449,-4.2927604,-4.3802826,3131.7582,-9.7744335e-05
7367,near,leopard,cat,0.0099623889,-5.7689018,-5.7789142,1325.9395,-0.00019117562
7407,near,leopard,cat,0.079132212,-4.7720947,-4.8545335,2971.8147,-7.0281594e-05
7412,near,leopard,frog,0.052261612,-5.0800142,-5.133691,1759.4456,-4.3442968e-05
7417,near,leopard,frog,0.63181857,-1.4473906,-2.44657,3991.559,0.00015525482
7427,near,leopard,cat,0.007002426,-5.6601958,-5.6672229,1539.4538,-0.00015907236
7495,near,leopard,deer,0.15069341,-3.6556618,-3.8189969,1936.7928,6.5855419e-05
7609,near,leopard,cat,0.19204227,-3.23771,-3.4509555,2278.003,3.7451531e-05
7772,near,leopard,deer,0.033194023,-4.5767136,-4.610471,1265.9892,3.5084925e-05
7950,near,leopard,dog,0.17331076,-4.0145063,-4.2048328,1722.6138,2.6826755e-05
7974,near,leopard,cat,0.25372592,-2.4239471,-2.7166094,2818.1754,5.6822667e-05
8310,near,leopard,frog,0.41298474,-2.9400401,-3.4727446,3243.8782,2.7854873e-05
8324,near,leopard,cat,0.0053551069,-6.3849769,-6.3903464,1611.9302,-0.00021577273
8334,near,leopard,frog,0.080201132,-4.6219225,-4.7055227,2323.9655,-3.1646775e-05
8454,near,leopard,cat,0.010814373,-6.0715714,-6.0824446,2065.2795,-0.00021289664
8504,near,leopard,cat,0.063107898,-4.1426306,-4.2078177,1748.8554,-4.6776213e-05
8695,near,leopard,frog,0.037287969,-4.8541374,-4.8921384,1498.6084,-0.00013022883
8774,near,leopard,cat,0.081408789,-4.1756639,-4.260578,2185.8082,-9.0086264e-05
8904,near,leopard,frog,0.046334187,-5.5383115,-5.5857535,1360.485,-6.3949311e-05
9058,near,leopard,frog,0.34735148,-2.7175689,-3.1442854,3362.2516,4.3750263e-05
9187,near,leopard,cat,0.00087115715,-7.252368,-7.2532395,344.83407,-0.00028184733
9238,near,leopard,frog,0.032513818,-4.8324199,-4.865474,1406.9671,-0.00012088815
9261,near,leopard,frog,0.025886718,-5.4945178,-5.5207455,1736.5385,-0.00015609132
9318,near,leopard,cat,0.22213135,-3.0198612,-3.2710588,3036.9695,3.3413589e-05
9406,near,leopard,cat,0.0023901068,-6.7659278,-6.7683208,844.39044,-0.00025446955
9575,near,leopard,frog,0.0033387751,-6.6690793,-6.6724237,267.19716,-0.00017517946
9612,near,leopard,frog,0.022898835,-5.208324,-5.231489,1084.3437,-5.069065e-05
9914,near,leopard,frog,0.074796029,-4.2100883,-4.2878293,2139.3238,-2.6304812e-05
9936,near,leopard,cat,0.03673884,-5.1354065,-5.1728372,1611.3949,-0.00015826962
9998,near,leopard,frog,0.11075582,-3.9628291,-4.0802125,1788.1791,-9.8153579e-06
6,near,camel,bird,0.50459819,-1.437474,-2.1398601,3130.3232,0.00014160798
62,near,camel,horse,0.063019661,-4.2274165,-4.2925095,2294.1088,-0.00013012305
317,near,camel,bird,0.13251408,-3.7929339,-3.9350899,2071.7897,-5.1437264e-05
540,near,camel,deer,0.0037902394,-7.1786413,-7.1824388,1545.1632,-0.00024898005
650,near,camel,bird,0.023819627,-5.7464862,-5.7705941,1562.2828,-9.2494045e-05
717,near,camel,horse,0.41831947,-2.2768149,-2.8186488,3319.854,5.5046761e-05
751,near,camel,cat,0.37172789,-2.5457287,-3.0105106,4227.3937,4.0351548e-06
769,near,camel,airplane,0.021748157,-4.7291312,-4.7511194,1458.154,-2.2049664e-05
811,near,camel,deer,0.0067716666,-6.667624,-6.6744187,1128.7436,-0.00020302575
900,near,camel,deer,0.013576173,-5.3363228,-5.349992,978.16685,-5.7687548e-05
902,near,camel,dog,0.21591486,-3.0728786,-3.3161163,2819.0285,9.6013091e-06
915,near,camel,dog,0.094508285,-4.5291486,-4.6284257,2554.3187,2.2498682e-05
992,near,camel,horse,0.14238522,-3.7909579,-3.9445582,3032.695,-7.5660695e-05
1060,near,camel,horse,0.02770956,-4.6383042,-4.6664049,1223.8334,-0.00015351662
1085,near,camel,dog,0.5885851,-2.4196286,-3.3077817,3683.7456,0.0001328259
1184,near,camel,deer,0.080753524,-4.017745,-4.101946,2079.6449,-2.6234067e-05
1423,near,camel,dog,0.25176323,-3.7906928,-4.0807286,2829.7647,4.714491e-06
1510,near,camel,deer,0.21582706,-4.629355,-4.8724806,2592.751,-6.2827445e-05
1572,near,camel,deer,0.0081653921,-5.5778255,-5.5860245,833.14517,-0.00017217411
1573,near,camel,airplane,0.0089319223,-5.6602635,-5.6692356,990.45132,-8.6883879e-05
1588,near,camel,dog,0.13147133,-4.5401058,-4.6810605,2806.3001,-9.4112127e-05
1687,near,camel,dog,0.026422686,-5.8034081,-5.8301862,919.06781,-9.5671913e-05
1882,near,camel,dog,0.19700035,-3.8278708,-4.0472718,2430.7616,-3.7812123e-05
2051,near,camel,horse,0.19539194,-3.7361817,-3.9535817,2341.5015,-0.00010739208
2145,near,camel,deer,0.012938206,-5.5402522,-5.5532748,1517.6346,-6.8619596e-05
2267,near,camel,horse,0.15859047,-3.4951956,-3.6678724,2779.533,-7.1038968e-05
2315,near,camel,horse,0.077994615,-3.5874302,-3.6686345,1392.8973,-8.4965531e-05
2415,near,camel,deer,0.22272224,-3.0360215,-3.287979,3200.8848,9.3632675e-06
2712,near,camel,deer,0.16440902,-3.943609,-4.123225,2622.872,1.583726e-05
2774,near,camel,horse,0.60174432,-2.2131498,-3.1338108,3642.2627,0.00014045755
2834,near,camel,deer,0.36079235,-2.8386271,-3.286153,3946.2563,2.5870779e-07
2946,near,camel,dog,0.04968537,-5.3460441,-5.3970062,1114.5732,-2.8896335e-05
2948,near,camel,deer,0.0034249963,-6.6432991,-6.64673,789.459,-0.00020384828
3153,near,camel,truck,0.13463002,-3.7292602,-3.8738583,3918.6593,-3.8612972e-05
3319,near,camel,dog,0.0084835555,-6.2532439,-6.2617637,1481.845,-9.2476611e-05
3831,near,camel,horse,0.30566129,-2.9370563,-3.3018517,2901.5694,-2.077016e-05
3884,near,camel,dog,0.43455895,-2.1931181,-2.7632673,2621.6335,0.00017502576
3930,near,camel,ship,0.59052187,-1.7465048,-2.6393766,3876.6581,0.0001466402
3985,near,camel,deer,0.41858018,-3.5920525,-4.1343347,2767.9676,0.00014297798
4234,near,camel,deer,0.091748148,-3.7790861,-3.8753197,2960.9301,-6.2246962e-05
4345,near,camel,dog,0.53095954,-2.4779534,-3.2350197,3649.6698,0.00012301113
4415,near,camel,airplane,0.57361394,-2.6107521,-3.4631622,2647.9018,0.00024349929
4435,near,camel,dog,0.0013531765,-7.2554655,-7.2568196,253.28368,-0.00026022105
4519,near,camel,cat,0.6703921,-1.7970908,-2.9069423,4926.8007,0.00010912532
4736,near,camel,bird,0.099875503,-3.9065764,-4.0117986,1535.8597,1.9498665e-05
4894,near,camel,cat,0.56628751,-2.0229032,-2.8582766,3818.6418,9.8670078e-05
5029,near,camel,deer,0.0088743517,-5.6164107,-5.6253247,805.01469,-0.0001728244
5032,near,camel,airplane,0.4275247,-2.5777206,-3.1355063,4282.3935,8.4602739e-05
5113,near,camel,bird,0.11947756,-5.3542666,-5.4815065,3497.2053,-0.00012271361
5119,near,camel,airplane,0.063977968,-4.2641907,-4.3303069,2345.0961,-4.1770544e-05
5218,near,camel,deer,0.14008896,-3.5951121,-3.7460384,2685.1006,-8.8564134e-06
5249,near,camel,dog,0.12098808,-4.425643,-4.5545998,2108.4072,-3.6171891e-05
5253,near,camel,cat,0.10943459,-3.9157534,-4.0316521,2528.6105,-4.4813106e-05
5285,near,camel,deer,0.13240844,-3.7885664,-3.9306006,2220.1566,0.00010068826
5293,near,camel,horse,0.1216335,-4.4438624,-4.5735538,3570.0378,-0.000133784
5455,near,camel,horse,0.41980302,-2.821996,-3.3663836,4030.2015,1.9759991e-05
5494,near,camel,deer,0.24411154,-3.5927455,-3.872607,3499.4358,-7.2811297e-06
5516,near,camel,bird,0.34870324,-2.448679,-2.8774689,2992.2559,9.3461749e-05
5519,near,camel,horse,0.071942352,-4.2106023,-4.2852637,1989.2939,-0.00011887464
5532,near,camel,airplane,0.23577901,-3.4502678,-3.7191661,2249.3196,0.00017580165
5664,near,camel,dog,0.0011854408,-7.4374375,-7.4386237,921.80798,-0.00027926446
5762,near,camel,bird,0.00083303461,-7.9505897,-7.951423,1154.6737,-0.00029537884
6037,near,camel,dog,0.13411217,-3.4662387,-3.6102386,2214.4928,-8.1402487e-06
6044,near,camel,bird,0.11257669,-4.045187,-4.1646202,2269.2127,-4.2855937e-05
6417,near,camel,bird,0.20698515,-4.3989053,-4.6308186,2607.1931,-8.0749889e-05
6418,near,camel,deer,0.0015857441,-6.9669361,-6.9685231,483.84006,-0.00025296248
6475,near,camel,horse,0.083464403,-4.2331247,-4.3202791,2069.4702,-0.00012990972
6616,near,camel,dog,0.0090150302,-5.5474734,-5.5565293,516.00779,-0.00013170833
6778,near,camel,dog,0.0052290793,-6.2197299,-6.2249727,1125.4175,-0.00019674575
7128,near,camel,horse,0.38113934,-2.4519947,-2.9318698,3917.64,6.7956111e-05
7194,near,camel,deer,0.3664566,-3.0853651,-3.5417918,4065.5962,-2.0525935e-05
7200,near,camel,bird,0.022243132,-5.3046947,-5.3271889,1606.5059,-5.7161809e-05
7298,near,camel,horse,0.011275248,-5.4188886,-5.4302279,1465.03,-0.00023059309
7333,near,camel,horse,0.64262749,-1.1457796,-2.1747562,4477.4714,0.00015497173
7379,near,camel,bird,0.51066206,-1.70996,-2.4246619,3560.6123,0.00013663454
7445,near,camel,bird,0.093416963,-4.2139654,-4.3120381,2385.5032,-9.8075244e-05
7750,near,camel,dog,0.37082249,-2.2654901,-2.7288319,2628.9392,0.00010678104
7800,near,camel,dog,0.22256767,-3.205946,-3.4577046,2471.5584,7.5977363e-05
7912,near,camel,dog,0.24129871,-3.5936952,-3.8698423,2900.5565,-1.9647625e-05
8143,near,camel,cat,0.00086833029,-7.5444608,-7.5453295,600.73119,-0.00030427138
8231,near,camel,horse,0.47223251,-1.9940417,-2.6331411,3972.6892,0.00015158333
8447,near,camel,deer,0.37149992,-2.7270169,-3.1914361,2868.6131,0.00016812097
8598,near,camel,deer,0.39544567,-2.6106305,-3.1138942,3719.2369,6.0569822e-05
8604,near,camel,deer,0.11836977,-4.6770139,-4.8029964,2415.5662,-0.00013987262
8648,near,camel,bird,0.029109614,-4.4152417,-4.4447834,1179.5942,-9.0087527e-05
8732,near,camel,airplane,0.025357015,-4.7569671,-4.7826511,1683.1285,-3.8248564e-05
8780,near,camel,horse,0.031977295,-4.3958735,-4.4283733,1369.2865,-0.00013598269
8800,near,camel,deer,0.24607214,-3.1849787,-3.4674373,3104.2557,6.9571025e-05
8834,near,camel,dog,0.10450483,-4.7665772,-4.8769557,2610.736,-0.00011162217
9014,near,camel,dog,0.52516374,-2.5887015,-3.3334867,4073.2864,7.7247175e-05
9093,near,camel,bird,0.19262848,-3.4131322,-3.6271035,3242.6846,-4.8970922e-05
9110,near,camel,horse,0.022905062,-4.9329143,-4.9560857,1450.8703,-0.00015396969
9142,near,camel,horse,0.015765394,-4.9188414,-4.9347324,1196.3922,-0.00017068913
9266,near,camel,dog,0.054648727,-4.8380332,-4.8942319,1818.6771,-6.8070862e-05
9362,near,camel,bird,0.17313871,-3.3514054,-3.5415237,2307.1319,-4.4550136e-05
9412,near,camel,cat,0.023794675,-4.8780355,-4.9021179,1662.568,-0.00016618519
9531,near,camel,dog,0.0021208542,-6.8806424,-6.8827655,707.03544,-0.00024592766
9611,near,camel,bird,0.71653471,-1.0665522,-2.3272178,4453.1187,0.0001494797
9647,near,camel,horse,0.39033415,-2.3965194,-2.8913637,5366.4349,0.0001582795
9743,near,camel,dog,0.26611439,-2.9153669,-3.224769,2705.3337,0.00017576456
52,far,bottle,bird,0.15157483,-2.9308774,-3.0952508,2081.8014,3.4220851e-05
114,far,bottle,cat,0.50845604,-2.1812236,-2.8914275,4266.1707,0.00010363558
170,far,bottle,ship,0.14273731,-3.5135691,-3.66758,2694.0884,-2.8731015e-05
340,far,bottle,ship,0.0011604551,-7.5878239,-7.588985,1009.1207,-0.00024577918
455,far,bottle,truck,0.22588206,-2.8366892,-3.0927203,2700.9371,4.8634847e-05
575,far,bottle,bird,0.5650128,-1.4631872,-2.2956259,3873.8002,0.00015907883
594,far,bottle,truck,0.19651905,-2.6384931,-2.8572949,3340.4742,5.7587297e-05
864,far,bottle,bird,0.064337483,-4.1041503,-4.1706507,1561.4634,-5.7040321e-05
932,far,bottle,cat,0.031577158,-4.4664068,-4.4984933,1171.0453,-0.0001250508
997,far,bottle,ship,0.43173351,-2.3718677,-2.9370325,3795.7056,5.9835921e-05
1015,far,bottle,ship,0.5489848,-2.1476882,-2.9439424,4619.9621,0.00012278986
1045,far,bottle,deer,0.35100409,-2.11901,-2.5513388,3018.758,7.6091883e-05
1130,far,bottle,ship,0.6497173,-2.0398755,-3.0888902,4009.0546,0.00017319615
1135,far,bottle,ship,0.13783026,-3.8923907,-4.0406938,3259.2518,-5.9448598e-05
1318,far,bottle,cat,0.34666464,-3.1438384,-3.5695031,3960.2658,6.136928e-05
1429,far,bottle,bird,0.4699971,-2.5098701,-3.1447429,3539.7162,0.00015860687
1438,far,bottle,airplane,0.46259349,-2.3998458,-3.0208463,3292.4651,5.1861848e-05
1487,far,bottle,ship,0.4945514,-2.0242746,-2.7065835,3885.5841,0.00012457334
1514,far,bottle,ship,0.0045551438,-7.0049567,-7.0095223,1898.0774,-0.00026644225
1562,far,bottle,bird,0.012892371,-5.363204,-5.3761802,983.33278,-9.8547223e-05
1899,far,bottle,cat,0.010254221,-6.0495358,-6.0598429,2147.3593,-0.00022601466
1932,far,bottle,ship,0.24289735,-4.4361663,-4.7144227,3488.2161,-4.0905376e-05
2011,far,bottle,bird,0.44589872,-2.4793398,-3.0697476,3202.1951,5.2824335e-05
2314,far,bottle,automobile,0.14778888,-4.026113,-4.186034,3809.091,1.4919731e-05
2428,far,bottle,cat,0.35788881,-3.3398142,-3.782808,3145.4586,7.639623e-06
2510,far,bottle,cat,0.0010268621,-7.1697755,-7.1708029,886.6526,-0.00028230033
2550,far,bottle,truck,0.15502469,-3.5648282,-3.733276,3218.8476,2.8937658e-05
2822,far,bottle,ship,0.086605035,-3.9274688,-4.0180557,2447.1677,-1.5530174e-05
2963,far,bottle,truck,0.021127007,-5.0719776,-5.093331,1868.212,-0.00010621082
2993,far,bottle,truck,0.52905303,-2.4391789,-3.1921887,4364.2716,3.8738393e-05
3011,far,bottle,dog,0.01664438,-5.3015146,-5.3182991,1398.992,-0.00013726684
3122,far,bottle,cat,0.2456201,-3.3713229,-3.6531821,3161.1176,3.1175259e-05
3216,far,bottle,ship,0.16123517,-2.97088,-3.1467049,2471.7199,7.0043883e-06
3232,far,bottle,ship,0.018155438,-5.4356751,-5.4539974,950.52681,-0.00010311183
3316,far,bottle,cat,0.54671618,-2.405937,-3.1971738,4331.4255,8.8071019e-05
3350,far,bottle,ship,0.019209694,-5.2170186,-5.2364152,2359.3103,-0.00014432163
3444,far,bottle,automobile,0.14640507,-3.6701138,-3.8284123,2882.8771,-6.7365605e-06
3548,far,bottle,ship,0.10908952,-3.671474,-3.7869853,2496.1242,-4.8100842e-05
3888,far,bottle,cat,9.479802e-05,-9.3560781,-9.356173,1201.2021,-0.00039582499
3906,far,bottle,ship,0.55863112,-2.000035,-2.8179093,3400.6202,9.7936623e-05
4065,far,bottle,truck,0.44020784,-1.6903921,-2.2705818,4279.1501,0.00016438569
4077,far,bottle,cat,0.0092798524,-5.647903,-5.6572261,1579.6949,-0.00018411269
4325,far,bottle,cat,0.52646828,-2.0365007,-2.7840371,3376.2652,0.00015130753
4332,far,bottle,bird,0.18526309,-3.3476341,-3.5525241,2691.8409,3.8020614e-05
4334,far,bottle,cat,0.056108739,-5.3723021,-5.4300464,2302.1154,-0.00017438315
4683,far,bottle,bird,0.40075267,-2.8138764,-3.3259572,3152.2739,4.0824701e-05
4708,far,bottle,airplane,0.32994084,-3.0907922,-3.4911814,3599.1491,3.1423538e-05
4818,far,bottle,truck,0.37241495,-2.6131911,-3.0790672,4594.4026,6.4592189e-05
4848,far,bottle,dog,0.61506072,-1.5433784,-2.498048,4588.2677,0.00012239541
4956,far,bottle,cat,0.070679934,-3.8624558,-3.9357579,2170.6199,-0.00010348605
4981,far,bottle,truck,0.27811102,-3.3009691,-3.626853,3227.2266,7.6257654e-05
5030,far,bottle,frog,0.52089693,-2.5252182,-3.2610578,3395.4954,0.00013595446
5102,far,bottle,truck,0.04035059,-4.3018689,-4.3430562,2272.1976,-8.5300211e-05
5324,far,bottle,truck,0.71529532,-0.66746241,-1.9237653,4404.6911,0.00020233112
5440,far,bottle,ship,0.19359092,-3.7574728,-3.9726369,2279.1567,-2.8255326e-05
5686,far,bottle,cat,0.0080634773,-6.2061205,-6.2142167,1054.6659,-0.00021876111
5810,far,bottle,ship,0.003668,-6.6824312,-6.686106,800.98975,-0.00018609591
5981,far,bottle,cat,0.0033736756,-6.7036309,-6.7070103,1435.0685,-0.00023749781
5993,far,bottle,cat,0.0045359478,-6.3405409,-6.3450872,722.15427,-0.0002273262
6018,far,bottle,airplane,0.029071611,-4.8798609,-4.9093634,2264.3733,-0.0001345842
6025,far,bottle,cat,0.38640781,-2.1540647,-2.6424894,2744.303,6.4029129e-05
6089,far,bottle,ship,0.064720752,-4.1753173,-4.2422274,2263.9138,-9.3114995e-05
6168,far,bottle,cat,0.33024993,-2.1814916,-2.5823423,3407.2047,8.9730652e-05
6214,far,bottle,ship,0.075769718,-4.022275,-4.101069,2239.7716,9.8746504e-06
6217,far,bottle,frog,0.28732468,-2.5695059,-2.9082353,2201.7777,7.5596346e-05
6239,far,bottle,cat,0.45691567,-2.1690757,-2.7795664,3823.679,0.00010307609
6440,far,bottle,truck,0.030266138,-6.0354514,-6.066185,3475.8947,-0.00013265706
6472,far,bottle,ship,0.0089554112,-6.0676112,-6.076607,2582.8652,-0.00020231727
6507,far,bottle,cat,0.0054984873,-6.4600453,-6.465559,2046.0816,-0.00026015803
6602,far,bottle,ship,0.015331932,-5.2867751,-5.3022258,2113.2389,-0.00019547998
6788,far,bottle,truck,0.23910264,-2.915869,-3.1891258,3313.3501,1.6315427e-05
6886,far,bottle,bird,0.30215751,-3.0276191,-3.387381,2576.2281,9.5151634e-06
6899,far,bottle,ship,0.0081179229,-5.8911443,-5.8992953,592.99529,-0.00012081698
7012,far,bottle,cat,0.018870056,-4.9346385,-4.9536889,1664.6706,-0.00014505681
7077,far,bottle,cat,0.38692761,-2.8055549,-3.2948271,4510.2734,7.7760906e-05
7093,far,bottle,dog,0.32564376,-3.1568518,-3.5508485,2869.0383,4.9626828e-05
7259,far,bottle,truck,0.014211044,-5.1843371,-5.1986501,861.56775,-7.6728389e-05
7406,far,bottle,cat,0.26160882,-3.6037247,-3.9070063,3342.5616,9.0813527e-06
7415,far,bottle,ship,0.11323449,-3.9798241,-4.0999988,2883.1972,-6.0464958e-06
7423,far,bottle,ship,0.39105625,-2.0599129,-2.5559423,4074.2355,9.239316e-05
7443,far,bottle,cat,0.00055056652,-7.981421,-7.9819717,1050.5721,-0.00031809783
7728,far,bottle,cat,0.015328795,-5.031837,-5.0472845,1093.3149,-0.00017955598
7850,far,bottle,ship,0.15651622,-3.2083633,-3.3785779,2384.5641,3.6529376e-05
8088,far,bottle,cat,0.54932509,-1.8735484,-2.6705574,4244.817,9.9074203e-05
8090,far,bottle,ship,0.42574953,-2.3143148,-2.8690045,3554.8447,4.8535351e-05
8309,far,bottle,ship,0.31759045,-3.0555677,-3.437693,4161.8953,6.1097323e-05
8317,far,bottle,cat,0.36391155,-4.2288895,-4.6813071,3203.5029,-3.5390104e-05
8462,far,bottle,bird,0.2887991,-2.4837544,-2.8245547,2422.6633,9.8809556e-05
8644,far,bottle,frog,0.45284174,-2.3304768,-2.933494,2888.4359,3.6803499e-05
8812,far,bottle,truck,0.24427978,-3.4905698,-3.7706539,2930.1845,3.4034031e-05
9044,far,bottle,cat,0.021690159,-5.046999,-5.0689278,1091.836,-0.00014855524
9052,far,bottle,truck,0.22057208,-3.3977234,-3.6469185,3121.9546,6.8797171e-05
9107,far,bottle,cat,0.25884694,-3.530005,-3.8295531,3626.8568,-4.0608186e-05
9126,far,bottle,truck,0.034110715,-4.5507326,-4.5854387,2217.2991,-0.00010620503
9347,far,bottle,ship,0.52679296,-1.6778139,-2.4260362,4284.9514,0.00014148312
9357,far,bottle,ship,0.0089273312,-5.9398489,-5.9488163,1998.4605,-0.00019244604
9716,far,bottle,cat,0.10747756,-4.0221596,-4.1358632,2519.014,-2.0762656e-05
9755,far,bottle,ship,0.29546755,-4.0794921,-4.429713,3896.683,-2.9887023e-05
9857,far,bottle,truck,0.071987853,-4.9223738,-4.9970842,2499.5778,3.015526e-05
9967,far,bottle,dog,0.061526508,-5.0859103,-5.149411,1923.2616,-0.00011289206
77,far,bowl,truck,0.0026600357,-6.8956895,-6.8983531,776.6507,-0.00020905499
121,far,bowl,bird,0.37125778,-2.7200255,-3.1840595,2508.6824,5.1768277e-05
163,far,bowl,automobile,0.014010473,-5.3678861,-5.3819956,1840.9335,-0.00017405027
318,far,bowl,cat,0.0044880744,-6.1581388,-6.1626369,986.19681,-0.00022747159
348,far,bowl,bird,0.11914451,-3.4692514,-3.5961131,1848.2103,5.6681431e-05
349,far,bowl,bird,0.54354768,-2.2206125,-3.0048836,3616.5797,0.00012971651
365,far,bowl,frog,0.31594153,-3.3833537,-3.7630656,4931.25,-2.4395694e-05
427,far,bowl,automobile,0.0073551118,-6.3288989,-6.3362812,1024.6636,-0.00018065919
439,far,bowl,cat,0.39282739,-2.9172091,-3.4161513,3088.6165,-1.1656372e-05
452,far,bowl,automobile,0.01476103,-5.84904,-5.8639111,1646.4498,-0.00013478352
588,far,bowl,ship,0.11476279,-4.642024,-4.7639237,3401.07,-0.00011164688
703,far,bowl,frog,0.48429199,-3.1605394,-3.8227539,3394.2043,5.0603251e-05
806,far,bowl,cat,0.14712973,-4.4651761,-4.6243239,4515.6003,3.8171723e-06
865,far,bowl,cat,0.05151536,-4.2678289,-4.3207186,2792.331,-0.00010965666
874,far,bowl,automobile,0.3538297,-2.7029204,-3.1396126,3704.3498,5.8551811e-05
954,far,bowl,cat,0.33139378,-2.3404756,-2.7430356,3339.7833,5.820947e-05
1041,far,bowl,frog,0.028635961,-4.5529046,-4.5819586,1083.5907,-9.9599759e-05
1410,far,bowl,automobile,0.020183342,-5.1208596,-5.1412494,1813.793,-0.00010033746
1448,far,bowl,bird,0.19090354,-3.0846996,-3.2965368,2081.335,4.0621214e-05
1557,far,bowl,ship,0.1347608,-3.3848813,-3.5296305,2974.428,1.0566332e-06
1680,far,bowl,ship,0.37250102,-2.6320348,-3.098048,3793.1438,6.6932036e-05
1696,far,bowl,cat,0.25213645,-4.0338383,-4.324373,3803.9496,-4.9943136e-05
1714,far,bowl,ship,0.4427057,-2.7966301,-3.3812919,3286.2527,0.00014148054
1809,far,bowl,automobile,0.56990607,-2.2394302,-3.0831819,3771.3446,0.00012220355
1865,far,bowl,cat,0.00074208305,-7.9341121,-7.9348544,1304.511,-0.00031359068
2109,far,bowl,ship,0.085887936,-3.7818761,-3.8716782,2368.1906,6.1999876e-06
2176,far,bowl,ship,0.67790019,-1.4483258,-2.5812196,4557.7153,0.000157607
2295,far,bowl,airplane,0.13187783,-3.8337224,-3.9751452,4753.4525,-4.8347044e-06
2300,far,bowl,airplane,0.1894044,-3.8985105,-4.1084964,2679.7593,2.8963463e-05
2302,far,bowl,frog,0.004795605,-6.1175079,-6.1223151,788.24996,-0.00014815367
2425,far,bowl,dog,0.62127752,-1.5513459,-2.5222975,3779.174,0.00016973138
2656,far,bowl,cat,0.0046629577,-6.0777349,-6.0824088,988.20444,-0.00021173947
2670,far,bowl,deer,0.25887788,-3.358999,-3.6585889,2534.1765,0.00010958457
2790,far,bowl,airplane,0.022960582,-5.1380558,-5.1612841,2041.0386,-0.00010433591
2797,far,bowl,cat,0.0021882268,-6.7496424,-6.751833,561.11692,-0.00023896058
3078,far,bowl,ship,0.24510065,-3.2603796,-3.5415504,3644.7289,3.2498932e-05
3091,far,bowl,ship,0.0603305,-4.1385746,-4.2008017,2358.672,-3.6678246e-05
3095,far,bowl,ship,0.21896284,-3.5565817,-3.8037143,3573.8876,1.3064587e-05
3209,far,bowl,dog,0.33662686,-2.8678699,-3.2782875,3926.0206,-4.2954573e-06
3253,far,bowl,bird,0.34444571,-2.072201,-2.4944752,2605.3196,9.6152443e-05
3304,far,bowl,bird,0.0080398642,-6.2883916,-6.2964639,1010.9575,-0.00016093704
3348,far,bowl,frog,0.094000624,-3.9482751,-4.0469918,1581.0083,-5.3921299e-06
3373,far,bowl,deer,0.45852068,-2.6579347,-3.2713851,4948.5463,6.7006567e-05
3507,far,bowl,cat,0.50473758,-1.9044182,-2.6070858,4132.6383,8.1424176e-05
3728,far,bowl,cat,0.1401479,-3.9650998,-4.1160947,3359.6821,-2.9638824e-05
3730,far,bowl,airplane,0.60564092,-2.1707108,-3.1012042,5153.4154,8.9900329e-05
3765,far,bowl,ship,0.001660651,-6.8793263,-6.8809884,364.13137,-0.00024103827
3863,far,bowl,airplane,0.58865833,-1.7665185,-2.6548496,4393.7425,0.00012211625
3952,far,bowl,dog,0.11702579,-3.6332862,-3.7577455,2556.6645,-3.6576463e-05
4151,far,bowl,truck,0.075330838,-4.3690629,-4.4473822,4191.9564,-6.6187239e-05
4252,far,bowl,cat,0.0031271907,-7.0262356,-7.0293677,1661.2236,-0.00026261245
4348,far,bowl,automobile,0.58507843,-2.0655048,-2.9451705,4253.9555,0.00010091395
4367,far,bowl,cat,0.12616812,-3.4604912,-3.5953585,3832.2456,1.3144805e-06
4386,far,bowl,frog,0.047931153,-4.862597,-4.9117149,1787.7429,-0.0001006774
4471,far,bowl,frog,0.010926713,-5.7482615,-5.7592483,1117.985,-0.00014050938
4520,far,bowl,airplane,0.19408673,-3.1059518,-3.3217309,5344.1649,-3.2633305e-05
4830,far,bowl,automobile,0.05334205,-4.2868958,-4.3417132,2585.0409,-8.3308156e-05
4863,far,bowl,ship,0.24118125,-3.0409174,-3.3169097,2910.536,-8.2826742e-06
5083,far,bowl,frog,0.3904443,-2.7004879,-3.1955128,2883.7544,3.3560206e-05
5127,far,bowl,truck,0.56874535,-1.7906237,-2.6316802,3957.1668,9.3999217e-05
5282,far,bowl,automobile,0.16841269,-3.7586243,-3.9430433,3778.9893,-3.7861395e-05
5444,far,bowl,cat,0.54030013,-1.4814012,-2.2585827,3545.1261,0.00010950924
5508,far,bowl,frog,0.16983301,-3.5663185,-3.7524469,1763.5753,7.4349772e-05
5716,far,bowl,airplane,0.52747841,-2.1255746,-2.8752464,4566.0788,0.00012409976
5882,far,bowl,deer,0.65991452,-1.6206722,-2.6992305,4184.9365,0.00017452293
6033,far,bowl,automobile,0.00067698636,-8.0969315,-8.0976087,1090.6609,-0.00028364102
6069,far,bowl,cat,0.039926583,-4.4003696,-4.4411152,1643.3801,-0.00011044985
6079,far,bowl,cat,0.042801658,-4.2988267,-4.3425714,1929.8293,-7.4618484e-05
6252,far,bowl,cat,0.10437849,-4.001102,-4.1113393,3254.529,-8.6196277e-05
6254,far,bowl,cat,0.069692166,-4.4740672,-4.546307,1682.2882,-5.7702759e-05
6327,far,bowl,automobile,0.14489558,-3.581605,-3.7381366,3599.8505,-4.4669915e-05
6519,far,bowl,bird,0.54317261,-2.0505607,-2.8340104,3923.0713,0.00013489994
6559,far,bowl,airplane,0.0003297062,-8.6697102,-8.6700399,2164.4644,-0.00036545361
6565,far,bowl,frog,0.014896191,-5.2666016,-5.2816098,548.42691,-0.00010600088
6772,far,bowl,cat,0.34715079,-3.192795,-3.6192041,2564.7926,9.0354207e-06
6804,far,bowl,cat,0.5428739,-2.0956142,-2.8784102,3833.1777,0.00013212794
6859,far,bowl,airplane,0.4960487,-2.4524114,-3.1376871,4313.783,3.7199563e-05
7161,far,bowl,cat,0.33565646,-2.4663911,-2.875347,3371.1838,7.0087527e-05
7345,far,bowl,ship,0.38208325,-4.1312518,-4.6126534,4026.3921,-8.5135136e-05
7428,far,bowl,ship,0.41232694,-2.0995672,-2.6311517,3477.504,8.6053436e-05
7515,far,bowl,frog,0.37302298,-3.0103123,-3.4771577,3584.0459,2.6373228e-05
7737,far,bowl,automobile,0.055916345,-4.8084416,-4.8659821,3283.5908,-2.2476601e-05
7784,far,bowl,cat,0.1963886,-4.1017661,-4.3204056,2981.8431,-7.8585459e-05
7795,far,bowl,frog,0.10111311,-3.2998257,-3.4064237,1531.6931,-2.3038219e-05
7804,far,bowl,ship,0.094055593,-3.5041153,-3.6028927,2522.5757,-2.9020364e-05
8004,far,bowl,cat,0.051978048,-4.9220037,-4.9753814,2485.9299,-0.00012084983
8013,far,bowl,frog,0.18981451,-3.826386,-4.036878,2580.8754,-6.563558e-05
8335,far,bowl,automobile,0.075312469,-4.1674676,-4.245767,2449.6977,-5.4025888e-05
8568,far,bowl,airplane,0.094778918,-3.923413,-4.0229891,3141.317,-2.9440376e-05
8590,far,bowl,dog,0.56154966,-1.6311698,-2.4556785,4275.6778,0.00013476601
8656,far,bowl,airplane,0.0021013714,-7.3826647,-7.3847683,2678.6019,-0.00025690579
8722,far,bowl,airplane,0.47993052,-3.1471913,-3.8009841,3414.1235,2.0033434e-05
9102,far,bowl,cat,0.45854759,-2.1238503,-2.7373504,4236.7833,0.00011211497
9177,far,bowl,bird,0.39218694,-2.4159646,-2.9138525,3827.4493,0.00010912646
9397,far,bowl,frog,0.047712037,-4.4338961,-4.4827839,2212.9128,-0.00012639303
9492,far,bowl,ship,0.0017722279,-6.8917317,-6.8935055,172.73473,-0.00022658039
9561,far,bowl,frog,0.00020486102,-8.7424507,-8.7426556,611.324,-0.00033264818
9669,far,bowl,dog,0.14137404,-3.4592288,-3.6116506,2288.4237,1.1034891e-06
9731,far,bowl,truck,0.26308086,-3.275115,-3.5803921,2830.6029,6.8320832e-05
9795,far,bowl,airplane,0.0029258278,-6.9659519,-6.968882,1505.4393,-0.00019189634
30,far,chair,airplane,0.014315062,-5.5867777,-5.6011962,1777.8303,-8.3970109e-05
111,far,chair,deer,0.46822008,-1.7161703,-2.3476959,3341.1714,0.00014060233
125,far,chair,cat,0.38811742,-2.2137139,-2.7049288,3565.2757,0.00014221431
157,far,chair,truck,0.09893973,-4.3609776,-4.4651608,4249.3672,-8.4009987e-05
562,far,chair,truck,0.48541733,-1.4897518,-2.1541509,3780.383,0.00011973036
613,far,chair,ship,0.45211125,-2.7088232,-3.3105062,3575.8029,0.00010832759
840,far,chair,dog,0.026317414,-4.8719358,-4.8986058,1404.2231,-4.1140159e-05
880,far,chair,cat,0.075707424,-3.8674915,-3.9462181,2354.4534,-7.79259e-05
1054,far,chair,airplane,0.68753222,-1.2993021,-2.462556,4694.0928,0.00013630085
1076,far,chair,automobile,0.56134344,-1.5215918,-2.3456303,4035.4919,0.00015363182
1341,far,chair,airplane,0.063807006,-4.1533623,-4.2192959,2976.5657,-1.4670247e-05
1434,far,chair,airplane,0.022397351,-5.1466169,-5.1692689,1735.2104,-0.00011868093
1525,far,chair,airplane,0.0074481097,-6.760613,-6.768089,3521.6197,-0.00015076736
1610,far,chair,cat,0.48220664,-2.4448583,-3.1030374,4580.2135,0.00010142298
1652,far,chair,airplane,0.37655271,-4.3100891,-4.7825802,4478.5904,-2.2998791e-05
1674,far,chair,bird,0.11520902,-3.6718812,-3.794285,2454.4261,-6.4523544e-05
1740,far,chair,bird,0.51327303,-2.290082,-3.0101339,3815.4647,0.0001172099
1789,far,chair,bird,0.28592871,-3.0069954,-3.3437679,2597.9664,4.3898255e-05
1792,far,chair,cat,0.091712454,-4.2464957,-4.34269,2056.0767,-9.5135381e-05
1947,far,chair,airplane,0.010576933,-5.5935707,-5.604204,1484.5474,-0.00012376534
2086,far,chair,airplane,0.013244305,-5.9309626,-5.9442954,1957.5745,-0.00018161523
2108,far,chair,airplane,0.02417913,-5.2583284,-5.2828047,1680.3803,-0.0001509125
2152,far,chair,bird,0.0063151125,-6.1476836,-6.1540188,1704.5028,-9.828234e-05
2161,far,chair,truck,0.027428805,-4.8560634,-4.8838754,1988.5145,-9.042098e-05
2269,far,chair,dog,0.17398342,-3.7658317,-3.9569721,2081.4488,7.1587118e-05
2386,far,chair,cat,0.0076782232,-5.650023,-5.6577308,650.86747,-0.00020423367
2389,far,chair,cat,0.38727266,-2.5193517,-3.009187,3144.2956,5.6102542e-05
2470,far,chair,airplane,0.20097566,-3.1434402,-3.3678041,3626.6429,-2.3346593e-05
2576,far,chair,airplane,0.028613425,-5.5809145,-5.6099453,1690.6578,-0.00011984019
2577,far,chair,deer,0.0025041647,-7.0810752,-7.0835825,1331.7353,-0.00026974827
2661,far,chair,frog,0.56564157,-1.8217819,-2.6556671,4117.403,0.00010907169
2684,far,chair,horse,0.24646835,-2.4757435,-2.7587278,2663.5927,-3.2739633e-07
2802,far,chair,airplane,0.18496651,-2.9028199,-3.1073459,2188.1113,5.8445176e-05
2917,far,chair,bird,0.065336823,-4.4890475,-4.5566166,1988.2324,-7.9274519e-05
2965,far,chair,airplane,0.0058702363,-6.002852,-6.0087395,1020.1483,-0.00019484906
3186,far,chair,airplane,0.0057333126,-6.1963415,-6.2020913,1038.6314,-0.00014694442
3203,far,chair,airplane,0.063056083,-4.4606829,-4.5258147,1964.2751,-6.6189636e-05
3286,far,chair,automobile,0.21224658,-3.1753297,-3.4138998,2673.5796,4.0952583e-05
3293,far,chair,airplane,0.012028411,-5.5575004,-5.5696017,1155.3591,-0.00015667935
3299,far,chair,airplane,0.047966928,-4.3941102,-4.4432657,1776.7834,-4.2772906e-05
3317,far,chair,airplane,0.021703093,-5.1196232,-5.1415653,1710.4229,-0.0001285761
3322,far,chair,airplane,0.30961003,-2.2803829,-2.6508815,3310.6824,6.808788e-05
3349,far,chair,truck,0.44254717,-2.1355047,-2.7198821,3734.0304,7.1050019e-05
3409,far,chair,airplane,0.039227164,-4.374434,-4.4144513,1601.9988,-4.9655048e-06
3568,far,chair,bird,0.0038687538,-6.542902,-6.5467782,730.68994,-0.00019226131
3912,far,chair,bird,0.3102644,-2.8342054,-3.2056523,3344.4981,1.6317043e-05
4010,far,chair,airplane,0.16211938,-3.7630486,-3.9399283,2578.6782,-4.8019835e-05
4061,far,chair,truck,0.36684608,-2.2316411,-2.6886828,3714.1139,7.1366019e-05
4125,far,chair,bird,0.32381467,-2.7267141,-3.1180022,2780.671,2.0192394e-05
4159,far,chair,bird,0.37285908,-4.5046716,-4.9712556,3024.3519,6.9952901e-05
4186,far,chair,airplane,0.0071124649,-6.4305487,-6.4376865,1570.5185,-0.00024111931
4214,far,chair,airplane,0.072711103,-3.7232227,-3.7987128,2165.8992,-2.2698033e-05
4259,far,chair,airplane,0.00032599491,-8.7972336,-8.7975596,1440.8762,-0.00031583397
4444,far,chair,cat,0.086390744,-4.5862517,-4.676604,2563.1047,-5.7725325e-05
4668,far,chair,airplane,0.010162356,-5.4756718,-5.4858861,1090.9052,-0.00010796284
4722,far,chair,airplane,0.29402322,-3.5513341,-3.8995071,3122.1211,-3.0838695e-06
4847,far,chair,bird,0.010799416,-5.6145058,-5.6253639,1273.9017,-0.00016363501
4918,far,chair,truck,0.075160894,-3.7000208,-3.7781563,2855.0552,-2.7134411e-05
5096,far,chair,airplane,0.00066744874,-8.006588,-8.0072557,1286.6308,-0.00021044413
5473,far,chair,cat,0.37817945,-2.5003438,-2.9754475,3403.3126,3.5700638e-05
5603,far,chair,airplane,0.1582715,-3.4783759,-3.6506737,3942.4798,1.3741044e-06
5683,far,chair,airplane,0.0020618996,-7.0294771,-7.0315411,1161.7076,-0.00025285027
5699,far,chair,ship,0.015768813,-5.021625,-5.0375195,1366.5412,-0.00015379232
5799,far,chair,airplane,0.14195351,-3.1267478,-3.2798448,2693.1636,6.8744706e-05
5926,far,chair,airplane,0.1518171,-3.6690133,-3.8336722,3294.3867,-3.4105975e-05
5995,far,chair,horse,0.44179357,-1.7738335,-2.3568599,3376.5411,5.2634845e-05
6098,far,chair,frog,0.67402909,-1.4577498,-2.578697,4167.6727,0.00014249012
6141,far,chair,truck,0.69008675,-0.9604643,-2.1319271,4186.35,0.00024822577
6233,far,chair,cat,0.36568293,-3.3610208,-3.8162271,2992.0516,-1.1934232e-05
6245,far,chair,airplane,0.0028398482,-6.6011238,-6.6039677,476.18355,-0.00020528513
6364,far,chair,cat,0.45816586,-1.6620381,-2.2748334,3900.5515,0.00011341712
6491,far,chair,airplane,0.097147115,-3.4639242,-3.5661198,2092.4485,-2.0117068e-06
6594,far,chair,airplane,0.49200714,-2.6777842,-3.3550721,3204.7196,3.3694063e-05
6619,far,chair,airplane,0.39658823,-2.7052901,-3.2104455,4069.0434,4.3501318e-05
6655,far,chair,frog,0.6075571,-1.5443416,-2.4797058,3872.355,0.00020173389
6943,far,chair,airplane,0.0056390678,-6.1541634,-6.1598184,1243.2239,-0.0001583119
7063,far,chair,truck,0.31310377,-3.4133742,-3.7889462,2959.639,-4.0105578e-06
7192,far,chair,dog,0.093041125,-3.7609348,-3.858593,1925.1967,4.3759431e-05
7291,far,chair,bird,0.61875967,-1.7120613,-2.6763866,3846.6257,0.00012721285
7319,far,chair,truck,0.47924273,-1.9643897,-2.6168609,3536.1811,9.9916278e-05
7456,far,chair,airplane,0.38949219,-2.5447602,-3.0382244,4202.3916,6.783649e-05
7499,far,chair,truck,0.029884856,-5.2442641,-5.2746046,2678.7642,-0.00012189012
7535,far,chair,truck,0.20595332,-3.5535717,-3.7841847,3857.6447,2.7350138e-05
7542,far,chair,airplane,0.082152833,-4.2405128,-4.3262372,2723.4416,-3.8511277e-05
7543,far,chair,truck,0.0045072686,-6.3504496,-6.354967,1119.6075,-0.00016762426
7982,far,chair,cat,0.47646012,-3.2639205,-3.9110626,3459.38,8.1766152e-06
8022,far,chair,airplane,0.48703617,-2.6638348,-3.3313848,4022.1849,4.0313452e-05
8209,far,chair,automobile,0.45223388,-2.4214964,-3.0234033,4157.9468,4.9598666e-05
8498,far,chair,bird,0.1093011,-4.2624102,-4.378159,2291.2686,2.2500919e-05
8666,far,chair,bird,0.040794254,-4.887979,-4.9296287,1326.8043,-0.00011064422
8753,far,chair,truck,0.098707828,-4.0222464,-4.1261722,2489.3287,-2.5112508e-05
9003,far,chair,airplane,0.014387019,-5.1737871,-5.1882786,1168.1637,-0.00013530179
9056,far,chair,airplane,0.40705423,-2.68573,-3.2083823,3516.9206,7.9503753e-05
9087,far,chair,cat,0.23976363,-2.6208308,-2.8949567,2753.1089,2.4965418e-05
9089,far,chair,airplane,0.37062191,-2.764174,-3.2271971,2964.97,8.246575e-05
9344,far,chair,airplane,0.35904824,-2.9773262,-3.4221272,3959.255,4.0328019e-05
9409,far,chair,airplane,0.20473986,-3.3438015,-3.5728875,3102.4615,3.6643365e-06
9593,far,chair,airplane,0.68092705,-1.0956795,-2.238015,4760.9604,0.00017277758
9600,far,chair,airplane,0.0054436619,-6.1681862,-6.1736447,1125.4174,-0.00017383428
9873,far,chair,airplane,0.31379811,-2.9177489,-3.2943323,2771.9377,1.2685909e-05
45,far,clock,automobile,0.30378267,-3.3805823,-3.7426758,3047.2769,7.855272e-05
79,far,clock,airplane,0.49846161,-2.1755812,-2.8656563,5449.7134,7.7420338e-05
90,far,clock,ship,0.29238959,-3.4788561,-3.8247177,3344.4117,1.4878593e-05
182,far,clock,automobile,0.48097603,-2.62609,-3.2818953,3153.2526,0.00010255582
447,far,clock,automobile,0.15668015,-3.3017406,-3.4721496,3498.1121,-2.2100028e-07
450,far,clock,automobile,0.55610351,-2.6965277,-3.5086916,4290.1009,0.00011012737
451,far,clock,ship,0.1060409,-5.1105533,-5.2226485,2950.9968,-5.5754459e-05
583,far,clock,bird,0.29069214,-3.1460989,-3.4895645,3355.4728,7.5290573e-05
618,far,clock,ship,0.092186748,-4.2198582,-4.3165748,2320.698,5.2541197e-06
649,far,clock,truck,0.17217909,-3.3211527,-3.5101111,2557.6163,0.00010252693
786,far,clock,automobile,0.19279601,-3.4344945,-3.6486734,2296.2093,4.1916187e-05
823,far,clock,bird,0.54019437,-1.9774343,-2.7543857,3244.5933,7.8636216e-05
870,far,clock,bird,0.68986829,-1.3080127,-2.4787709,4588.741,0.00019418701
934,far,clock,automobile,0.52238198,-2.0754204,-2.8143644,4066.9744,0.00012427053
1163,far,clock,airplane,0.0024637032,-6.7999988,-6.8024655,872.27622,-0.00019884988
1310,far,clock,automobile,0.20825466,-3.1453426,-3.3788581,4369.417,-2.2978866e-05
1428,far,clock,automobile,0.32074768,-4.2644634,-4.651226,3032.7842,3.3471006e-05
1560,far,clock,cat,0.18477182,-3.4074011,-3.6116883,3737.2036,-1.0191149e-05
1586,far,clock,truck,0.0015447753,-7.2302804,-7.2318264,280.95887,-0.00020317507
1806,far,clock,frog,0.33908459,-3.7640743,-4.1782037,3526.4613,6.4972758e-05
1807,far,clock,cat,0.48899436,-2.0699394,-2.741314,3820.5909,9.110952e-05
1875,far,clock,bird,0.33632097,-2.8927696,-3.3027262,3384.5035,5.5216856e-05
1927,far,clock,truck,0.11645563,-4.6298285,-4.7536422,2181.4898,-1.0885536e-05
1930,far,clock,airplane,0.46335632,-2.4028375,-3.0252585,3889.5493,5.2422258e-05
1982,far,clock,automobile,0.038834023,-5.754106,-5.7937142,1718.7873,-7.2666865e-05
2125,far,clock,cat,0.13882021,-3.4807105,-3.6301625,2328.1866,-6.7451867e-05
2169,far,clock,frog,0.30440997,-3.0788419,-3.4418368,3204.9794,-9.0939571e-06
2189,far,clock,frog,0.38386734,-2.5711014,-3.0553944,2931.1674,6.8611872e-05
2207,far,clock,automobile,0.68728641,-1.0917666,-2.2542342,3944.1358,0.00019246117
2213,far,clock,cat,0.10186438,-4.0850792,-4.1925134,2681.4915,-0.00011083165
2223,far,clock,automobile,0.21020174,-4.4093666,-4.6453443,3750.6115,-3.5153942e-05
2463,far,clock,automobile,0.36235713,-3.4024816,-3.8524585,3141.1,5.732267e-05
2475,far,clock,airplane,0.25751453,-3.4782524,-3.7760044,3582.8141,-1.77814e-05
2487,far,clock,truck,0.15567982,-3.7643247,-3.9335482,2877.5432,2.5697097e-05
2533,far,clock,ship,0.16430405,-3.3999803,-3.5794707,2232.0636,5.9940899e-05
2586,far,clock,ship,0.46772622,-2.4475858,-3.0781831,3614.7854,5.1564354e-05
2815,far,clock,ship,0.073913537,-4.2311354,-4.307923,3464.9347,-8.4495842e-05
2836,far,clock,ship,0.52978336,-2.2886102,-3.043172,4517.1312,9.4393719e-05
2936,far,clock,ship,0.49378841,-2.2672663,-2.9480668,4330.0181,0.00014300782
2945,far,clock,cat,0.038895888,-4.6116042,-4.6512768,1326.2187,-0.00010417337
3210,far,clock,automobile,0.0064776637,-6.7602291,-6.7667278,826.50067,-0.00014850616
3282,far,clock,automobile,0.050291352,-4.8335991,-4.8851991,2588.7522,-0.00011212736
3659,far,clock,bird,0.33021653,-3.1921022,-3.592903,3213.7785,0.00011071001
3683,far,clock,automobile,0.5213118,-2.875416,-3.6121219,3722.3939,4.7229163e-05
4174,far,clock,cat,0.0091937572,-6.505239,-6.5144753,1876.0298,-0.00023773636
4206,far,clock,cat,0.092873538,-3.8432422,-3.9407156,1918.0627,-6.2575307e-05
4321,far,clock,truck,0.0072710261,-6.0513101,-6.0586077,1613.5801,-0.00021924333
4369,far,clock,automobile,0.20946468,-3.1706541,-3.405699,3824.3342,2.7534958e-05
4475,far,clock,cat,0.023961695,-5.5032539,-5.5275074,2548.4945,-0.00015701863
4656,far,clock,airplane,0.20103874,-3.3332641,-3.5577069,2454.9586,5.8608117e-05
4704,far,clock,truck,0.00070659605,-7.741467,-7.7421738,1215.3429,-0.00032418696
4769,far,clock,truck,0.42511344,-2.6906688,-3.2442514,3249.5474,0.00013404439
4771,far,clock,ship,0.46874484,-2.42626,-3.0587728,3816.1179,9.3414256e-05
4779,far,clock,cat,0.46099912,-2.6724651,-3.2905032,3735.6297,8.2533592e-05
4859,far,clock,cat,0.026048408,-4.7234349,-4.7498286,1462.7085,-0.00016190161
4986,far,clock,truck,0.32193053,-3.5353661,-3.9238716,2991.2597,7.3819948e-05
5147,far,clock,cat,0.053363667,-4.6071038,-4.6619441,1722.7906,-0.00013119546
5236,far,clock,automobile,0.056596716,-3.794029,-3.8522904,2022.893,-6.0758659e-05
5319,far,clock,bird,0.45824348,-1.8949958,-2.5079344,2807.3247,0.00010382683
5364,far,clock,deer,0.14947308,-3.3379326,-3.4998318,3274.0672,-2.7988605e-05
5414,far,clock,cat,0.0030851058,-6.359282,-6.3623719,906.69291,-0.00024494919
5690,far,clock,airplane,0.039664824,-4.6960678,-4.7365407,1959.6302,-7.8622945e-05
5768,far,clock,cat,0.38537363,-1.8816531,-2.3683938,3447.8768,9.6519517e-05
5845,far,clock,airplane,0.13188648,-3.4184237,-3.5598564,2251.9172,3.9144828e-05
5978,far,clock,ship,0.38809093,-3.846674,-4.3378456,3271.1073,7.6721207e-05
6165,far,clock,automobile,0.047202484,-4.6600471,-4.7083999,2209.7345,-6.4531031e-05
6238,far,clock,ship,0.36586562,-3.0782552,-3.5337496,3753.6811,8.1844398e-05
6267,far,clock,automobile,0.023269429,-5.0658517,-5.0893961,2889.679,-0.00015137783
6269,far,clock,cat,0.022600268,-5.2784934,-5.301353,1713.9077,-0.00017231167
6482,far,clock,ship,0.05204474,-4.626142,-4.67959,1641.6954,-6.2661134e-06
6490,far,clock,automobile,0.021543785,-5.5121264,-5.5339057,1512.1929,-0.00010674636
6500,far,clock,automobile,0.55062343,-2.2838807,-3.0837748,5938.915,0.00011538335
6508,far,clock,bird,0.43623993,-3.0790234,-3.6521499,3609.1773,3.6176825e-05
6657,far,clock,ship,0.2086926,-3.6569202,-3.890989,3280.8775,3.7059713e-06
6673,far,clock,cat,0.0048540625,-6.2548261,-6.259692,1483.5367,-0.00022483247
6774,far,clock,bird,0.37834411,-3.0225139,-3.4978824,3705.7831,1.4143319e-05
6795,far,clock,automobile,0.39522909,-2.8648224,-3.3677279,4397.4178,8.8055118e-05
6841,far,clock,ship,0.25787686,-2.878191,-3.1764311,3267.878,2.3650518e-05
6890,far,clock,cat,0.61241838,-2.1746666,-3.1224955,4901.9425,0.00013511425
6981,far,clock,ship,0.0023594654,-6.8794255,-6.8817878,668.01828,-0.00021903687
7224,far,clock,truck,0.0059661979,-6.394537,-6.400521,799.15103,-0.00015099421
7275,far,clock,automobile,0.15356741,-3.1381266,-3.3048513,2612.2582,2.8501434e-05
7362,far,clock,automobile,0.43756392,-2.4145138,-2.9899916,4545.3552,9.6622724e-05
7626,far,clock,automobile,0.1842222,-4.7498455,-4.9534588,3115.629,1.3700236e-05
7917,far,clock,dog,0.4629877,-2.0510292,-2.6727635,3527.8846,0.00010036814
7923,far,clock,cat,0.14261199,-3.420486,-3.5743507,2136.0557,5.7836209e-06
7933,far,clock,truck,0.017353104,-5.3690991,-5.3866046,1088.0927,-9.1258175e-05
7959,far,clock,bird,0.082290482,-3.8179991,-3.9038735,1813.9629,2.0089072e-05
8036,far,clock,truck,0.32257558,-3.2789934,-3.6684507,4056.237,9.9157499e-06
8074,far,clock,ship,0.082031764,-3.9379544,-4.0235469,2768.8468,-7.0145965e-05
8122,far,clock,cat,0.078068231,-4.1451731,-4.2264571,3406.1956,-9.98499e-05
8572,far,clock,automobile,0.12457875,-4.7988858,-4.9319359,2070.4278,-3.0682627e-05
8949,far,clock,frog,0.69259262,-1.1246128,-2.3041943,4405.1919,0.00012444617
9172,far,clock,bird,0.50234301,-2.8196769,-3.5175211,3590.0538,7.952426e-05
9303,far,clock,automobile,0.060643911,-4.3061781,-4.3687387,2175.2439,-3.5696138e-05
9321,far,clock,cat,0.39362186,-2.3316028,-2.8318543,3305.4731,0.00012059552
9471,far,clock,deer,0.15275036,-3.3038492,-3.4696091,2409.0622,6.6872355e-05
9533,far,clock,bird,0.034821894,-5.21767,-5.2531126,2434.9847,-9.4146479e-05
9558,far,clock,automobile,0.20462927,-3.6070113,-3.8359583,2704.678,5.064257e-05
9594,far,clock,ship,0.30084868,-2.5395632,-2.8974513,4000.8988,0.00012981182
26,far,keyboard,ship,0.13298842,-3.6724172,-3.8151201,2538.4195,-4.6380053e-06
147,far,keyboard,frog,0.047220484,-4.2718849,-4.3202567,1038.0195,-6.1123237e-05
180,far,keyboard,airplane,0.33216803,-3.1635141,-3.5672328,3204.2592,0.00011277121
249,far,keyboard,truck,0.55653878,-2.6181135,-3.4312584,3619.0482,0.00019243078
361,far,keyboard,cat,0.35467495,-2.0633168,-2.501318,3440.2138,0.00010820255
599,far,keyboard,deer,0.75869912,-0.57267362,-1.9943843,4132.3398,0.00025698053
621,far,keyboard,truck,0.48181376,-2.2630196,-2.9204401,4502.6052,0.00013865605
771,far,keyboard,horse,0.18243686,-4.0607929,-4.2622201,3616.4196,-6.6106926e-05
839,far,keyboard,truck,0.34575575,-3.14273,-3.5670045,3616.0249,7.3561704e-05
911,far,keyboard,ship,0.20305279,-3.5359936,-3.7629604,3921.5586,3.3855364e-05
1052,far,keyboard,cat,0.0099602514,-5.6048865,-5.6148967,2046.5985,-0.00015502378
1264,far,keyboard,bird,0.1069347,-3.7762039,-3.8892994,1904.5663,-3.7470628e-05
1495,far,keyboard,cat,0.0081575264,-6.1144485,-6.1226395,2311.245,-0.0002247237
1546,far,keyboard,cat,0.046981303,-4.537529,-4.5856497,1987.7885,-9.6866485e-05
1599,far,keyboard,deer,0.6009427,-2.1313388,-3.0499891,4247.505,0.00018571084
1642,far,keyboard,airplane,0.036624501,-5.2745056,-5.3118176,2869.1983,-0.00015828918
1963,far,keyboard,airplane,0.45246591,-1.9661329,-2.5684634,4519.7614,7.8749187e-05
2023,far,keyboard,ship,0.53451665,-1.7456563,-2.5103352,4535.0906,0.00015184032
2037,far,keyboard,deer,0.55745885,-2.0500045,-2.8652263,5270.2959,6.7713763e-05
2052,far,keyboard,airplane,0.59076101,-2.0764711,-2.9699271,3543.7946,0.00025727415
2055,far,keyboard,airplane,0.18660266,-3.3291113,-3.5356469,2538.539,1.2632526e-05
2181,far,keyboard,bird,0.58116127,-1.3080773,-2.1783467,3706.3807,0.00011432917
2562,far,keyboard,truck,0.34081831,-2.2822816,-2.6990377,3077.0609,0.00011936399
2627,far,keyboard,airplane,0.60524399,-1.4956467,-2.4251341,4014.271,0.0001743823
2650,far,keyboard,cat,0.48295011,-2.7203355,-3.3799514,3780.4434,0.00011823486
2729,far,keyboard,truck,0.089981729,-4.1315255,-4.2258161,2594.7393,-4.1937767e-05
3139,far,keyboard,truck,0.56736302,-2.7359717,-3.573828,3725.3126,0.00018086369
3247,far,keyboard,truck,0.0083478896,-5.9852543,-5.9936372,1639.5324,-0.00016391909
3298,far,keyboard,automobile,0.14713691,-3.5814886,-3.7406449,2157.639,6.9920864e-05
3347,far,keyboard,cat,0.62705632,-1.910489,-2.8968168,5285.4288,0.0001548256
3470,far,keyboard,airplane,0.49157275,-2.4062679,-3.082701,3831.1129,0.00019853379
3579,far,keyboard,airplane,0.16471907,-3.117583,-3.2975702,2755.9116,5.3166048e-05
3586,far,keyboard,cat,0.0018977716,-7.0660892,-7.0679887,1745.6114,-0.00028855835
3693,far,keyboard,truck,0.34375072,-3.6489801,-4.0701947,2814.4448,8.2066425e-05
3716,far,keyboard,bird,0.43996362,-2.3133876,-2.8931412,2966.7186,9.782751e-05
3855,far,keyboard,horse,0.28556736,-3.1544526,-3.4907191,3261.108,1.848959e-05
3872,far,keyboard,airplane,0.46839371,-2.2132962,-2.8451483,3191.4496,9.9654737e-05
4183,far,keyboard,airplane,0.50301011,-2.1746778,-2.8738634,2597.4544,0.00017825399
4383,far,keyboard,truck,0.6615883,-0.8959046,-1.9793967,4348.6409,0.00017776335
4670,far,keyboard,airplane,0.0021020575,-7.1424146,-7.1445188,1083.1316,-0.00016457834
4800,far,keyboard,ship,0.36439358,-2.3531094,-2.8062851,4520.4614,8.1418313e-05
4804,far,keyboard,horse,0.47487749,-2.2760379,-2.9201616,4172.5906,5.6872007e-05
4809,far,keyboard,airplane,0.1370961,-4.1517744,-4.2992264,3484.7004,-2.8939282e-05
4838,far,keyboard,automobile,0.13530269,-3.8659174,-4.0112932,2604.3699,-9.9244313e-06
4999,far,keyboard,cat,0.030778778,-5.2164488,-5.2477112,1801.7771,-0.00017615915
5250,far,keyboard,truck,0.59351278,-1.814187,-2.7143898,4184.9906,0.00015577954
5378,far,keyboard,horse,0.59018774,-1.3493177,-2.2413738,4064.6915,0.00013702854
5505,far,keyboard,airplane,0.068154396,-3.6826143,-3.7532025,1848.0941,3.9542634e-06
5577,far,keyboard,frog,0.046915809,-4.6740503,-4.7221024,1945.6584,-8.5012153e-05
5633,far,keyboard,truck,0.55233108,-1.7680204,-2.5717217,3828.0554,0.00017050701
5659,far,keyboard,truck,0.018514453,-5.5129809,-5.5316689,1752.9725,-0.00017066702
5740,far,keyboard,ship,0.02393361,-5.1263938,-5.1506185,1114.6434,-5.987605e-05
5777,far,keyboard,airplane,0.0043290016,-6.0317616,-6.0361,467.40835,-0.00017794924
5940,far,keyboard,cat,0.012986682,-5.5708189,-5.5838906,1547.3995,-0.00019136244
6015,far,keyboard,truck,0.2025536,-4.0033998,-4.2297405,2681.1954,4.775018e-05
6042,far,keyboard,deer,0.5209669,-1.5335884,-2.269574,3912.6411,0.00013322488
6112,far,keyboard,truck,0.5996146,-1.7899588,-2.7052865,4561.6247,0.00014442436
6117,far,keyboard,airplane,0.28817777,-2.7410188,-3.0809458,3537.7777,4.2607689e-05
6131,far,keyboard,truck,0.064844619,-4.8295383,-4.8965809,2198.1699,-0.00010502796
6134,far,keyboard,bird,0.29429605,-2.6552823,-3.0038417,3629.6161,7.5163113e-05
6145,far,keyboard,automobile,0.74041472,-0.64827341,-1.9969434,4483.6019,0.00022981852
6218,far,keyboard,ship,0.60039728,-2.3578689,-3.2751533,6107.9645,0.00012954815
6297,far,keyboard,bird,0.51594149,-2.074409,-2.7999585,4707.4853,0.00017243206
6298,far,keyboard,dog,0.7134584,-0.99274451,-2.2426161,3553.0191,0.00026684166
6340,far,keyboard,truck,0.14689081,-3.930738,-4.0896057,4255.2294,-8.516175e-05
6370,far,keyboard,truck,0.12189436,-3.84951,-3.9794983,3568.7845,-1.9323759e-05
6419,far,keyboard,airplane,0.13226121,-3.3985331,-3.5403977,2505.2812,6.8963525e-06
6510,far,keyboard,truck,0.0037216594,-6.300909,-6.3046376,877.63383,-0.00019633079
6543,far,keyboard,truck,0.008834427,-5.8123803,-5.821254,1092.1468,-0.00013526729
6695,far,keyboard,bird,0.5198093,-2.0976548,-2.8312268,4711.9923,0.00010575238
6733,far,keyboard,horse,0.6134622,-1.7569258,-2.7074514,4811.9197,0.0001459608
6734,far,keyboard,truck,0.078129325,-4.4398041,-4.5211544,2404.9125,-7.9770798e-05
6760,far,keyboard,automobile,0.64885012,-1.5517726,-2.5983147,4406.2155,0.0001856725
6777,far,keyboard,ship,0.023210995,-5.3157778,-5.3392624,2541.621,-9.9607613e-05
6907,far,keyboard,truck,0.0021270559,-6.9144135,-6.9165428,722.49703,-0.00021136288
6998,far,keyboard,truck,0.57265278,-1.3819492,-2.2321076,4123.9308,0.00018175618
7096,far,keyboard,horse,0.14961443,-3.0579021,-3.2199675,2649.7046,-4.089924e-05
7654,far,keyboard,truck,0.24108512,-2.6272721,-2.9031378,3438.5442,8.3154697e-05
7698,far,keyboard,truck,0.12129946,-4.0523973,-4.1817084,2713.1319,-2.5796561e-06
7739,far,keyboard,airplane,0.65499926,-1.1666288,-2.2308376,3924.5598,0.00014385228
7781,far,keyboard,truck,0.4816181,-2.230526,-2.887569,3514.256,0.00019976769
7868,far,keyboard,airplane,0.029516839,-4.9993205,-5.0292817,1651.2313,-4.7371759e-05
7957,far,keyboard,truck,0.048252014,-4.5229492,-4.5724042,2536.5355,-0.00010802609
8058,far,keyboard,airplane,0.48710344,-1.5837054,-2.2513865,3834.1367,0.00026148937
8233,far,keyboard,dog,0.0066760544,-6.1517038,-6.1584023,1176.847,-0.00015649049
8312,far,keyboard,airplane,0.28041172,-2.9848616,-3.3139377,2706.4705,0.00016741912
8369,far,keyboard,truck,0.0042146715,-6.2292218,-6.2334454,898.57372,-0.0001687076
8406,far,keyboard,airplane,0.061583683,-4.6900172,-4.7535788,2401.4202,-0.00013985915
8453,far,keyboard,cat,0.019660019,-4.9880738,-5.0079297,1198.2721,-0.00016910429
8472,far,keyboard,airplane,0.32853458,-2.5544121,-2.9527049,3312.7734,3.4377726e-05
8521,far,keyboard,airplane,0.59128052,-1.388505,-2.2832312,4234.4501,0.00016826967
8579,far,keyboard,truck,0.47734936,-2.7000318,-3.3488738,3390.0437,9.4464735e-05
8994,far,keyboard,airplane,0.58687367,-1.7491362,-2.6331381,4648.8501,0.00017530542
9012,far,keyboard,automobile,0.3899716,-2.3361843,-2.830434,3347.7739,5.7019509e-05
9122,far,keyboard,automobile,0.27197902,-3.7833855,-4.1008109,3202.154,6.3770276e-05
9262,far,keyboard,automobile,0.0295804,-5.2603264,-5.2903531,1277.9509,-4.2585458e-05
9421,far,keyboard,truck,0.27923026,-2.6242077,-2.9516433,3902.3083,9.3045969e-05
9736,far,keyboard,cat,0.52262836,-2.403259,-3.142719,3543.6929,0.00010196587
9742,far,keyboard,bird,0.52408034,-2.816854,-3.5593602,3203.3156,0.0001309195
9766,far,keyboard,cat,0.036439587,-5.5516047,-5.5887248,3067.1864,-0.00016491527
3,far,mushroom,frog,0.4121234,-2.2664564,-2.7976946,2774.4109,0.00012770092
148,far,mushroom,bird,0.51950391,-2.2819753,-3.0149115,3709.6952,8.0049049e-05
168,far,mushroom,bird,0.07090503,-3.8514128,-3.9249571,1478.9565,-1.2086681e-05
271,far,mushroom,bird,0.25469804,-3.873029,-4.1669948,2734.0359,-4.7096343e-05
433,far,mushroom,deer,0.045668603,-4.2944179,-4.3411621,2028.967,-5.70641e-05
909,far,mushroom,cat,0.08673673,-4.2846384,-4.3753695,2440.124,-8.3555051e-05
953,far,mushroom,bird,0.35747151,-2.4301035,-2.8724477,3765.0299,7.4237465e-05
963,far,mushroom,deer,0.069193388,-5.056572,-5.1282757,1964.9557,-0.00011213239
1032,far,mushroom,bird,0.023108443,-5.5340972,-5.5574768,1163.7728,-6.0210613e-05
1138,far,mushroom,frog,0.39112186,-4.4378939,-4.934031,2599.8276,4.9645438e-05
1175,far,mushroom,frog,0.15884658,-3.2504866,-3.4234678,2153.446,-3.3396898e-06
1196,far,mushroom,frog,0.0067877042,-6.4205289,-6.4273397,1155.3106,-0.00014099108
1273,far,mushroom,horse,0.056397977,-4.1010642,-4.159115,1725.3478,-9.6558669e-05
1454,far,mushroom,bird,0.56874689,-2.076241,-2.9173011,3584.2866,0.0001324702
1484,far,mushroom,bird,0.44752958,-2.0263288,-2.6196842,4237.6857,0.00015321167
1760,far,mushroom,bird,0.0067899402,-6.1304545,-6.1372676,605.55483,-0.00012878434
1782,far,mushroom,bird,0.056337993,-4.1188025,-4.1767898,1292.7783,-3.2971653e-06
1820,far,mushroom,frog,0.039097097,-4.6978145,-4.7376964,1351.8133,-4.4618615e-05
1987,far,mushroom,bird,0.26265296,-2.7995553,-3.1042519,2316.1346,4.6099709e-05
2005,far,mushroom,bird,0.086795425,-4.3681865,-4.4589818,1916.9275,-0.00010410919
2200,far,mushroom,bird,0.12095226,-3.7759471,-3.9048632,2799.9031,-1.595482e-05
2232,far,mushroom,bird,0.12677448,-3.291507,-3.4270684,1701.6757,-4.1062804e-06
2332,far,mushroom,bird,0.016595338,-5.4213986,-5.4381332,1559.1278,-0.00010698856
2384,far,mushroom,cat,0.15786244,-3.3024063,-3.4742182,2751.2977,-4.8011461e-06
2579,far,mushroom,bird,0.57767483,-1.5142038,-2.3761835,4544.8667,0.00020561202
2620,far,mushroom,bird,0.0036220942,-7.1169453,-7.1205739,1315.8654,-0.00020475763
2937,far,mushroom,frog,0.16437924,-4.0601864,-4.2397668,2148.9024,4.6868756e-05
2980,far,mushroom,bird,0.49497854,-2.9830463,-3.6662007,3365.4144,6.2916826e-05
3039,far,mushroom,cat,0.062660822,-4.7697291,-4.8344392,2317.8975,-0.00012137635
3305,far,mushroom,frog,0.023187519,-4.9031496,-4.9266102,1283.397,-0.00012033903
3337,far,mushroom,bird,0.043160487,-4.3898306,-4.4339502,1647.0917,-5.7450814e-05
3352,far,mushroom,bird,0.0067077294,-6.1174378,-6.1241682,961.32,-0.00012700677
3493,far,mushroom,bird,0.5883537,-1.8619152,-2.749506,4553.3567,0.0002166861
3502,far,mushroom,frog,0.00046920715,-8.1169186,-8.1173879,910.56883,-0.00031795035
3636,far,mushroom,cat,0.091969492,-5.2055292,-5.3020065,2985.3748,-7.0501763e-05
3684,far,mushroom,frog,0.17611878,-3.8388314,-4.0325603,2107.4618,5.5718113e-05
3734,far,mushroom,cat,0.0090365842,-5.7462196,-5.7552973,1168.0469,-0.00019435178
3742,far,mushroom,cat,0.43299107,-2.8416929,-3.4090732,4334.1243,0.0001244755
3759,far,mushroom,deer,0.50742724,-1.9816778,-2.6897909,3428.416,0.00011434125
3962,far,mushroom,cat,0.087503736,-4.5951262,-4.6866974,3579.4479,-6.7799908e-05
3968,far,mushroom,frog,0.0038381113,-6.412838,-6.4166835,764.78933,-0.00021797921
4022,far,mushroom,dog,0.29624614,-2.621017,-2.9723436,2672.1963,7.2197276e-05
4269,far,mushroom,horse,0.66920542,-1.3121691,-2.4184268,4028.4061,0.00018222421
4373,far,mushroom,dog,0.4762336,-1.9749473,-2.6216568,3268.1104,0.00015507425
4394,far,mushroom,horse,0.19354212,-3.4748311,-3.6899347,2239.8472,-6.036162e-05
4417,far,mushroom,cat,0.0022631732,-6.6355138,-6.6377795,924.76311,-0.00023246098
4514,far,mushroom,dog,0.41272982,-2.3200676,-2.8523379,3101.8706,0.0001962812
4968,far,mushroom,deer,0.18376227,-3.4122245,-3.6152742,3206.995,-5.023689e-06
4982,far,mushroom,bird,0.00071806634,-7.6824179,-7.6831362,582.6481,-0.00026032743
5219,far,mushroom,cat,0.0050602172,-6.9173055,-6.9223785,1876.203,-0.00026177816
5354,far,mushroom,bird,0.0033371618,-6.4491878,-6.4525305,932.31581,-0.00020930847
5375,far,mushroom,deer,0.055508525,-3.8654671,-3.9225757,1513.7879,4.048503e-07
5386,far,mushroom,bird,0.22756569,-2.9602978,-3.2185061,3807.0592,8.5008237e-05
5484,far,mushroom,airplane,0.24188366,-2.7918591,-3.0687776,2646.9003,8.876995e-05
5627,far,mushroom,deer,0.044319225,-4.1856928,-4.2310241,1172.4802,-9.4354901e-06
5638,far,mushroom,airplane,0.13383376,-3.2333467,-3.3770251,2288.7877,4.8716746e-05
5646,far,mushroom,bird,0.010947631,-5.8035369,-5.8145449,1306.4316,-0.00011177657
5820,far,mushroom,bird,0.000984444,-7.3876362,-7.3886211,365.8228,-0.00021729146
5838,far,mushroom,frog,0.0036693403,-6.3573136,-6.3609897,941.94208,-0.00021488932
5944,far,mushroom,cat,0.025154686,-5.0108857,-5.0363622,1502.0171,-0.00017194762
6152,far,mushroom,frog,0.15875818,-3.6807499,-3.853626,2710.0113,-6.4060347e-06
6194,far,mushroom,cat,0.22907142,-3.9891343,-4.2492939,3686.5211,2.5156613e-05
6215,far,mushroom,cat,0.54366999,-2.2359357,-3.0204747,3286.7249,5.4375921e-05
6558,far,mushroom,bird,0.021824434,-5.2469082,-5.2689743,1292.2302,-0.00012717691
6575,far,mushroom,truck,0.057667542,-3.8738577,-3.9332549,1895.6037,-2.7953936e-05
6668,far,mushroom,bird,0.18795593,-3.3144419,-3.5226426,2790.2724,-1.9301975e-05
6679,far,mushroom,dog,0.19344063,-3.5832095,-3.7981873,2472.9424,8.1512174e-05
6681,far,mushroom,cat,0.70010254,-0.95658487,-2.1608995,4474.6723,0.00016895644
6729,far,mushroom,frog,0.26817254,-4.1373415,-4.449552,2148.4088,4.1113321e-05
6911,far,mushroom,deer,0.19426526,-3.2035284,-3.4195291,2303.9106,2.5217055e-05
6965,far,mushroom,cat,0.48891509,-2.249974,-2.9211935,4079.2855,7.6060223e-05
7060,far,mushroom,cat,0.15194116,-3.5608332,-3.7256385,2570.6201,-1.2113036e-05
7104,far,mushroom,bird,0.25176788,-3.6272047,-3.9172467,3541.798,7.945852e-05
7181,far,mushroom,frog,0.36990639,-4.8776464,-5.3395333,2867.3388,7.5260323e-05
7229,far,mushroom,bird,0.2153526,-3.561178,-3.8036988,2360.1438,7.6088908e-05
7284,far,mushroom,horse,0.55363465,-2.1037238,-2.9103412,4418.5987,0.00013154197
7356,far,mushroom,cat,0.024631588,-4.7223749,-4.7473149,1488.7066,-0.00014941371
7425,far,mushroom,dog,0.45599724,-2.7441089,-3.3529099,3392.3886,0.00011356043
7483,far,mushroom,frog,0.35783919,-3.0662303,-3.5091468,3474.5912,4.0083393e-05
7619,far,mushroom,cat,0.0097422196,-5.3551569,-5.3649469,1184.8469,-0.00018622836
7632,far,mushroom,frog,0.020785127,-5.326714,-5.3477182,1182.8738,-0.00011476769
7714,far,mushroom,frog,0.47225115,-2.4645169,-3.1036517,2690.76,3.4029285e-05
7756,far,mushroom,bird,0.12107769,-3.7670457,-3.8961045,2798.7918,-1.4138311e-06
7785,far,mushroom,dog,0.22836127,-3.0198562,-3.279095,3359.8756,6.0413347e-05
7787,far,mushroom,bird,0.079135045,-5.4663372,-5.5487791,2488.0421,-0.00012052321
8505,far,mushroom,bird,0.074373558,-4.367619,-4.4449036,2834.7035,-7.0521062e-05
8549,far,mushroom,frog,0.026788486,-4.6989865,-4.7261404,984.75317,-7.2455232e-05
8701,far,mushroom,dog,0.17181214,-4.2190995,-4.4076148,2510.9723,-5.818877e-05
8707,far,mushroom,bird,0.0042891217,-6.934309,-6.9386074,1237.01,-0.00020465396
8788,far,mushroom,dog,0.11694225,-3.8527577,-3.9771224,2142.497,6.2276952e-05
8829,far,mushroom,cat,0.13160896,-4.7346382,-4.8757514,2508.1938,-7.4709061e-05
8962,far,mushroom,bird,0.072146614,-4.434998,-4.5098796,2242.8137,4.108578e-06
9095,far,mushroom,ship,0.35789335,-2.5154994,-2.9585002,4435.4506,5.5607547e-05
9103,far,mushroom,bird,0.0018010918,-7.1281862,-7.1299889,348.78569,-0.00022133139
9125,far,mushroom,bird,0.04385614,-4.879168,-4.9240149,1798.1144,-0.00012195688
9193,far,mushroom,cat,0.10504237,-4.1553402,-4.2663191,2209.1198,-9.3727312e-05
9778,far,mushroom,bird,0.40953311,-2.4939196,-3.0207613,3661.7297,0.00013813573
9826,far,mushroom,dog,0.39379526,-2.9357409,-3.4362784,3259.1172,9.6979616e-05
9847,far,mushroom,bird,0.049511866,-5.2571931,-5.3079727,2737.2493,-9.9965298e-05
9997,far,mushroom,airplane,0.056423423,-4.2991686,-4.3572463,1846.4351,-2.8138389e-05
67,far,sunflower,dog,0.019922659,-5.3339047,-5.3540285,2151.9915,-0.00011472795
76,far,sunflower,automobile,0.51835278,-2.1342022,-2.8647456,4697.9863,0.00011510065
238,far,sunflower,bird,0.07020546,-4.1980991,-4.2708908,2067.8676,6.6965794e-06
582,far,sunflower,frog,0.52470397,-2.1819119,-2.9257294,3868.0605,0.0001473936
611,far,sunflower,dog,0.10729112,-5.1539769,-5.2674717,2859.9063,-0.00012150551
629,far,sunflower,dog,0.25120013,-3.2153323,-3.5046158,4256.3884,8.4841965e-05
645,far,sunflower,airplane,0.45744875,-2.4862559,-3.0977286,3752.0925,6.4400577e-05
665,far,sunflower,airplane,0.68389896,-1.7331359,-2.8848293,4095.6136,0.00017592867
714,far,sunflower,bird,0.48151302,-3.3234959,-3.9803362,3876.3871,0.0001083525
749,far,sunflower,frog,0.59735049,-1.5801709,-2.4898597,4204.2985,0.00015728353
788,far,sunflower,bird,0.02063606,-5.0228086,-5.0436605,2131.6531,-0.00012564047
976,far,sunflower,truck,0.0041063733,-6.2250915,-6.2292063,1249.5105,-0.0002237421
1097,far,sunflower,truck,0.1931709,-3.0239737,-3.2386171,3450.3086,-8.0477874e-07
1122,far,sunflower,bird,0.43345259,-2.7044289,-3.2726234,3212.0417,0.00010491909
1231,far,sunflower,bird,0.022990817,-4.9442043,-4.9674636,1275.5211,-7.8132281e-05
1542,far,sunflower,frog,0.27634951,-2.6101222,-2.933569,2627.3166,5.6786414e-05
1713,far,sunflower,bird,0.39978383,-3.2187252,-3.7291906,3490.731,4.1663078e-05
1781,far,sunflower,airplane,0.017225882,-6.0907602,-6.1081362,3083.3927,-0.00016795974
1818,far,sunflower,truck,0.22750533,-2.8109672,-3.0690974,3364.9834,3.3499385e-05
2038,far,sunflower,truck,0.020500225,-5.2650237,-5.285737,2225.6923,-0.00014754733
2243,far,sunflower,bird,0.34410891,-2.8662415,-3.288002,2080.6583,9.4084315e-05
2446,far,sunflower,frog,0.3746656,-3.6865067,-4.1559755,3546.1797,9.3570941e-05
2545,far,sunflower,cat,0.11239028,-4.2163787,-4.3356018,3636.0995,-8.3737743e-06
2740,far,sunflower,frog,0.12362952,-4.8365998,-4.9685662,2606.8254,3.1270558e-05
2811,far,sunflower,frog,0.44630184,-2.2470901,-2.8382257,3703.111,3.6387685e-05
2831,far,sunflower,frog,0.17306867,-4.2160316,-4.4060652,2531.2502,-8.5351996e-05
2856,far,sunflower,bird,0.033991699,-5.4573417,-5.4919245,2528.7806,-6.7395715e-05
2972,far,sunflower,cat,0.14787794,-3.4081714,-3.5681969,2597.3354,-4.5273813e-05
2989,far,sunflower,bird,0.17318722,-3.1682057,-3.3583827,2275.7816,5.2269048e-06
3089,far,sunflower,cat,0.0065907118,-6.1407256,-6.1473381,1171.4303,-0.00024232578
3115,far,sunflower,cat,0.56806382,-2.1121845,-2.951662,4690.1215,0.00016062255
3386,far,sunflower,cat,0.013155049,-5.532228,-5.5454703,1518.2691,-0.00016412987
3402,far,sunflower,bird,0.02189065,-5.0866528,-5.1087866,1664.9555,-6.94981e-05
3429,far,sunflower,cat,0.058158984,-4.1101928,-4.1701116,1620.1923,-4.1590984e-05
3559,far,sunflower,bird,0.15264186,-3.4512668,-3.6168986,2765.3785,3.0904212e-05
3770,far,sunflower,bird,0.11191986,-3.6996024,-3.8182957,2389.6123,-2.3147571e-05
3942,far,sunflower,bird,0.092315187,-3.9882419,-4.0851,2274.8724,-1.7040994e-05
3975,far,sunflower,dog,0.31336968,-3.2051346,-3.5810939,4125.1348,8.0089955e-05
4103,far,sunflower,dog,0.067995044,-4.8560486,-4.9264657,1819.3948,6.1270502e-06
4376,far,sunflower,bird,0.50498378,-3.6170475,-4.3202123,2669.2478,0.00010968783
4746,far,sunflower,truck,0.54761037,-2.2623191,-3.0555306,4116.291,9.8234298e-05
4785,far,sunflower,bird,0.11251527,-4.436254,-4.555618,2729.7061,-2.7545734e-05
4851,far,sunflower,dog,0.59510022,-2.2813025,-3.1854181,3596.2501,0.00018298566
5002,far,sunflower,cat,0.25152494,-2.5184829,-2.8082003,2909.3449,4.6643407e-05
5005,far,sunflower,frog,0.43754534,-1.9708378,-2.5462826,3706.9981,0.00018297797
5155,far,sunflower,dog,0.2374394,-2.846812,-3.1178853,2612.3901,4.955329e-05
5181,far,sunflower,cat,0.15016467,-3.6224792,-3.7851919,2962.683,-5.9638813e-05
5260,far,sunflower,bird,0.0013209081,-7.1917796,-7.1931014,532.20933,-0.00020318539
5573,far,sunflower,bird,0.52641203,-2.4090014,-3.156419,3442.444,0.00011713558
5680,far,sunflower,bird,0.62196494,-1.7521071,-2.7248755,3814.2806,0.00017688185
5742,far,sunflower,frog,0.077401533,-5.1982427,-5.2788038,2249.109,-0.00013431063
5861,far,sunflower,frog,0.027872947,-5.2842731,-5.3125419,921.96497,-6.5633671e-05
6030,far,sunflower,bird,0.001739308,-6.8095951,-6.8113359,549.46932,-0.00025149073
6388,far,sunflower,cat,0.06157542,-4.7318487,-4.7954015,3018.3072,-0.00010733992
6421,far,sunflower,bird,0.097119455,-3.5245245,-3.6266895,2025.7676,3.1642766e-06
6647,far,sunflower,bird,0.67399466,-1.3853179,-2.5061594,4210.4924,0.00017631166
6687,far,sunflower,bird,0.46270206,-2.9934745,-3.614677,4130.8891,0.00011765885
6843,far,sunflower,horse,0.6125624,-1.770607,-2.7188075,5882.1432,0.00017180849
6845,far,sunflower,bird,0.26666652,-3.7165089,-4.0266636,2247.9633,-1.6351063e-05
6928,far,sunflower,dog,0.17168,-3.2885337,-3.4768894,2706.256,7.1818132e-05
7017,far,sunflower,deer,0.38391576,-3.15851,-3.6428815,2824.2357,8.2207782e-05
7258,far,sunflower,dog,0.21903287,-3.3485572,-3.5957795,3374.8077,7.14645e-05
7328,far,sunflower,bird,0.33823823,-2.4556279,-2.8684776,2899.9884,5.9283832e-05
7616,far,sunflower,dog,0.13550798,-3.6650393,-3.8106525,2910.427,-2.0013663e-05
7683,far,sunflower,dog,0.23105097,-4.0344734,-4.297204,1553.1892,7.8801491e-05
7755,far,sunflower,truck,0.27847788,-2.8454726,-3.1718648,3424.6356,-4.6515706e-06
7776,far,sunflower,bird,0.049960856,-5.0992713,-5.1505234,2043.6395,-5.3319365e-05
7989,far,sunflower,bird,0.073668861,-4.3065939,-4.3831174,2383.7875,-3.7002593e-05
7991,far,sunflower,dog,0.35606567,-3.624507,-4.0646655,3098.7817,-1.2998921e-05
8068,far,sunflower,frog,0.18352046,-4.018805,-4.2215585,2515.1229,-2.617185e-05
8166,far,sunflower,bird,0.66491232,-1.1443037,-2.2376667,3131.1605,0.00019173396
8378,far,sunflower,bird,0.20474884,-2.9102066,-3.1393038,2135.4866,4.6003676e-05
8470,far,sunflower,bird,0.011445242,-5.4032898,-5.414801,974.03298,-0.00014171225
8475,far,sunflower,bird,0.0092420803,-6.1849427,-6.1942278,1047.5467,-0.00017301592
8581,far,sunflower,frog,0.5853798,-1.9711118,-2.8515041,4414.6733,0.00016413792
8616,far,sunflower,bird,0.0098403357,-6.0513082,-6.0611972,1073.0404,-0.00013039909
8689,far,sunflower,bird,0.04028303,-4.9085193,-4.9496361,1798.4399,-4.8262715e-05
8730,far,sunflower,bird,0.21199592,-3.4790545,-3.7173065,3510.762,2.9289728e-05
8736,far,sunflower,bird,0.0088683645,-5.7622581,-5.771166,1301.6009,-0.00016628129
8785,far,sunflower,bird,0.11464787,-3.6766176,-3.7983874,2074.7293,-2.10621e-05
8866,far,sunflower,bird,0.29490659,-4.5377884,-4.8872134,3303.2263,-7.5384091e-05
8867,far,sunflower,airplane,0.010970327,-5.7481289,-5.7591598,1095.81,-0.00012378149
8881,far,sunflower,dog,0.18187547,-3.201906,-3.4026467,2614.1528,2.0624267e-05
8985,far,sunflower,airplane,0.72417524,-1.1028683,-2.3908579,4547.9708,0.00021041569
9053,far,sunflower,bird,0.18814379,-3.6724894,-3.8809214,2759.2773,-4.6683816e-06
9174,far,sunflower,airplane,0.29527522,-3.1775939,-3.5275419,2566.8753,6.1231139e-05
9209,far,sunflower,bird,0.4864075,-3.211951,-3.8782762,3188.3095,0.00012774885
9256,far,sunflower,bird,0.1521041,-3.9725425,-4.1375399,1877.7248,3.7256806e-05
9315,far,sunflower,cat,0.0069983476,-6.1848221,-6.191845,1611.7534,-0.00018505878
9396,far,sunflower,cat,0.47981259,-1.8224815,-2.4760476,3877.0066,8.7047456e-05
9431,far,sunflower,bird,0.022855486,-4.9916906,-5.0148114,1175.9471,-0.00010756191
9433,far,sunflower,bird,0.0021788303,-7.2156739,-7.2178551,1474.6899,-0.00021949771
9532,far,sunflower,frog,0.05317831,-4.1913571,-4.2460016,2206.0843,-2.353921e-05
9681,far,sunflower,cat,0.66291908,-1.0539746,-2.1414069,4395.1198,0.00021527198
9711,far,sunflower,bird,0.45429581,-2.5432227,-3.1489009,4103.1579,0.00016177113
9775,far,sunflower,bird,0.0064779537,-6.1794305,-6.1859295,1438.7614,-0.00015093315
9876,far,sunflower,deer,0.19305442,-2.8466887,-3.0611878,2147.8477,0.00013849276
9907,far,sunflower,frog,0.34086694,-3.4572995,-3.8741293,3327.7988,4.4888491e-05
9920,far,sunflower,cat,0.54325696,-2.7269232,-3.5105576,3725.1758,6.4068004e-05
9940,far,sunflower,dog,0.37162148,-2.664422,-3.1290346,3171.4753,0.00012135189
194,far,wardrobe,cat,0.017935092,-5.4224167,-5.4405146,1667.2071,-0.00015842459
220,far,wardrobe,truck,0.093896388,-4.5101485,-4.6087501,1996.3885,-7.2015465e-06
328,far,wardrobe,truck,0.009710191,-5.7557216,-5.7654792,1212.8957,-0.00015707393
363,far,wardrobe,truck,0.25280603,-3.7678368,-4.0592673,4480.3605,3.6682668e-05
378,far,wardrobe,truck,0.12964167,-3.6995716,-3.8384219,3436.4432,1.9169973e-05
647,far,wardrobe,cat,0.022355876,-4.6773233,-4.6999329,2300.0973,-0.00012737505
662,far,wardrobe,bird,0.59359437,-2.4886968,-3.3891003,4895.1647,0.00011810462
734,far,wardrobe,cat,0.10932902,-3.8440807,-3.9598609,3339.8147,-4.9417524e-05
797,far,wardrobe,truck,0.0047818586,-6.4662833,-6.4710766,1062.3152,-0.00016585461
1002,far,wardrobe,cat,0.44017677,-3.442318,-4.0224522,3181.2624,-2.1456724e-06
1362,far,wardrobe,cat,0.13485033,-3.1335855,-3.2784382,2635.633,1.0321242e-05
1415,far,wardrobe,truck,0.049904933,-5.0939436,-5.1451368,3312.2479,-7.9152509e-05
1470,far,wardrobe,ship,0.54726679,-1.7971649,-2.5896172,4777.644,0.00013177947
1508,far,wardrobe,truck,0.19514404,-3.5698767,-3.7869686,3959.3326,4.9190396e-06
1641,far,wardrobe,truck,0.085499539,-4.6009941,-4.6903714,2523.2348,-2.749494e-05
1837,far,wardrobe,truck,0.034505296,-4.5376821,-4.5727967,2286.7455,-0.00011473561
1862,far,wardrobe,cat,0.31252609,-2.247781,-2.6225124,3061.0359,5.8406494e-05
1909,far,wardrobe,cat,0.079481182,-4.1179929,-4.2008107,2163.8085,-9.1538776e-05
1944,far,wardrobe,truck,0.025167587,-5.625772,-5.6512617,1891.7397,-9.6682961e-05
2134,far,wardrobe,truck,0.27030503,-4.2729764,-4.5881051,3045.4629,4.7416077e-06
2432,far,wardrobe,truck,0.01362709,-6.4013238,-6.4150446,3479.9754,-0.00020578956
2453,far,wardrobe,ship,0.037825349,-4.5173812,-4.5559405,2125.9272,-6.5971549e-05
2557,far,wardrobe,ship,0.51485229,-2.0766978,-2.7999997,3522.8141,0.00015633569
2715,far,wardrobe,truck,0.15555168,-4.8109455,-4.9800173,3795.9385,-0.00010639597
2915,far,wardrobe,truck,0.017926946,-5.8949542,-5.9130438,1496.0042,-0.00015201998
3015,far,wardrobe,bird,0.26258582,-3.2682064,-3.5728119,3292.9816,-2.4174871e-07
3053,far,wardrobe,truck,0.002002941,-6.9428177,-6.9448226,1106.1987,-0.00023368838
3149,far,wardrobe,truck,0.057349792,-4.3454971,-4.4045571,2939.2152,-1.4049878e-05
3378,far,wardrobe,cat,0.014458397,-6.2954898,-6.3100537,1727.7784,-0.0002297223
3609,far,wardrobe,frog,0.33673105,-2.4506035,-2.8611782,2642.9861,0.00010855296
3702,far,wardrobe,truck,0.0076215466,-6.016284,-6.0239347,1711.5114,-0.00013869108
3705,far,wardrobe,truck,0.010459015,-5.6160417,-5.6265558,1918.4971,-0.00015601849
3787,far,wardrobe,truck,0.61495897,-1.7118416,-2.666247,4914.4033,0.00013690012
3806,far,wardrobe,cat,0.20604735,-2.6402757,-2.8710072,2853.8022,6.2993437e-06
3853,far,wardrobe,truck,0.45512204,-5.0350547,-5.6422481,4288.0903,-8.4483043e-05
3924,far,wardrobe,truck,0.0099894727,-6.9088106,-6.9188503,3107.3583,-0.0002522143
4031,far,wardrobe,truck,0.30523195,-3.0632644,-3.4274416,3878.8361,5.8723061e-05
4033,far,wardrobe,cat,0.079473476,-4.5800495,-4.662859,3290.6186,-5.914618e-05
4034,far,wardrobe,truck,0.2431914,-4.6489744,-4.9276193,4616.6131,-7.2298579e-05
4087,far,wardrobe,truck,0.020092812,-5.7093201,-5.7296175,2218.0153,-0.000168272
4171,far,wardrobe,cat,0.17761799,-3.2839408,-3.4794911,2499.9095,-1.0751134e-05
4208,far,wardrobe,truck,0.011288779,-6.4289622,-6.4403152,1785.8866,-0.00020239927
4245,far,wardrobe,cat,0.41075373,-3.4257753,-3.9546864,4199.192,-9.0592995e-06
4382,far,wardrobe,cat,0.0042033923,-6.1206002,-6.1248125,989.26194,-0.00023791906
4466,far,wardrobe,cat,0.33418969,-4.7168326,-5.1235831,3844.406,-8.0188934e-05
4631,far,wardrobe,cat,0.2469456,-4.0010781,-4.2846959,3117.7423,-5.2790841e-05
4734,far,wardrobe,cat,0.49784101,-2.1350794,-2.8239179,3392.3443,7.1319433e-05
4910,far,wardrobe,truck,0.17337921,-4.0374546,-4.2278638,3644.0434,-8.0042453e-06
4933,far,wardrobe,truck,0.016403795,-7.4168186,-7.4333584,3607.4458,-0.00026918108
4947,far,wardrobe,cat,0.25228489,-3.067404,-3.3581373,3164.0759,1.224863e-05
5082,far,wardrobe,truck,0.31385471,-5.1240187,-5.5006846,4265.4818,-0.00010490888
5215,far,wardrobe,cat,0.39143601,-2.7854416,-3.2820949,3588.959,0.00011221492
5333,far,wardrobe,cat,0.52730377,-2.093061,-2.8423633,3220.5346,9.8363954e-05
5387,far,wardrobe,horse,0.55192673,-2.0532422,-2.8560407,4232.1646,0.00016490366
5428,far,wardrobe,truck,0.0052183229,-6.5044374,-6.5096694,1927.3199,-0.00017620999
5565,far,wardrobe,cat,0.042864403,-5.0743365,-5.1181467,2304.9299,-0.00014496683
5587,far,wardrobe,truck,0.0044957754,-6.2499228,-6.2544287,1319.6491,-0.00019894858
5643,far,wardrobe,truck,0.0080514785,-6.2009082,-6.2089923,1962.4708,-0.00020087043
5666,far,wardrobe,cat,0.0038726657,-7.2766299,-7.2805101,2260.8232,-0.00029115234
5825,far,wardrobe,cat,0.45180023,-2.9675744,-3.5686899,4254.1681,1.232564e-05
6046,far,wardrobe,truck,0.22080419,-4.2226319,-4.4721248,4547.1923,-8.4216427e-05
6161,far,wardrobe,truck,0.022494735,-5.8131294,-5.835881,3076.1501,-0.00018764395
6204,far,wardrobe,cat,0.36219069,-3.3446317,-3.7943476,4236.1705,1.5948007e-05
6237,far,wardrobe,cat,0.5529159,-1.8301506,-2.6351592,3961.6068,8.696244e-05
6390,far,wardrobe,truck,0.0019312434,-7.8412142,-7.8431473,1422.2526,-0.00029908269
6413,far,wardrobe,truck,0.014495659,-6.8702316,-6.8848334,2918.013,-0.00021711858
6423,far,wardrobe,truck,0.010235534,-5.5968189,-5.6071072,2203.0058,-0.00018881556
6512,far,wardrobe,cat,0.41510602,-3.5727916,-4.1091162,4184.7117,-4.0003616e-05
6783,far,wardrobe,truck,0.32421256,-3.1759913,-3.567868,4523.7816,1.9305701e-05
6809,far,wardrobe,truck,0.045235507,-5.3077588,-5.3540494,4953.865,-0.00013073914
6823,far,wardrobe,cat,0.28903069,-3.3468482,-3.6879743,2785.1099,-1.2602481e-05
6863,far,wardrobe,cat,0.33111305,-3.8441002,-4.2462404,3995.2606,-8.5199999e-05
7123,far,wardrobe,truck,0.27380017,-2.8001666,-3.1200967,4864.3542,1.6170697e-05
7171,far,wardrobe,truck,0.0040951179,-7.3305526,-7.3346561,1387.9457,-0.00022428164
7285,far,wardrobe,truck,0.16354085,-3.1482885,-3.3268661,2555.0919,8.2639175e-05
7437,far,wardrobe,truck,0.027642874,-6.0367832,-6.0648153,2579.7254,-0.00016363328
7469,far,wardrobe,truck,0.018164636,-6.2705879,-6.2889196,1936.7495,-0.00018283402
7604,far,wardrobe,truck,0.0017554584,-7.3246031,-7.3263601,1443.5981,-0.00024633458
7606,far,wardrobe,truck,0.068062644,-4.6838799,-4.7543695,2544.788,-0.00010395908
7607,far,wardrobe,truck,0.067836392,-5.4399705,-5.5102174,3905.4109,-0.00018783046
7694,far,wardrobe,cat,0.0083748542,-5.3564148,-5.3648249,1317.4002,-0.00017719672
7828,far,wardrobe,truck,0.14959571,-4.3654613,-4.5275048,2543.7493,-1.1421394e-05
8236,far,wardrobe,truck,0.0048920915,-6.4575863,-6.4624904,1024.9635,-0.00019071572
8244,far,wardrobe,cat,0.032897603,-4.577745,-4.6111959,2157.3515,-0.00015195715
8531,far,wardrobe,truck,0.0079817714,-6.2765288,-6.2845426,1716.8348,-0.00014141353
8576,far,wardrobe,truck,0.46216655,-2.9252381,-3.5454445,4723.4701,1.0233517e-05
8740,far,wardrobe,cat,0.0028381589,-6.5018959,-6.5047381,856.83588,-0.00025771967
8757,far,wardrobe,truck,0.033402197,-5.7063856,-5.7403584,3238.1738,-8.5469398e-05
8804,far,wardrobe,cat,0.078577698,-4.1078105,-4.1896473,2105.4549,-9.5137602e-05
8868,far,wardrobe,truck,0.25188762,-3.7452059,-4.035408,3522.3843,8.2220901e-05
8889,far,wardrobe,cat,0.33846563,-2.2077069,-2.6209003,3160.1434,4.8331921e-05
8930,far,wardrobe,cat,0.29390134,-3.4934587,-3.8414591,3318.8087,-2.5909207e-05
9059,far,wardrobe,ship,0.068754069,-5.2020593,-5.2732911,3937.9379,-8.4629537e-05
9149,far,wardrobe,truck,0.0036072095,-6.415833,-6.4194467,553.42,-0.00016903723
9186,far,wardrobe,cat,0.11781724,-4.2597947,-4.3851507,1981.9903,-9.9901881e-05
9212,far,wardrobe,dog,0.14724869,-3.7216265,-3.8809138,2737.2931,7.8062869e-05
9270,far,wardrobe,truck,0.45731696,-2.881526,-3.4927558,3942.5544,3.667852e-05
9307,far,wardrobe,cat,0.0086884492,-5.411818,-5.4205444,979.17318,-0.00018609048
9657,far,wardrobe,ship,0.46290222,-2.2075586,-2.8291337,4412.8974,4.0737962e-05
9734,far,wardrobe,cat,0.50442638,-3.2109404,-3.9129797,3087.651,6.3898083e-05
