index,group,fine_class,pred,u_msp,u_mls,u_energy,u_mahalanobis
94,near,bus,truck,0.00016992667,-9.9352684,-9.9354383,113.4061
193,near,bus,truck,0.00016672773,-10.277154,-10.277321,411.48249
619,near,bus,automobile,0.00051243973,-9.9447355,-9.9452481,511.41504
766,near,bus,truck,0.00050739008,-9.2698736,-9.2703811,340.41421
822,near,bus,truck,0.019883013,-8.5253429,-8.5454263,1897.4056
957,near,bus,truck,0.00017933339,-10.699234,-10.699413,981.73034
1034,near,bus,truck,0.020180863,-6.3502245,-6.3706118,1649.7539
1143,near,bus,truck,0.0014912215,-8.4400282,-8.4415205,1106.6702
1271,near,bus,truck,0.00089488007,-9.0572662,-9.0581615,389.49273
1427,near,bus,automobile,0.028491632,-6.8410034,-6.8699088,1570.8746
1445,near,bus,truck,0.0002961669,-9.8783436,-9.8786398,527.17466
1478,near,bus,truck,0.00058248269,-9.2956076,-9.2961902,511.76837
1489,near,bus,truck,0.00067733354,-9.1648636,-9.1655411,649.29815
1616,near,bus,horse,0.034288968,-6.4508133,-6.4857039,2407.0106
1662,near,bus,truck,0.00012610566,-10.34857,-10.348696,77.539954
1889,near,bus,cat,0.41192085,-3.5350049,-4.0658986,3852.2386
1985,near,bus,automobile,0.00034153764,-9.7392502,-9.7395918,285.10571
2019,near,bus,truck,0.088145861,-6.7192912,-6.8115664,2330.9042
2203,near,bus,automobile,0.001522703,-9.1204433,-9.1219672,636.60158
2484,near,bus,truck,0.0018733664,-8.9982166,-9.0000918,865.88842
2591,near,bus,truck,0.00050677554,-9.760623,-9.7611299,392.1296
2665,near,bus,truck,8.3688761e-05,-10.893579,-10.893663,399.63521
2698,near,bus,automobile,0.0060437408,-8.3227921,-8.3288541,1043.5994
2719,near,bus,truck,9.3193638e-05,-10.590409,-10.590502,231.54376
2832,near,bus,truck,0.00023016683,-9.9773092,-9.9775394,542.18002
2843,near,bus,truck,0.00030229623,-9.650425,-9.6507273,615.72988
3026,near,bus,truck,9.1964184e-05,-10.825131,-10.825223,265.83902
3106,near,bus,truck,0.0008224359,-9.1412802,-9.1421029,720.61593
3197,near,bus,truck,0.00027860015,-9.5912981,-9.5915767,164.0309
3236,near,bus,truck,0.34180565,-6.0033612,-6.4216162,3532.7897
3276,near,bus,truck,0.00010832232,-10.608386,-10.608494,388.54407
3478,near,bus,truck,0.19472175,-6.5496564,-6.7662238,3073.1895
3564,near,bus,truck,0.43234082,-5.4036851,-5.9699192,4402.1611
3701,near,bus,truck,0.10220251,-6.6624131,-6.7702239,2304.6064
3755,near,bus,truck,9.8209502e-05,-10.65784,-10.657938,260.51357
3868,near,bus,automobile,0.035347894,-7.6299319,-7.6659197,1771.6884
3887,near,bus,truck,0.00077542667,-9.2428398,-9.2436155,577.23113
3947,near,bus,truck,0.0019016924,-8.4798841,-8.4817877,1332.0036
4104,near,bus,airplane,0.00076815419,-8.9562016,-8.95697,801.08953
4129,near,bus,truck,0.37316014,-3.6749907,-4.1420548,3692.3414
4173,near,bus,truck,8.426678e-05,-11.25037,-11.250454,335.40707
4185,near,bus,truck,0.00024590107,-9.9045134,-9.9047593,222.2161
4201,near,bus,truck,0.0012421893,-9.9174185,-9.9186614,1490.3611
4296,near,bus,truck,0.00037793392,-9.8786173,-9.8789953,359.94601
4307,near,bus,truck,0.00011037705,-10.401928,-10.402038,264.17578
4426,near,bus,automobile,0.0062215441,-7.6713285,-7.6775695,889.83848
4434,near,bus,truck,0.0078092983,-6.8628645,-6.8707044,1464.9385
4464,near,bus,truck,0.011559511,-6.8642082,-6.8758351,1450.7664
4468,near,bus,truck,0.010765271,-8.3087568,-8.3195805,1537.7359
4586,near,bus,automobile,0.0043627575,-9.370986,-9.3753583,1357.3759
4740,near,bus,truck,0.13802572,-5.5029583,-5.6514881,3159.2072
4756,near,bus,truck,0.31146846,-4.0650325,-4.4382266,4882.7628
4788,near,bus,automobile,0.0028577984,-8.9792433,-8.9821052,747.11735
4808,near,bus,airplane,0.41326867,-5.3958616,-5.9290499,3543.7513
4998,near,bus,truck,0.0047498347,-8.2616091,-8.2663702,1006.1885
5015,near,bus,truck,0.0083221994,-8.1335955,-8.1419525,1326.6946
5020,near,bus,truck,0.38922024,-4.0070477,-4.5000665,4777.7929
5064,near,bus,truck,0.001687582,-8.4587145,-8.4604035,1008.3512
5163,near,bus,truck,0.00049117078,-9.3679647,-9.368456,310.0263
5184,near,bus,truck,0.00065181487,-9.7973566,-9.7980086,540.8178
5201,near,bus,truck,0.00016894485,-11.833667,-11.833836,1186.9994
5465,near,bus,truck,0.12841147,-5.0593729,-5.1968107,2769.001
5634,near,bus,truck,0.00051858433,-9.3870344,-9.3875531,386.54389
5654,near,bus,automobile,0.00048679989,-8.9782581,-8.9787451,122.90206
5748,near,bus,truck,0.00082005625,-9.3456907,-9.3465111,507.52881
5853,near,bus,truck,0.00027786743,-10.182828,-10.183106,432.09426
5920,near,bus,truck,0.0032645377,-9.0333452,-9.0366151,1338.8204
6116,near,bus,truck,0.00026266897,-10.575686,-10.575948,1252.9876
6176,near,bus,truck,0.00051042229,-9.5404692,-9.5409797,477.96097
6303,near,bus,truck,0.22585014,-5.4562998,-5.7122896,2770.6709
6339,near,bus,truck,9.9742575e-05,-11.238074,-11.238174,587.54389
6411,near,bus,automobile,0.40053,-5.2135062,-5.7252156,3681.2175
6712,near,bus,truck,0.0057351803,-8.6214666,-8.6272183,1640.2156
6791,near,bus,ship,0.010829603,-7.3597784,-7.3706671,1581.5606
7133,near,bus,truck,2.9787945e-05,-11.703967,-11.703997,497.41896
7376,near,bus,truck,0.00081972741,-8.9011393,-8.9019593,428.36342
7441,near,bus,truck,0.00018572592,-10.447735,-10.447921,421.6329
7508,near,bus,truck,0.00021130298,-9.9091854,-9.9093967,162.19895
7567,near,bus,truck,0.51911743,-3.8589063,-4.5910384,6316.2837
7812,near,bus,truck,0.0035681674,-8.3056345,-8.309209,841.11624
7816,near,bus,truck,0.00076881806,-10.122294,-10.123064,928.68847
8023,near,bus,truck,0.23604462,-5.24577,-5.5150159,4162.7962
8085,near,bus,truck,9.2565551e-05,-10.758035,-10.758127,850.97628
8126,near,bus,automobile,0.0074387672,-8.6202536,-8.6277201,1285.3309
8497,near,bus,truck,0.018055475,-6.2845006,-6.3027211,1660.1987
8596,near,bus,truck,0.015011086,-7.603662,-7.6187869,1729.1583
8609,near,bus,truck,0.0004032956,-9.2187128,-9.2191162,441.10788
8655,near,bus,truck,8.5038252e-05,-10.856089,-10.856174,431.0309
8663,near,bus,truck,0.0039906452,-7.7702274,-7.7742261,1355.4204
8717,near,bus,automobile,0.42866822,-4.8850918,-5.444877,3961.9257
8920,near,bus,truck,0.072132865,-5.1890507,-5.2639174,2780.2982
8958,near,bus,automobile,0.00036409151,-9.426713,-9.4270771,116.29522
9027,near,bus,truck,0.23338878,-4.5639491,-4.8297246,3956.663
9232,near,bus,truck,9.9700585e-05,-11.043417,-11.043517,478.74035
9252,near,bus,truck,0.024492637,-8.3307009,-8.3554984,2328.4811
9546,near,bus,truck,0.026232335,-7.4379144,-7.4644969,2189.0078
9572,near,bus,truck,0.0021746872,-8.3092051,-8.3113821,638.76567
9815,near,bus,automobile,0.0037361313,-8.2846985,-8.2884416,719.82194
9835,near,bus,truck,0.00012656784,-10.286931,-10.287058,238.24654
9930,near,bus,truck,0.047888467,-7.5563617,-7.6054348,2091.523
36,near,pickup_truck,truck,0.002287597,-7.9155841,-7.9178743,557.78557
47,near,pickup_truck,truck,0.49961373,-5.8876276,-6.5800025,3853.3516
149,near,pickup_truck,automobile,0.0004111288,-9.4475794,-9.4479906,234.89091
150,near,pickup_truck,truck,0.00027907042,-9.6866407,-9.6869198,140.21264
156,near,pickup_truck,truck,0.0014124825,-10.737461,-10.738875,1732.5824
196,near,pickup_truck,truck,0.08479181,-6.4564462,-6.5450499,3837.0699
256,near,pickup_truck,truck,0.0007790064,-8.9712191,-8.9719984,467.93766
353,near,pickup_truck,automobile,0.00038017462,-10.139766,-10.140146,546.91706
460,near,pickup_truck,automobile,0.00057191639,-9.1816225,-9.1821946,307.21151
507,near,pickup_truck,automobile,0.47062859,-5.1096592,-5.7457242,3795.896
578,near,pickup_truck,automobile,0.0091744343,-7.5810585,-7.5902753,1210.9612
796,near,pickup_truck,truck,0.00057633004,-8.9858637,-8.9864402,215.69252
803,near,pickup_truck,automobile,0.00091172804,-8.9386501,-8.9395623,415.00328
1145,near,pickup_truck,automobile,0.27586718,-7.2262182,-7.5489987,3433.31
1155,near,pickup_truck,truck,0.13116527,-6.7843165,-6.9249189,2851.534
1212,near,pickup_truck,automobile,0.0088791645,-7.8106441,-7.819563,1070.2027
1327,near,pickup_truck,automobile,0.0041946167,-8.2868567,-8.2910601,906.84791
1491,near,pickup_truck,automobile,0.04612638,-6.4790678,-6.5262919,1764.3064
1568,near,pickup_truck,automobile,0.00021720056,-10.567932,-10.568149,415.07987
1913,near,pickup_truck,truck,0.0011255073,-9.3971519,-9.3982781,899.08426
2012,near,pickup_truck,truck,0.0038186675,-8.3332005,-8.3370264,929.24992
2100,near,pickup_truck,automobile,0.00031991391,-9.4141636,-9.4144836,148.15714
2321,near,pickup_truck,automobile,0.001086758,-8.2977753,-8.2988626,356.88083
2396,near,pickup_truck,automobile,0.24546212,-5.9802837,-6.2619335,2806.3575
2421,near,pickup_truck,truck,0.0055754829,-7.7956719,-7.801263,1100.4762
2556,near,pickup_truck,truck,0.47905877,-4.7717705,-5.4238885,4155.1924
2603,near,pickup_truck,automobile,0.000598976,-8.9338379,-8.934437,122.11432
2882,near,pickup_truck,automobile,0.0018317335,-8.9925985,-8.9944319,712.48079
3537,near,pickup_truck,automobile,0.42365219,-5.9184041,-6.4694481,3713.6708
3630,near,pickup_truck,truck,0.017760332,-7.6758571,-7.693777,1647.2189
3655,near,pickup_truck,automobile,0.0026960015,-9.0664539,-9.0691536,767.45689
3933,near,pickup_truck,automobile,0.016331929,-7.2627177,-7.2791845,1462.2985
4316,near,pickup_truck,truck,0.0067713937,-8.5175323,-8.5243268,1369.0781
4335,near,pickup_truck,truck,0.00017527381,-9.9611998,-9.961375,380.78585
4387,near,pickup_truck,truck,0.0055866676,-7.9859071,-7.9915094,1564.8162
4463,near,pickup_truck,automobile,0.0010566047,-9.4597282,-9.4607854,725.57576
4506,near,pickup_truck,automobile,7.9320727e-05,-10.858645,-10.858725,232.125
4515,near,pickup_truck,automobile,0.00014025364,-10.213585,-10.213725,126.82186
4588,near,pickup_truck,automobile,0.00078068613,-8.9808178,-8.9815988,273.06721
4693,near,pickup_truck,automobile,0.0011781279,-8.9624405,-8.9636193,731.8147
4821,near,pickup_truck,automobile,0.0025312704,-8.4178562,-8.4203907,1013.4468
4870,near,pickup_truck,automobile,0.000245504,-9.7685661,-9.7688117,177.12864
4881,near,pickup_truck,automobile,0.0035130648,-8.7046919,-8.7082111,830.28013
5008,near,pickup_truck,automobile,0.00056834073,-8.9189816,-8.9195501,110.2175
5009,near,pickup_truck,automobile,0.00025590058,-10.057356,-10.057612,166.69545
5110,near,pickup_truck,automobile,0.00084447503,-10.154019,-10.154864,762.99339
5129,near,pickup_truck,automobile,0.12686263,-7.3669815,-7.5026439,2816.4422
5149,near,pickup_truck,truck,0.00043552584,-9.2695656,-9.2700012,130.61824
5317,near,pickup_truck,automobile,0.0094869135,-8.3855743,-8.3951065,1245.9394
5437,near,pickup_truck,automobile,0.0061480064,-8.2792263,-8.2853933,1226.2555
5568,near,pickup_truck,truck,0.01668631,-7.6719666,-7.6887936,1511.579
5715,near,pickup_truck,automobile,0.004791854,-8.5938377,-8.5986411,1072.3141
5732,near,pickup_truck,automobile,0.028753112,-6.5930009,-6.6221755,2137.9345
5736,near,pickup_truck,truck,0.18827175,-6.2125964,-6.4211861,2869.2278
5738,near,pickup_truck,automobile,0.13063749,-5.5923576,-5.7323527,2689.135
5756,near,pickup_truck,automobile,0.00035850896,-9.8831491,-9.8835077,257.37797
5893,near,pickup_truck,automobile,0.42635453,-5.1980834,-5.7538271,3840.9974
5932,near,pickup_truck,truck,0.067884178,-7.1847768,-7.255075,2334.4128
6075,near,pickup_truck,automobile,0.00031943506,-9.6848621,-9.6851816,114.55195
6574,near,pickup_truck,automobile,0.00028704208,-10.168578,-10.168865,318.04156
6653,near,pickup_truck,automobile,0.00055295595,-9.5198689,-9.520422,272.20291
7119,near,pickup_truck,truck,0.0035625235,-8.6459646,-8.6495335,1389.9145
7131,near,pickup_truck,automobile,0.48154887,-5.1551828,-5.8120923,3612.8631
7207,near,pickup_truck,automobile,0.00092954821,-8.8776035,-8.8785335,330.57201
7389,near,pickup_truck,automobile,9.472215e-05,-10.707325,-10.70742,255.70411
7559,near,pickup_truck,automobile,0.0010996643,-9.3130007,-9.3141009,665.41515
7570,near,pickup_truck,truck,0.12310795,-7.2984853,-7.4298567,2949.9766
7658,near,pickup_truck,automobile,5.9718041e-05,-11.117802,-11.117861,203.12105
7823,near,pickup_truck,truck,0.30199979,-6.1538315,-6.5133674,4034.9735
7866,near,pickup_truck,automobile,0.14934751,-5.6239557,-5.7857073,2865.9503
7900,near,pickup_truck,automobile,0.00042742907,-9.2554379,-9.2558654,197.29387
7962,near,pickup_truck,truck,0.00083687774,-8.8586311,-8.8594684,552.75392
7994,near,pickup_truck,truck,0.50519643,-4.0410781,-4.7446725,4956.9101
7999,near,pickup_truck,airplane,0.45104697,-4.1339078,-4.7336502,4193.7783
8082,near,pickup_truck,automobile,0.00064669308,-8.991847,-8.9924939,339.92359
8165,near,pickup_truck,automobile,0.033483799,-7.7648697,-7.7989269,1794.5724
8219,near,pickup_truck,automobile,0.0020387806,-7.9873533,-7.9893942,700.46944
8391,near,pickup_truck,truck,0.067788647,-6.6360235,-6.7062192,2148.6908
8455,near,pickup_truck,automobile,0.00100384,-8.7811966,-8.7822009,335.16379
8503,near,pickup_truck,automobile,0.47756711,-6.2787218,-6.9279805,3667.2414
8519,near,pickup_truck,truck,0.34550077,-5.2737308,-5.6976156,4412.0078
8693,near,pickup_truck,automobile,0.043608139,-7.413743,-7.4583306,2121.4372
8944,near,pickup_truck,automobile,0.013413207,-6.9759493,-6.9894533,1650.8787
8947,near,pickup_truck,truck,0.00036311344,-10.112351,-10.112715,678.86041
8953,near,pickup_truck,automobile,0.00058569759,-8.8775587,-8.8781446,283.06512
8966,near,pickup_truck,automobile,0.0065545012,-8.0571995,-8.0637756,1015.7134
9030,near,pickup_truck,truck,0.0032811752,-8.1643705,-8.1676571,754.49934
9081,near,pickup_truck,automobile,4.3504611e-05,-11.671934,-11.671978,576.8814
9368,near,pickup_truck,truck,0.055345541,-5.3124924,-5.3694284,2434.6896
9377,near,pickup_truck,automobile,0.0035279563,-8.6511555,-8.6546897,790.44577
9388,near,pickup_truck,automobile,0.0004271734,-9.2282152,-9.2286425,98.166673
9429,near,pickup_truck,automobile,0.013007225,-8.0206223,-8.0337148,1238.0277
9447,near,pickup_truck,automobile,0.00031042899,-9.7699871,-9.7702976,161.44702
9504,near,pickup_truck,truck,0.0034625567,-7.8997121,-7.9031807,960.21329
9662,near,pickup_truck,automobile,0.0019101819,-8.584259,-8.586171,456.33311
9676,near,pickup_truck,automobile,0.00066106535,-9.2417822,-9.2424435,320.07199
9871,near,pickup_truck,truck,0.061904318,-7.1985998,-7.2625031,2718.6408
9878,near,pickup_truck,automobile,0.00050858081,-9.4130383,-9.413547,234.8429
9880,near,pickup_truck,truck,0.00059114705,-9.3884535,-9.3890448,361.72477
9927,near,pickup_truck,automobile,0.00016557274,-10.241957,-10.242122,100.76741
354,near,motorcycle,automobile,0.014489394,-7.3670936,-7.381689,2255.2459
615,near,motorcycle,frog,0.030831672,-6.7185864,-6.7499034,1974.3989
626,near,motorcycle,automobile,0.2766528,-5.1243424,-5.4482084,3187.0185
752,near,motorcycle,automobile,0.1187142,-4.6544724,-4.7808456,2731.8971
790,near,motorcycle,automobile,0.10684245,-6.635488,-6.7484803,2649.163
923,near,motorcycle,automobile,0.061318348,-5.102634,-5.1659128,2613.5349
1023,near,motorcycle,truck,0.0013672208,-8.8796721,-8.8810402,840.49601
1096,near,motorcycle,cat,0.35686603,-3.3601329,-3.8015352,3473.6435
1218,near,motorcycle,automobile,0.048995619,-5.4012418,-5.4514784,2021.07
1321,near,motorcycle,truck,0.076703644,-6.7915902,-6.8713952,4451.1537
1404,near,motorcycle,cat,0.39022016,-4.9526105,-5.4472678,3791.3284
1463,near,motorcycle,automobile,0.025214522,-7.4418187,-7.4673566,3348.9431
1464,near,motorcycle,truck,0.40594315,-4.5669451,-5.0877253,3820.919
1671,near,motorcycle,automobile,0.29762959,-4.5061655,-4.8594599,4334.4984
1812,near,motorcycle,automobile,0.07918294,-5.2746577,-5.3571516,2265.2059
1829,near,motorcycle,airplane,0.64126298,-2.8675525,-3.8927182,5175.472
2033,near,motorcycle,airplane,0.091149324,-5.6031475,-5.698722,2538.2191
2066,near,motorcycle,deer,0.055359927,-5.6286216,-5.6855729,2264.0384
2072,near,motorcycle,airplane,0.42875686,-4.5343466,-5.0942869,4301.8356
2082,near,motorcycle,automobile,0.028523698,-7.0729814,-7.1019198,1799.1338
2148,near,motorcycle,truck,0.4004616,-3.9585338,-4.470129,6662.7923
2242,near,motorcycle,automobile,0.39201509,-4.7951322,-5.2927374,4429.2613
3027,near,motorcycle,cat,0.349172,-4.776813,-5.2063229,3923.5133
3054,near,motorcycle,airplane,0.0038780899,-8.3927622,-8.3966478,2341.123
3111,near,motorcycle,airplane,0.19183618,-5.0656457,-5.2786362,3333.2666
3240,near,motorcycle,airplane,0.35285668,-4.5848708,-5.0200583,3949.6029
3256,near,motorcycle,airplane,0.35162701,-3.5842741,-4.0175632,3745.9159
3376,near,motorcycle,automobile,0.00038584913,-9.8185368,-9.8189227,661.16692
3525,near,motorcycle,airplane,0.02757085,-6.1277585,-6.1557166,2065.5341
3558,near,motorcycle,automobile,0.0032847765,-7.7987528,-7.802043,904.52331
3606,near,motorcycle,truck,0.014603361,-6.4359784,-6.4506895,2080.5006
3715,near,motorcycle,frog,0.38531364,-4.3283901,-4.8150332,3649.3498
3732,near,motorcycle,truck,0.018117153,-7.2173963,-7.2356795,2257.7372
3748,near,motorcycle,cat,0.21218262,-4.5565619,-4.7950509,4059.8123
3857,near,motorcycle,automobile,0.21474028,-5.5727277,-5.8144684,3814.7177
3893,near,motorcycle,bird,0.48984404,-5.8615141,-6.5345529,3412.7626
4028,near,motorcycle,airplane,0.08825109,-5.0659542,-5.1583449,2544.3521
4128,near,motorcycle,truck,0.56549988,-3.6216269,-4.4551859,4531.6129
4147,near,motorcycle,automobile,0.49162022,-3.0439756,-3.7205021,4385.6099
4461,near,motorcycle,airplane,0.021990792,-6.5754647,-6.5977009,1907.9155
4487,near,motorcycle,airplane,0.2840382,-3.8644423,-4.1985708,3836.816
4892,near,motorcycle,automobile,0.062011663,-4.8986468,-4.9626646,2497.3212
4927,near,motorcycle,airplane,0.40321302,-3.8412578,-4.3574529,4919.8259
4960,near,motorcycle,horse,0.18637688,-5.2375159,-5.4437739,3303.8599
5003,near,motorcycle,automobile,0.5544207,-3.6790342,-4.4874143,4468.0594
5112,near,motorcycle,truck,0.61271379,-2.6930256,-3.6416169,6432.8672
5114,near,motorcycle,truck,0.26597956,-4.2298279,-4.5390463,4392.4421
5162,near,motorcycle,truck,0.27664647,-4.6565294,-4.9803866,4321.0104
5175,near,motorcycle,truck,0.0094735847,-7.7740626,-7.7835814,1448.8711
5216,near,motorcycle,horse,0.26102064,-4.1533341,-4.4558194,3083.8577
5311,near,motorcycle,frog,0.18243389,-5.1033382,-5.3047617,3892.267
5342,near,motorcycle,frog,0.062627916,-6.009295,-6.07397,2394.8318
5350,near,motorcycle,truck,0.0006840954,-8.9810753,-8.9817596,355.92849
5430,near,motorcycle,truck,0.0092814001,-7.8190246,-7.8283493,1982.0834
5460,near,motorcycle,automobile,0.096579846,-5.6064091,-5.7079766,3163.7025
5469,near,motorcycle,truck,0.33453882,-4.8823242,-5.2895992,5359.5601
5486,near,motorcycle,automobile,0.0023929629,-8.3177309,-8.3201267,1518.6139
5572,near,motorcycle,automobile,0.004023308,-8.6165485,-8.62058,986.15856
5612,near,motorcycle,automobile,0.3886125,-4.6073685,-5.0993928,3534.0403
5650,near,motorcycle,automobile,0.028767536,-6.2003074,-6.2294968,2276.1756
5691,near,motorcycle,airplane,0.52947752,-3.7465105,-4.500422,4189.8547
6022,near,motorcycle,truck,0.072919967,-5.8130164,-5.8887318,3466.2053
6144,near,motorcycle,frog,0.32429823,-4.370471,-4.7624745,3926.4418
6279,near,motorcycle,automobile,0.02456959,-5.941493,-5.9663695,1888.9672
6343,near,motorcycle,truck,0.0070341606,-7.543942,-7.551001,1924.039
6382,near,motorcycle,automobile,0.0013946467,-8.8611546,-8.8625502,784.11589
6416,near,motorcycle,automobile,0.11616215,-6.2075853,-6.331067,3032.0754
6449,near,motorcycle,automobile,0.0091649821,-7.0669618,-7.076169,1651.0331
6547,near,motorcycle,automobile,0.0031603413,-7.6767001,-7.6798655,731.34347
6730,near,motorcycle,airplane,0.52244741,-3.706145,-4.445226,4851.7192
6914,near,motorcycle,truck,0.1512434,-4.5794148,-4.7433977,3708.7387
6954,near,motorcycle,truck,0.083903865,-5.4309325,-5.5185665,3014.2888
7109,near,motorcycle,automobile,0.019031684,-8.6610813,-8.6802964,2620.2038
7110,near,motorcycle,airplane,0.019579277,-6.652689,-6.6724625,1818.3558
7160,near,motorcycle,automobile,0.12495819,-5.1320086,-5.2654922,4670.5872
7209,near,motorcycle,truck,0.15619089,-5.6620154,-5.8318444,5393.1091
7249,near,motorcycle,automobile,0.35180608,-5.1334176,-5.566983,4120.7089
7289,near,motorcycle,truck,0.35323122,-2.9018116,-3.337578,3832.2926
7471,near,motorcycle,cat,0.14237873,-4.5825481,-4.7361408,2613.3006
7489,near,motorcycle,horse,0.60696973,-3.0844922,-4.0183608,4467.6458
7569,near,motorcycle,automobile,0.01945603,-6.5722876,-6.5919353,2239.9134
7640,near,motorcycle,automobile,0.012565559,-6.6288371,-6.6414823,1877.2662
7806,near,motorcycle,automobile,0.12495562,-5.947947,-6.0814277,2675.4389
7871,near,motorcycle,automobile,0.39747934,-5.1442499,-5.6508832,4624.1616
8183,near,motorcycle,truck,0.57855661,-3.18205,-4.0461198,4757.2006
8257,near,motorcycle,horse,0.21763538,-3.6807415,-3.9261759,3250.877
8300,near,motorcycle,automobile,0.14998124,-4.8459582,-5.0084551,3028.8904
8457,near,motorcycle,airplane,0.34257031,-4.8322701,-5.2516876,4283.5353
8460,near,motorcycle,automobile,0.21491901,-4.4156432,-4.6576116,3930.1456
8627,near,motorcycle,automobile,0.011664056,-7.4470863,-7.4588189,1415.551
8763,near,motorcycle,automobile,0.29227434,-5.2597423,-5.605441,4616.5826
8929,near,motorcycle,truck,0.21664921,-4.2990832,-4.5432579,6127.7813
8981,near,motorcycle,truck,0.54827826,-3.826993,-4.6216819,4810.0816
9007,near,motorcycle,airplane,0.019616807,-6.0606461,-6.0804578,2157.0322
9017,near,motorcycle,automobile,0.00078498393,-9.2571659,-9.2579512,593.76887
9205,near,motorcycle,automobile,0.027571026,-6.8830786,-6.9110368,2600.7124
9276,near,motorcycle,airplane,0.034315571,-7.0761242,-7.1110424,3700.531
9345,near,motorcycle,truck,0.30424187,-6.4498825,-6.8126357,3871.2805
9654,near,motorcycle,automobile,0.2437619,-5.2184691,-5.4978681,3783.4788
9833,near,motorcycle,airplane,0.71619502,-1.8176713,-3.0771393,4213.0242
85,near,tractor,truck,0.10413578,-5.2597799,-5.3697464,2328.9468
230,near,tractor,ship,0.050199967,-5.1752386,-5.2267424,2233.3763
262,near,tractor,truck,0.24822144,-3.9298267,-4.2151402,3477.1844
283,near,tractor,truck,0.00098616256,-8.408803,-8.4097896,334.99982
299,near,tractor,automobile,0.001249393,-9.0457754,-9.0470256,1451.7463
321,near,tractor,truck,0.0028493123,-7.6998386,-7.702692,750.98268
366,near,tractor,deer,0.40552863,-4.2463608,-4.7664435,4287.5207
409,near,tractor,truck,0.069029076,-5.3765287,-5.448056,3176.389
498,near,tractor,deer,0.3620583,-3.7401044,-4.1896128,4224.7784
652,near,tractor,truck,0.013865377,-6.7264171,-6.7403795,2170.5372
921,near,tractor,truck,0.0041664816,-7.5690188,-7.573194,809.25688
995,near,tractor,truck,0.0048697268,-7.2385626,-7.2434442,933.70257
1081,near,tractor,truck,0.21688654,-5.6594338,-5.9039115,3414.0686
1181,near,tractor,cat,0.1962266,-4.8856173,-5.1040552,3237.7112
1260,near,tractor,truck,0.00057273292,-9.031889,-9.0324619,262.88423
1261,near,tractor,truck,0.30400537,-4.4659686,-4.8283819,3658.6615
1753,near,tractor,truck,0.38642019,-4.0980091,-4.586454,4378.3003
1864,near,tractor,truck,0.01950406,-6.2042174,-6.2239142,1494.6309
1881,near,tractor,truck,0.34738581,-3.4410548,-3.867824,3975.795
1976,near,tractor,truck,0.0028376217,-7.7730808,-7.7759225,1124.8007
2029,near,tractor,truck,0.0022420595,-7.8407688,-7.8430134,607.16174
2101,near,tractor,ship,0.041867559,-5.8057799,-5.8485492,2668.7127
2123,near,tractor,truck,0.0048098312,-7.1709199,-7.1757413,850.45971
2144,near,tractor,truck,0.0052715633,-7.150651,-7.1559365,915.04771
2171,near,tractor,ship,0.44759333,-3.2839415,-3.8774123,4244.4336
2503,near,tractor,ship,0.45905157,-4.152451,-4.7668824,4356.093
2569,near,tractor,ship,0.38960972,-5.0673246,-5.5609814,4081.0116
2624,near,tractor,truck,0.0010289883,-8.6530809,-8.6541105,606.21937
2675,near,tractor,truck,0.38733894,-3.4231367,-3.9130801,3839.3943
2871,near,tractor,truck,0.0053444166,-7.5419464,-7.5473052,1164.5451
2911,near,tractor,ship,0.002215815,-8.0099697,-8.012188,1238.1481
2956,near,tractor,truck,0.0014419144,-8.8549643,-8.8564072,814.52036
2992,near,tractor,ship,0.015783726,-7.5253992,-7.5413088,1724.2393
3177,near,tractor,truck,0.0028477533,-7.9380245,-7.9408763,854.9678
3412,near,tractor,truck,0.42618675,-3.4308939,-3.9863452,3727.6571
3484,near,tractor,truck,0.00075385844,-9.0966682,-9.0974224,673.18302
3532,near,tractor,truck,0.0012626787,-8.4026556,-8.4039191,591.56309
3840,near,tractor,truck,0.024799355,-6.4220886,-6.4472007,2049.8521
3913,near,tractor,truck,0.0056208047,-7.7822127,-7.7878494,2030.3145
4027,near,tractor,truck,0.13888009,-6.1162572,-6.2657787,2417.6703
4109,near,tractor,ship,0.45810466,-3.8398829,-4.4525652,4410.9661
4404,near,tractor,airplane,0.098775193,-6.0729351,-6.1769356,2643.8387
4517,near,tractor,bird,0.5128459,-3.0376518,-3.7568266,4306.8364
4610,near,tractor,truck,0.01431472,-7.0834532,-7.0978713,1285.1627
4663,near,tractor,truck,0.014755117,-6.6436148,-6.6584798,1478.106
4691,near,tractor,truck,0.00030911087,-9.5827122,-9.5830213,183.14725
4731,near,tractor,airplane,0.4793819,-4.268589,-4.9213275,4808.0805
5025,near,tractor,truck,0.30340387,-4.6136193,-4.9751688,3057.5123
5141,near,tractor,airplane,0.30917033,-5.3999424,-5.7698044,3494.423
5182,near,tractor,ship,0.03353091,-5.887218,-5.921324,1930.2713
5189,near,tractor,automobile,0.017397417,-7.3688745,-7.3864251,1390.9864
5287,near,tractor,truck,0.57363906,-3.9055014,-4.7579704,4524.8404
5314,near,tractor,ship,0.55741322,-2.9794695,-3.7945883,4571.1103
5327,near,tractor,deer,0.27182797,-5.022294,-5.339512,3978.8015
5445,near,tractor,truck,0.010780715,-7.8961301,-7.9069693,1760.4981
5495,near,tractor,truck,0.00087850618,-8.7570543,-8.7579332,693.4205
5550,near,tractor,truck,0.00047136807,-9.4514732,-9.4519447,665.17649
5696,near,tractor,truck,0.0021806897,-8.2750368,-8.2772199,936.83073
5818,near,tractor,horse,0.51480486,-3.2821927,-4.0053968,3646.8039
6063,near,tractor,truck,0.12902086,-5.1749363,-5.3130735,2577.7661
6360,near,tractor,automobile,0.00090032833,-9.5169287,-9.5178294,584.40288
6379,near,tractor,airplane,0.054590266,-6.538794,-6.5949309,2211.3294
6398,near,tractor,automobile,0.03188066,-6.5172219,-6.5496218,1697.4526
6430,near,tractor,truck,0.0089159026,-8.5750799,-8.5840358,1532.652
6546,near,tractor,airplane,0.70523354,-1.8677385,-3.0893104,4469.6636
6807,near,tractor,truck,0.0010603106,-8.481288,-8.4823488,332.27988
6866,near,tractor,truck,0.0082987241,-7.3210945,-7.3294279,1922.2625
6930,near,tractor,truck,0.00023648312,-9.8362608,-9.8364973,703.11223
7006,near,tractor,truck,0.15821545,-4.5545516,-4.7267828,2810.3684
7086,near,tractor,truck,0.00087304843,-9.383131,-9.3840045,846.09886
7146,near,tractor,bird,0.51224764,-3.545382,-4.2633295,4869.9586
7388,near,tractor,ship,0.26001541,-4.8051906,-5.1063165,3856.3488
7507,near,tractor,truck,0.012770144,-7.2444544,-7.2573068,2020.0723
7590,near,tractor,truck,0.31475774,-4.8884997,-5.2664826,3486.4366
7643,near,tractor,truck,0.43649158,-2.9015813,-3.4751543,4237.488
7660,near,tractor,bird,0.47964339,-4.0161285,-4.6693695,4806.5884
7736,near,tractor,truck,0.47315261,-4.6115866,-5.2524309,3370.8623
7829,near,tractor,deer,0.11566984,-4.5753884,-4.6983132,2811.4046
7884,near,tractor,ship,0.0026289284,-7.944571,-7.9472034,859.20048
8026,near,tractor,airplane,0.084453645,-6.5488701,-6.6371044,3468.8571
8141,near,tractor,ship,0.12376338,-6.4814925,-6.6136116,2815.5691
8169,near,tractor,truck,0.012918326,-6.831223,-6.8442255,1413.8763
8258,near,tractor,truck,0.18937162,-5.5446134,-5.7545589,3348.2862
8329,near,tractor,truck,0.038651192,-6.9961276,-7.0355456,2100.7947
8580,near,tractor,truck,0.032580441,-7.3412127,-7.3743358,1941.0789
8906,near,tractor,airplane,0.025892591,-6.2328773,-6.259111,1972.6071
8942,near,tractor,ship,0.22500457,-4.1867504,-4.4416486,3284.83
8996,near,tractor,ship,4.7036271e-05,-11.279839,-11.279886,514.42058
9019,near,tractor,truck,0.00037027469,-9.2869673,-9.2873376,334.27446
9039,near,tractor,truck,0.0053315804,-7.1818624,-7.1872082,1010.7313
9203,near,tractor,truck,0.0015367397,-8.8251371,-8.8266751,1250.5989
9259,near,tractor,truck,0.0040359408,-7.8245807,-7.8286248,1305.2995
9288,near,tractor,truck,0.0016714823,-7.9217792,-7.923452,404.78226
9395,near,tractor,deer,0.40271968,-3.0658371,-3.5812059,3956.9566
9673,near,tractor,dog,0.24978063,-4.1951132,-4.4825028,3177.3305
9704,near,tractor,truck,0.0049896037,-8.9242907,-8.9292928,1136.1691
9708,near,tractor,truck,0.022346716,-6.3796377,-6.4022379,1835.2108
9807,near,tractor,automobile,0.028836698,-7.4290299,-7.4582906,1758.4658
9922,near,tractor,bird,0.038496945,-6.1241474,-6.163405,2231.3611
9969,near,tractor,truck,0.041842174,-5.5163426,-5.5590854,2321.4128
17,near,wolf,cat,0.035495132,-8.3755541,-8.4116945,1925.883
214,near,wolf,cat,0.017736239,-6.7490892,-6.7669847,1585.207
255,near,wolf,dog,0.01848671,-8.3501329,-8.3687927,1464.3999
471,near,wolf,cat,0.012993557,-7.3599019,-7.3729806,1528.8833
632,near,wolf,cat,0.24941821,-6.8286691,-7.1155757,2727.5377
653,near,wolf,cat,0.071457221,-6.2634778,-6.3376166,2381.5492
684,near,wolf,dog,0.30962076,-6.1335096,-6.5040238,3267.5166
712,near,wolf,dog,0.14098917,-6.3819566,-6.5339303,2479.1803
720,near,wolf,dog,0.00013780982,-11.021502,-11.021639,551.68596
809,near,wolf,dog,0.00064358523,-9.3169851,-9.3176289,588.5124
897,near,wolf,cat,0.00016657543,-10.288795,-10.288962,364.09644
939,near,wolf,cat,0.010392812,-8.8010788,-8.811526,1793.1406
1026,near,wolf,dog,0.0049452778,-7.8875294,-7.8924869,848.0103
1345,near,wolf,cat,0.00028313195,-9.8970213,-9.8973045,856.49897
1519,near,wolf,dog,0.0030416525,-9.4201479,-9.4231942,1288.1751
1752,near,wolf,cat,0.0084160737,-7.6412959,-7.6497476,986.79765
1937,near,wolf,cat,0.17830112,-6.2128372,-6.4092185,2371.8248
2064,near,wolf,dog,0.0055764537,-7.7143569,-7.719949,1420.4886
2102,near,wolf,bird,0.0013507446,-8.920187,-8.9215387,657.69939
2219,near,wolf,dog,0.00095349755,-8.9177504,-8.9187043,440.50013
2337,near,wolf,horse,0.079538789,-5.5628381,-5.6457185,2302.5975
2340,near,wolf,cat,0.0050735241,-8.0254335,-8.03052,1333.5705
2618,near,wolf,dog,0.060593954,-5.6800451,-5.7425526,1846.6895
2826,near,wolf,deer,0.00058931518,-9.4208708,-9.4214603,673.13613
2835,near,wolf,dog,0.0027731422,-8.0695696,-8.0723466,665.74753
2842,near,wolf,cat,0.0023300558,-8.6047812,-8.6071139,639.68319
2933,near,wolf,cat,0.050872376,-6.0639548,-6.1161668,1629.311
2986,near,wolf,deer,0.27881894,-5.1109557,-5.4378208,3654.894
3219,near,wolf,cat,0.058936422,-6.730927,-6.7916716,2753.1204
3487,near,wolf,cat,0.0021896774,-9.3258057,-9.3279977,1247.0999
3538,near,wolf,dog,0.0012175232,-8.8109522,-8.8121705,374.99404
3613,near,wolf,dog,0.0074732263,-8.0009737,-8.008475,1137.7843
3663,near,wolf,cat,0.013975553,-7.0361481,-7.0502222,1182.955
3731,near,wolf,dog,0.0013747689,-8.5365458,-8.5379215,568.43076
3747,near,wolf,cat,0.074590925,-5.4543486,-5.531868,2143.7066
3817,near,wolf,dog,0.035012987,-6.9458747,-6.9815153,2257.6869
3849,near,wolf,dog,0.43636893,-4.7744927,-5.3478481,3184.8165
3877,near,wolf,cat,0.00044954046,-9.7879725,-9.7884221,1287.2155
3886,near,wolf,dog,0.000732311,-8.8146639,-8.8153965,548.17231
3927,near,wolf,cat,0.091674228,-6.039597,-6.1357492,2394.169
4153,near,wolf,cat,0.0746904,-6.0191512,-6.0967781,2291.6294
4225,near,wolf,dog,0.48453031,-4.7171717,-5.3798484,3858.3163
4283,near,wolf,cat,0.026576054,-7.0098391,-7.0367746,1442.5602
4285,near,wolf,dog,0.00028454414,-10.039111,-10.039396,991.77207
4294,near,wolf,deer,0.062518118,-6.2749572,-6.339515,1959.2539
4378,near,wolf,dog,0.099446358,-7.6834693,-7.7882148,2250.1361
4470,near,wolf,cat,0.0050787041,-7.5446024,-7.549694,804.59308
4602,near,wolf,dog,0.0030725668,-8.5294323,-8.5325096,898.54407
5031,near,wolf,cat,0.12507557,-5.4809446,-5.6145624,2446.1387
5078,near,wolf,dog,0.0001657373,-9.9053049,-9.9054707,312.65818
5291,near,wolf,dog,0.0028709682,-8.6463776,-8.6492527,739.14426
5408,near,wolf,cat,0.10121094,-5.4122038,-5.5189107,2755.9681
5425,near,wolf,dog,0.0003297791,-9.5296888,-9.5300187,246.32277
5781,near,wolf,cat,0.0019986211,-8.1192799,-8.1212805,548.31979
5911,near,wolf,cat,0.21482272,-4.1251569,-4.3670026,3699.1081
5912,near,wolf,cat,0.10282611,-4.739037,-4.8475426,2494.732
6010,near,wolf,deer,0.00019532023,-10.19908,-10.199276,801.33031
6132,near,wolf,cat,0.0021726195,-8.5613146,-8.5634896,639.95369
6160,near,wolf,cat,0.13942521,-5.433476,-5.5836307,2768.4192
6178,near,wolf,dog,0.003187208,-7.7754016,-7.7785939,709.24982
6324,near,wolf,dog,0.32274627,-5.9834166,-6.3731258,3133.8811
6433,near,wolf,cat,0.02163308,-7.2471361,-7.2690066,1491.5442
6447,near,wolf,dog,0.38994161,-5.2779732,-5.7721738,3584.9627
6528,near,wolf,cat,0.13275559,-6.8765311,-7.0189656,2796.2724
6552,near,wolf,cat,0.00036198425,-9.5256863,-9.5260483,340.47423
6561,near,wolf,cat,0.25699045,-4.7353497,-5.032396,3302.6944
6652,near,wolf,horse,0.44663597,-5.5056777,-6.0974169,4127.4021
6746,near,wolf,cat,0.069461694,-7.2558403,-7.3278323,2378.1651
6967,near,wolf,dog,0.00038716761,-9.5595436,-9.5599309,398.36711
7028,near,wolf,cat,0.002187944,-8.9211636,-8.9233539,974.91247
7087,near,wolf,cat,0.0094461844,-9.3068819,-9.316373,1623.158
7125,near,wolf,cat,0.09355476,-7.0720701,-7.1702948,2043.4005
7135,near,wolf,dog,0.00017466581,-10.111238,-10.111412,338.33829
7308,near,wolf,dog,0.0097249566,-7.8169785,-7.826751,902.57656
7375,near,wolf,cat,0.0051653356,-7.81288,-7.8180588,939.72138
7472,near,wolf,horse,0.064723159,-6.3679242,-6.4348369,1932.0217
7561,near,wolf,cat,0.073430637,-6.9985642,-7.0748306,2561.7078
7582,near,wolf,deer,0.021341165,-7.105298,-7.1268702,1935.0519
7650,near,wolf,dog,0.13805776,-4.8946104,-5.0431774,2663.0004
7752,near,wolf,cat,0.0021563902,-7.9910188,-7.9931775,579.96836
7875,near,wolf,cat,0.012589911,-6.9235258,-6.9361956,1289.3739
7980,near,wolf,dog,0.00012315513,-10.528514,-10.528637,561.38735
8101,near,wolf,cat,0.13570116,-6.226594,-6.3724307,2113.0596
8407,near,wolf,cat,0.0096216546,-7.6600919,-7.6697601,1586.8213
8418,near,wolf,cat,0.0031771905,-8.6757631,-8.6789454,1028.4072
8535,near,wolf,dog,0.1151113,-7.0357504,-7.1580438,2074.4872
8634,near,wolf,cat,0.022693996,-7.2712035,-7.294159,1968.2484
8713,near,wolf,dog,0.00090701384,-8.7033358,-8.7042432,367.6207
8918,near,wolf,frog,0.33415699,-4.2852945,-4.6919959,2954.7138
8960,near,wolf,cat,0.15843996,-5.7281699,-5.9006678,2790.9389
9231,near,wolf,cat,0.00031061547,-10.25055,-10.250861,872.39411
9317,near,wolf,cat,0.0039291697,-8.1506433,-8.1545803,1321.9158
9346,near,wolf,dog,0.021937835,-6.5569925,-6.5791746,2651.2143
9587,near,wolf,cat,0.00062286064,-9.3255863,-9.3262094,312.31422
9768,near,wolf,cat,0.022459508,-6.6834984,-6.7062139,1899.1358
9790,near,wolf,cat,0.00036407582,-10.129376,-10.129741,425.47347
9886,near,wolf,dog,0.013069084,-6.7798204,-6.7929757,2110.6042
9942,near,wolf,dog,0.20249551,-4.9244609,-5.1507287,2706.9343
9948,near,wolf,deer,0.35108346,-4.5042777,-4.9367289,3697.61
9965,near,wolf,dog,0.0075396887,-7.6296587,-7.637227,1192.5045
242,near,fox,horse,0.0093730544,-7.2367392,-7.2461564,1264.43
338,near,fox,dog,0.047182593,-8.0006886,-8.0490205,1876.2112
351,near,fox,cat,0.00046749439,-10.057571,-10.058039,1104.7088
669,near,fox,cat,0.072830055,-6.2651958,-6.3408142,2236.8058
959,near,fox,dog,0.21129168,-6.4141936,-6.6515523,3535.8484
969,near,fox,cat,0.062738014,-6.2462659,-6.3110583,2496.1328
1133,near,fox,deer,0.0014466418,-8.5587959,-8.5602436,698.56778
1227,near,fox,cat,0.033121388,-6.6529074,-6.6865897,2277.3441
1320,near,fox,deer,0.10811586,-6.544405,-6.658824,2676.824
1403,near,fox,deer,0.49743657,-6.7629542,-7.4509876,3824.6967
1425,near,fox,deer,0.034696096,-7.1088395,-7.1441518,1918.4822
1432,near,fox,cat,0.38694723,-5.9765353,-6.4658396,3692.6339
1498,near,fox,cat,0.0046948825,-7.7286863,-7.7333923,1437.1868
1645,near,fox,dog,0.38347225,-5.3817549,-5.8654068,3053.9184
1698,near,fox,deer,0.00073508043,-8.8335962,-8.8343316,430.81503
1783,near,fox,cat,0.19932542,-5.7583351,-5.9806358,3081.0998
1799,near,fox,deer,0.037471547,-7.1571369,-7.1953286,2393.1337
2131,near,fox,deer,0.42861701,-3.1139357,-3.6736313,4621.2056
2336,near,fox,deer,0.013400792,-7.1649837,-7.1784751,1313.2548
2349,near,fox,deer,0.023107232,-7.826345,-7.8497234,2126.136
2356,near,fox,deer,0.047194256,-6.2019534,-6.2502976,2421.5714
2435,near,fox,cat,0.024967078,-7.5228114,-7.5480955,2182.1095
2518,near,fox,deer,0.15191816,-6.1817808,-6.346559,2742.4363
2544,near,fox,deer,0.00091086652,-10.068039,-10.06895,1997.2477
2756,near,fox,cat,0.014181781,-7.5770068,-7.5912901,1346.0822
2828,near,fox,cat,0.21187771,-5.9373069,-6.1754089,2932.1697
2891,near,fox,cat,0.017501161,-6.847209,-6.8648651,1418.2544
3136,near,fox,cat,0.11414077,-5.0734682,-5.1946654,2814.1078
3368,near,fox,deer,0.37362364,-4.7718053,-5.2396092,4435.0986
3605,near,fox,dog,0.0014298698,-8.9331903,-8.9346212,806.24781
3607,near,fox,deer,0.0066200938,-7.5767446,-7.5833867,1122.7891
3608,near,fox,cat,0.0061368523,-7.6304097,-7.6365655,1180.4715
3644,near,fox,deer,0.010849493,-7.1778426,-7.1887514,1371.9566
3760,near,fox,cat,0.00062628549,-9.1423006,-9.1429271,1079.6222
3823,near,fox,cat,0.0057686509,-8.2684202,-8.2742056,970.01162
3908,near,fox,dog,0.1167306,-7.1242905,-7.2484155,2639.3003
4003,near,fox,deer,0.014766659,-7.6410813,-7.6559581,1697.2746
4004,near,fox,cat,0.057285644,-7.2242727,-7.2832647,1930.7621
4049,near,fox,dog,0.28572955,-4.3990307,-4.7355243,3472.5446
4182,near,fox,deer,0.30824767,-4.7722697,-5.140797,2943.6372
4255,near,fox,deer,0.042778745,-6.9711294,-7.0148501,2397.0341
4264,near,fox,deer,0.00029491129,-9.6182137,-9.6185086,556.10933
4277,near,fox,dog,0.12835057,-6.6074104,-6.7447784,2132.5247
4313,near,fox,cat,0.014430128,-7.127924,-7.1424592,1241.5222
4341,near,fox,airplane,0.11268499,-6.5720448,-6.6916001,3554.109
4441,near,fox,dog,0.045336869,-5.1630383,-5.209435,1796.4227
4621,near,fox,deer,0.016727921,-7.5673165,-7.5841859,2306.9563
4703,near,fox,cat,0.039500051,-6.7452283,-6.7855296,1531.0471
4706,near,fox,cat,0.00012114157,-10.549298,-10.549419,835.86507
4754,near,fox,deer,0.011269153,-7.1068578,-7.1181909,1417.742
4878,near,fox,dog,0.57742447,-2.3903017,-3.2516888,4264.8786
4889,near,fox,horse,0.0011446389,-8.2508364,-8.2519817,206.52033
4991,near,fox,dog,0.03738583,-6.6350832,-6.6731858,1989.1475
5084,near,fox,deer,0.1772098,-6.5832434,-6.7782974,2587.377
5619,near,fox,cat,0.02825572,-6.2174263,-6.2460889,1973.6056
5726,near,fox,bird,0.0008723673,-8.8950806,-8.8959533,617.77079
5832,near,fox,deer,0.00029308748,-10.17974,-10.180033,644.04627
5889,near,fox,deer,0.01324712,-6.9351277,-6.9484634,1391.7887
5896,near,fox,cat,0.64109448,-3.5052192,-4.5299153,5145.9048
5945,near,fox,horse,0.10937198,-4.741847,-4.8576755,2501.9673
6080,near,fox,cat,0.58214421,-4.3849092,-5.2575281,4456.0145
6162,near,fox,cat,0.0012624268,-8.9805603,-8.9818235,696.2987
6163,near,fox,deer,0.00010619903,-10.450871,-10.450978,548.84472
6469,near,fox,deer,0.01970377,-7.8356314,-7.8555318,2593.8837
6505,near,fox,cat,0.16742652,-6.1709151,-6.3541489,3766.2659
6545,near,fox,deer,0.0016851323,-8.144906,-8.1465926,615.64477
6693,near,fox,deer,0.27021016,-6.0387702,-6.3537689,3312.205
6816,near,fox,dog,0.0041263239,-7.4808989,-7.4850337,858.08907
7021,near,fox,cat,0.64273196,-3.0187099,-4.0479789,4902.8833
7141,near,fox,deer,0.35554291,-4.0382719,-4.4776189,3249.3901
7225,near,fox,cat,0.00022291835,-9.9225445,-9.9227674,478.53405
7248,near,fox,dog,0.0027425189,-8.1629086,-8.1656548,742.22861
7279,near,fox,cat,0.0071861937,-7.2058725,-7.2130847,1672.453
7317,near,fox,deer,0.00091793635,-9.2535391,-9.2544574,659.05686
7373,near,fox,cat,0.37027998,-4.0716295,-4.5341095,3718.3698
7503,near,fox,dog,0.074027853,-6.1863847,-6.2632958,2271.5329
7564,near,fox,cat,0.0051678493,-9.0324278,-9.037609,1354.8753
7621,near,fox,deer,0.014863999,-7.7800994,-7.795075,1619.0353
7799,near,fox,horse,0.026297819,-6.3955851,-6.4222349,1357.6728
7924,near,fox,cat,0.49456193,-4.8909965,-5.5733262,5182.6843
7973,near,fox,cat,0.0054112396,-7.2786431,-7.2840691,1338.6953
8100,near,fox,dog,0.1077613,-5.9220037,-6.0360253,3211.1216
8109,near,fox,deer,0.0005998121,-9.3923645,-9.3929645,576.41527
8132,near,fox,dog,0.11235131,-5.9226856,-6.0418649,3320.1482
8150,near,fox,cat,0.0083729846,-7.1821513,-7.1905596,1479.314
8185,near,fox,deer,0.30430355,-4.8342538,-5.1970956,3415.2691
8187,near,fox,cat,0.00038764316,-9.641387,-9.6417747,227.15963
8381,near,fox,frog,0.051586056,-5.4128652,-5.4658294,1856.6162
8405,near,fox,deer,0.015873718,-7.5747724,-7.5907734,2728.5501
8618,near,fox,deer,0.23659256,-4.7449951,-5.0149585,3195.6052
8672,near,fox,dog,0.48652117,-4.6737323,-5.3402788,3644.412
8715,near,fox,cat,0.00075056435,-8.8595648,-8.8603156,473.20857
8731,near,fox,cat,0.39023968,-6.9589577,-7.453647,3272.0814
8735,near,fox,cat,0.10430934,-5.8208871,-5.9310473,2531.9234
8762,near,fox,cat,0.51066417,-4.4457517,-5.1604579,3377.404
9148,near,fox,cat,0.12567212,-6.0402617,-6.1745616,2425.5846
9453,near,fox,cat,0.00049235206,-9.274313,-9.2748054,215.55748
9496,near,fox,bird,0.53936808,-4.2317705,-5.0069265,3964.1362
9686,near,fox,bird,0.17213492,-5.0297632,-5.2186683,2849.1745
9842,near,fox,deer,0.001674957,-9.1223917,-9.1240681,890.82785
58,near,leopard,cat,0.0026424681,-8.2839851,-8.2866311,866.06313
259,near,leopard,cat,0.40838421,-5.1715884,-5.6964863,3881.5848
274,near,leopard,frog,0.011947735,-6.5176167,-6.5296364,903.92594
288,near,leopard,frog,0.40007451,-4.8238478,-5.3347976,3643.0898
313,near,leopard,frog,0.079147572,-6.2914586,-6.3739141,1904.2201
425,near,leopard,frog,0.020471524,-6.7159743,-6.7366583,1361.1554
477,near,leopard,dog,0.25865313,-4.7382922,-5.0375789,2841.1908
555,near,leopard,cat,0.012346279,-9.0203466,-9.0327698,2575.4129
702,near,leopard,bird,0.20358673,-4.2115669,-4.439204,3749.0877
945,near,leopard,frog,0.064860262,-5.917202,-5.9842613,1710.0507
952,near,leopard,cat,0.0031008139,-8.3605719,-8.3636775,1326.4584
1084,near,leopard,deer,0.010715387,-7.7033992,-7.7141724,1388.3087
1324,near,leopard,frog,0.31758797,-5.6356277,-6.0177494,3007.553
1328,near,leopard,dog,0.04491627,-5.5918722,-5.6378285,2152.3884
1570,near,leopard,cat,0.0068235375,-7.6755061,-7.682353,1408.1003
1607,near,leopard,frog,0.031501697,-6.6852574,-6.717266,1436.5202
1620,near,leopard,cat,0.41055735,-4.6192861,-5.1478639,4227.4061
1771,near,leopard,deer,0.041072103,-7.5381284,-7.5800678,1903.1353
1843,near,leopard,deer,0.001294774,-9.0513477,-9.0526433,631.95124
1994,near,leopard,frog,0.0022185642,-8.3484392,-8.3506602,905.52602
2211,near,leopard,deer,0.225804,-6.0663409,-6.3222711,2523.0674
2570,near,leopard,cat,0.0019276347,-8.5040941,-8.5060236,1047.7073
2647,near,leopard,bird,0.30521864,-7.0665412,-7.4306993,3491.9789
2678,near,leopard,cat,0.075564765,-6.3140073,-6.3925796,3001.2723
3009,near,leopard,deer,0.12919305,-5.2159295,-5.3542645,3181.4272
3074,near,leopard,frog,0.074879813,-5.992372,-6.0702037,1966.3749
3104,near,leopard,cat,0.00032875813,-9.484951,-9.4852798,165.35595
3200,near,leopard,cat,0.41204049,-5.2442183,-5.7753156,2830.4654
3291,near,leopard,bird,0.10500798,-6.2414794,-6.3524199,3088.3096
3338,near,leopard,cat,0.066116818,-6.9692006,-7.0376045,1961.2975
3346,near,leopard,cat,0.088759411,-5.2422485,-5.3351969,3050.1632
3379,near,leopard,bird,0.0019216597,-9.151022,-9.1529455,848.40368
3549,near,leopard,deer,0.0076029216,-8.2672558,-8.2748878,1461.1622
3567,near,leopard,dog,0.0014712295,-8.7197447,-8.721217,818.95334
4118,near,leopard,frog,0.13925819,-5.5512118,-5.7011725,2513.0281
4238,near,leopard,dog,0.00073001877,-8.9326305,-8.9333608,275.60258
4278,near,leopard,bird,0.48271685,-3.6390297,-4.2981946,4409.8067
4320,near,leopard,cat,0.013010328,-7.5342021,-7.5472978,2885.9268
4609,near,leopard,cat,0.098406796,-5.5752411,-5.6788329,2878.5067
4611,near,leopard,frog,0.033582064,-6.2480378,-6.2821967,1505.7604
4677,near,leopard,cat,0.00011745897,-10.757448,-10.757566,297.24119
4943,near,leopard,deer,0.02269765,-6.8295999,-6.8525591,2312.0835
4971,near,leopard,cat,0.049733778,-6.1167126,-6.1677257,2289.0739
4992,near,leopard,cat,0.15281944,-5.4883418,-5.6541832,3177.0684
5016,near,leopard,deer,0.17904518,-5.9018703,-6.0991574,3222.2889
5109,near,leopard,frog,0.37070744,-5.1886811,-5.6518401,3108.99
5142,near,leopard,cat,0.077777779,-5.6047583,-5.6857273,2364.5945
5185,near,leopard,dog,0.56033448,-3.4214029,-4.2431439,4139.8837
5210,near,leopard,cat,0.064415943,-4.9975739,-5.0641581,2041.5714
5231,near,leopard,frog,0.069537341,-5.9188824,-5.9909557,2369.3913
5316,near,leopard,cat,0.01129051,-8.1172733,-8.1286281,2186.7399
5328,near,leopard,deer,0.023840771,-6.6865969,-6.7107264,1893.7123
5399,near,leopard,cat,0.00078932188,-8.9015646,-8.9023542,513.1965
5449,near,leopard,frog,0.56694654,-3.461292,-4.2981861,4910.3442
5458,near,leopard,cat,0.12753648,-5.0670614,-5.2034959,2926.2199
5472,near,leopard,frog,0.46257457,-4.7091908,-5.3301561,3896.1847
5478,near,leopard,deer,0.028130646,-6.6807094,-6.7092433,2486.714
5698,near,leopard,frog,0.00067272638,-9.0479841,-9.0486571,411.26437
5819,near,leopard,cat,0.0065697231,-7.3606801,-7.3672715,1679.807
5905,near,leopard,frog,0.0024708826,-8.0376005,-8.0400745,685.42807
6055,near,leopard,cat,0.00018150826,-11.645954,-11.646136,1689.8999
6061,near,leopard,cat,0.18365029,-5.3012028,-5.5041152,3784.9954
6293,near,leopard,cat,0.50156921,-3.6046004,-4.300891,4462.6627
6395,near,leopard,frog,0.0020356779,-8.5213518,-8.5233896,740.88729
6401,near,leopard,frog,0.00097933788,-8.8310623,-8.8320421,571.30548
6409,near,leopard,cat,0.0062967519,-7.433754,-7.4400706,1842.0431
6735,near,leopard,cat,0.0068378955,-7.6764951,-7.6833565,1457.7656
6767,near,leopard,frog,0.081101743,-6.98247,-7.0670499,1839.9885
6924,near,leopard,frog,0.0024120886,-7.9801879,-7.9826029,733.57516
7078,near,leopard,dog,0.6986269,-2.6799355,-3.8793417,4070.4678
7283,near,leopard,deer,0.055980471,-6.5926981,-6.6503065,3072.6185
7367,near,leopard,cat,0.018961842,-7.2660847,-7.2852286,1822.7855
7407,near,leopard,cat,0.089035024,-6.6751695,-6.7684203,3005.1422
7412,near,leopard,frog,0.050895145,-7.0418096,-7.0940456,2308.0372
7417,near,leopard,frog,0.27347031,-4.5716968,-4.8911727,2912.3793
7427,near,leopard,cat,0.0024209781,-8.0278301,-8.030254,979.98899
7495,near,leopard,deer,0.015173912,-6.7845559,-6.7998461,1355.5856
7609,near,leopard,cat,0.41297379,-4.1573157,-4.6900015,3691.4102
7772,near,leopard,deer,0.0015783817,-8.1957722,-8.1973518,481.3086
7950,near,leopard,dog,0.21271836,-5.0670958,-5.306265,2497.7786
7974,near,leopard,cat,0.45757224,-2.7810953,-3.3927956,4054.2008
8310,near,leopard,frog,0.26410576,-4.42347,-4.7301389,2873.0007
8324,near,leopard,cat,0.0029033163,-8.4134436,-8.4163511,2223.6845
8334,near,leopard,frog,0.0058686995,-7.7236128,-7.7294988,1154.476
8454,near,leopard,cat,0.029381049,-6.9004273,-6.9302487,1982.1399
8504,near,leopard,cat,0.1229923,-5.2690148,-5.4002543,2262.4763
8695,near,leopard,frog,0.026980217,-7.0223603,-7.0497112,1656.7677
8774,near,leopard,cat,0.18331688,-5.8510795,-6.0535836,3618.9909
8904,near,leopard,frog,0.024045708,-7.9109497,-7.9352892,1942.4117
9058,near,leopard,frog,0.22068114,-4.9475493,-5.1968843,3322.0929
9187,near,leopard,cat,0.0001577672,-10.590612,-10.59077,428.44622
9238,near,leopard,frog,0.0087862918,-7.6370244,-7.6458495,1301.9098
9261,near,leopard,frog,0.00082057398,-9.14886,-9.1496809,451.67737
9318,near,leopard,bird,0.47059353,-3.9213293,-4.557328,4482.8507
9406,near,leopard,cat,0.0456222,-7.2085018,-7.2551975,2267.9578
9575,near,leopard,frog,0.00063292496,-9.114233,-9.1148661,212.75271
9612,near,leopard,frog,0.001147142,-8.6368628,-8.6380106,375.42925
9914,near,leopard,frog,0.099292416,-6.0205312,-6.1251058,3400.4695
9936,near,leopard,cat,0.032719798,-6.8678603,-6.9011274,2134.3893
9998,near,leopard,frog,0.030685483,-6.7737551,-6.8049212,1707.5496
6,near,camel,horse,0.62604382,-2.3198481,-3.3034647,4460.9638
62,near,camel,horse,0.20125187,-6.2003922,-6.4251019,3352.0975
317,near,camel,bird,0.43279188,-4.7574654,-5.3244944,3464.5786
540,near,camel,deer,0.016605309,-8.5508995,-8.5676442,2296.1905
650,near,camel,bird,0.101741,-6.2467718,-6.3540686,3257.8758
717,near,camel,horse,0.14567688,-4.4595189,-4.6169647,2296.9044
751,near,camel,cat,0.39391751,-4.4334998,-4.934239,4096.2651
769,near,camel,airplane,0.01422095,-6.4823275,-6.4966505,1363.4974
811,near,camel,deer,0.0020433379,-9.7276011,-9.7296465,1271.7582
900,near,camel,deer,0.0013490371,-8.4170332,-8.4183831,774.70381
902,near,camel,dog,0.43770772,-4.5830259,-5.1587594,3478.5761
915,near,camel,dog,0.33730578,-5.7565331,-6.1679748,3547.2952
992,near,camel,horse,0.1484657,-5.961163,-6.1218785,2848.3342
1060,near,camel,horse,0.0027337462,-7.935369,-7.9381065,798.01955
1085,near,camel,dog,0.44214329,-4.0239491,-4.6076023,3901.4467
1184,near,camel,deer,0.093717528,-7.0671906,-7.1655949,2645.2977
1423,near,camel,dog,0.25293283,-4.9651866,-5.2567868,2593.1952
1510,near,camel,deer,0.024264659,-8.1794786,-8.2040425,2382.5487
1572,near,camel,deer,0.00064852486,-9.0198154,-9.0204642,382.57357
1573,near,camel,airplane,0.020186046,-6.0749741,-6.0953666,1855.7887
1588,near,camel,dog,0.015428793,-7.7809434,-7.7964924,1907.0232
1687,near,camel,dog,0.011343188,-7.4801922,-7.4916002,1191.2795
1882,near,camel,dog,0.050712432,-6.7151446,-6.7671881,2192.2352
2051,near,camel,horse,0.015454649,-7.6958013,-7.7113766,1568.7394
2145,near,camel,deer,0.027835217,-8.2046843,-8.2329142,2642.9459
2267,near,camel,horse,0.12711586,-5.7187338,-5.8546862,2376.8702
2315,near,camel,horse,0.0081748181,-6.9449658,-6.9531743,794.70253
2415,near,camel,deer,0.082897714,-5.9631405,-6.0496768,2510.561
2712,near,camel,deer,0.16328007,-6.728621,-6.9068869,3078.1779
2774,near,camel,horse,0.53619591,-4.259253,-5.0275461,3955.0746
2834,near,camel,deer,0.19839827,-5.8098221,-6.0309655,3229.1976
2946,near,camel,dog,0.0038197619,-7.8417425,-7.8455696,806.01567
2948,near,camel,deer,0.0052559865,-8.8503351,-8.855605,1475.1117
3153,near,camel,horse,0.36925985,-4.7994637,-5.2603251,3797.3817
3319,near,camel,dog,0.01143182,-7.6193337,-7.6308314,2262.0872
3831,near,camel,horse,0.022859873,-6.936419,-6.9595442,1818.2688
3884,near,camel,dog,0.083082939,-5.2122946,-5.2990328,2174.4217
3930,near,camel,cat,0.10293927,-4.7354302,-4.844062,2859.4625
3985,near,camel,dog,0.32686064,-3.770952,-4.1667549,3650.3557
4234,near,camel,deer,0.0070340108,-7.9722066,-7.9792655,1641.4728
4345,near,camel,horse,0.19148276,-5.8174567,-6.03001,2965.1458
4415,near,camel,deer,0.49143459,-3.6115236,-4.2876851,3254.1394
4435,near,camel,dog,0.00056123493,-9.3225842,-9.3231455,279.32023
4519,near,camel,cat,0.47730875,-3.7590477,-4.4078121,4415.0494
4736,near,camel,bird,0.060866003,-5.5885115,-5.6513086,2130.3777
4894,near,camel,horse,0.13961657,-5.3481536,-5.4985307,2243.1859
5029,near,camel,deer,0.0010121156,-9.0907841,-9.0917967,689.49737
5032,near,camel,bird,0.41485491,-4.9446249,-5.4805203,3887.3351
5113,near,camel,bird,0.34190838,-6.3426452,-6.7610563,4509.2407
5119,near,camel,airplane,0.058047486,-5.966361,-6.0261615,2326.6734
5218,near,camel,deer,0.46844842,-4.2490945,-4.8810495,4076.7354
5249,near,camel,dog,0.022812424,-7.5264206,-7.5494972,1414.4187
5253,near,camel,dog,0.12895856,-6.1907644,-6.3288302,2139.0832
5285,near,camel,dog,0.15786523,-4.9716926,-5.1435078,2942.3316
5293,near,camel,horse,0.036029056,-7.4600043,-7.4966985,3083.1364
5455,near,camel,horse,0.15538163,-5.8393703,-6.0082406,3245.7639
5494,near,camel,deer,0.2586904,-6.5049033,-6.8042402,3472.6609
5516,near,camel,bird,0.46734547,-3.8307183,-4.4606005,3811.3564
5519,near,camel,horse,0.078788818,-6.781455,-6.863521,2199.8669
5532,near,camel,airplane,0.59867298,-3.8104672,-4.7234459,4120.9159
5664,near,camel,dog,0.0012338404,-8.8471785,-8.8484131,847.48032
5762,near,camel,bird,0.0026594373,-9.2034016,-9.2060645,1611.6952
6037,near,camel,dog,0.057992867,-6.2468519,-6.3065944,2164.5787
6044,near,camel,horse,0.24623441,-5.6650109,-5.9476848,3079.5011
6417,near,camel,bird,0.38589629,-5.9007096,-6.3883011,4217.3639
6418,near,camel,deer,0.00032297377,-9.8602571,-9.8605802,595.20817
6475,near,camel,horse,0.007284265,-7.6807361,-7.688047,1341.8431
6616,near,camel,dog,0.0025169107,-7.5927567,-7.5952768,466.78367
6778,near,camel,dog,0.0036525199,-8.2188463,-8.2225055,1341.0365
7128,near,camel,horse,0.19048056,-5.4271765,-5.638491,2920.3309
7194,near,camel,deer,0.1169615,-6.2866654,-6.4110519,3244.0435
7200,near,camel,bird,0.014440327,-7.1562061,-7.1707517,1724.8401
7298,near,camel,horse,0.0017693137,-8.9925127,-8.9942836,864.94665
7333,near,camel,deer,0.64225256,-3.349468,-4.377396,4016.0825
7379,near,camel,bird,0.65461263,-2.604353,-3.6674416,5118.0807
7445,near,camel,bird,0.23884207,-5.5754652,-5.8483796,3302.7957
7750,near,camel,dog,0.11946181,-4.9832916,-5.1105136,2244.4406
7800,near,camel,dog,0.15513074,-5.2472706,-5.415844,2764.2298
7912,near,camel,dog,0.13605028,-4.6517839,-4.7980246,2491.6488
8143,near,camel,cat,0.00036017626,-10.046308,-10.046668,728.07712
8231,near,camel,horse,0.30397029,-4.641428,-5.0037909,3425.4958
8447,near,camel,deer,0.076132629,-5.0926752,-5.171862,2878.4448
8598,near,camel,deer,0.08381044,-5.7922015,-5.8797335,2690.0396
8604,near,camel,deer,0.033194973,-7.4380517,-7.4718101,2022.7547
8648,near,camel,bird,0.0051253407,-7.0510764,-7.0562149,1046.3218
8732,near,camel,airplane,0.074989451,-5.2978535,-5.3758036,2350.5155
8780,near,camel,horse,0.006763022,-7.0904841,-7.0972701,898.6536
8800,near,camel,horse,0.48541634,-4.9344277,-5.5988249,3187.1845
8834,near,camel,dog,0.0072477299,-7.7922745,-7.7995486,1261.6248
9014,near,camel,cat,0.48493125,-4.9815168,-5.6449717,4006.3674
9093,near,camel,bird,0.36938888,-4.251873,-4.7129389,4041.7885
9110,near,camel,horse,0.0024481637,-8.4158821,-8.4183333,1172.0951
9142,near,camel,horse,0.00035251711,-9.343257,-9.3436095,294.15054
9266,near,camel,dog,0.038439086,-6.6527677,-6.691965,1973.3874
9362,near,camel,horse,0.48006783,-4.6521335,-5.3061904,3448.1653
9412,near,camel,cat,0.11653828,-6.0049806,-6.1288879,2746.0826
9531,near,camel,dog,0.00046457245,-9.476306,-9.4767706,678.74192
9611,near,camel,bird,0.67089803,-2.4964423,-3.60783,4634.5915
9647,near,camel,horse,0.23070638,-5.0092549,-5.2715375,4281.1067
9743,near,camel,dog,0.18051299,-4.338016,-4.5370928,3455.1779
52,far,bottle,bird,0.012150249,-6.6980343,-6.710259,1556.5732
114,far,bottle,cat,0.30894243,-4.0198674,-4.3893996,4328.7152
170,far,bottle,ship,0.46895139,-3.5669253,-4.199827,4076.4741
340,far,bottle,ship,0.00097093818,-9.0525408,-9.0535122,1256.0591
455,far,bottle,truck,0.33565437,-3.5216775,-3.9306302,3834.5259
575,far,bottle,bird,0.71216917,-2.1448166,-3.390199,4697.107
594,far,bottle,truck,0.27896346,-3.5258739,-3.8529394,4018.8662
864,far,bottle,bird,0.14762877,-5.2380714,-5.3978046,2910.4856
932,far,bottle,cat,0.014955239,-6.2492547,-6.2643229,1490.4352
997,far,bottle,ship,0.34914644,-4.5209799,-4.9504505,4275.3764
1015,far,bottle,ship,0.60833548,-3.3117044,-4.249054,5660.1737
1045,far,bottle,deer,0.34745064,-3.3954654,-3.8223339,3639.6284
1130,far,bottle,truck,0.39323442,-4.4383326,-4.9379453,4756.6899
1135,far,bottle,ship,0.10333177,-5.5367384,-5.6458077,2585.2842
1318,far,bottle,cat,0.33487321,-5.3462167,-5.7539943,4925.3782
1429,far,bottle,bird,0.17457429,-5.4188433,-5.6106993,3880.9784
1438,far,bottle,airplane,0.42465508,-4.6086326,-5.1614181,4332.1742
1487,far,bottle,bird,0.3296086,-3.8036554,-4.2035489,3880.2151
1514,far,bottle,ship,0.017010383,-7.2716141,-7.2887708,1824.6361
1562,far,bottle,bird,0.0030933526,-7.6633244,-7.6664225,1435.9659
1899,far,bottle,cat,0.0075224626,-7.6385341,-7.646085,1760.979
1932,far,bottle,ship,0.1755684,-6.755496,-6.9485571,3403.7713
2011,far,bottle,bird,0.35892533,-3.8380809,-4.2826902,3705.613
2314,far,bottle,automobile,0.057782747,-6.179718,-6.2392374,3505.3255
2428,far,bottle,cat,0.26582266,-4.2764878,-4.5854925,3741.0569
2510,far,bottle,cat,0.00050113537,-9.0759068,-9.076408,774.95388
2550,far,bottle,truck,0.12430499,-5.3839579,-5.5166953,3621.1687
2822,far,bottle,ship,0.069210804,-5.2518978,-5.3236203,2929.5395
2963,far,bottle,truck,0.036970106,-6.422792,-6.4604628,2403.8904
2993,far,bottle,cat,0.40916217,-3.5567791,-4.0829928,4480.9439
3011,far,bottle,dog,0.050210285,-6.4443035,-6.4958182,2154.3965
3122,far,bottle,cat,0.079146401,-5.4777336,-5.5601878,2944.7394
3216,far,bottle,ship,0.15418596,-4.0389013,-4.2063571,3083.5588
3232,far,bottle,ship,0.0027454142,-7.7618217,-7.7645709,738.90326
3316,far,bottle,cat,0.50353645,-3.9674761,-4.6677213,3922.8885
3350,far,bottle,ship,0.0082762964,-7.0426364,-7.0509471,1534.2774
3444,far,bottle,automobile,0.27581334,-5.3677082,-5.6904143,3091.7758
3548,far,bottle,ship,0.35242645,-4.5935683,-5.0280912,3537.619
3888,far,bottle,cat,0.00018111223,-10.857251,-10.857432,1293.7936
3906,far,bottle,ship,0.29118582,-4.3772745,-4.7214364,3294.5977
4065,far,bottle,truck,0.63277027,-2.336504,-3.3382716,4701.3205
4077,far,bottle,cat,0.0077241062,-7.2895465,-7.2973006,1496.309
4325,far,bottle,cat,0.41588405,-3.6464193,-4.184075,3722.7119
4332,far,bottle,bird,0.13382825,-5.0697498,-5.2134219,3636.5594
4334,far,bottle,cat,0.072585389,-7.1303926,-7.2057471,2535.8567
4683,far,bottle,bird,0.46678927,-4.4297738,-5.0586124,3860.2341
4708,far,bottle,airplane,0.19943584,-5.2068419,-5.4292805,3119.744
4818,far,bottle,truck,0.32556338,-3.9757972,-4.3696748,4697.053
4848,far,bottle,dog,0.53276894,-2.8086116,-3.569543,4248.3223
4956,far,bottle,cat,0.049963677,-5.526897,-5.578152,2003.0559
4981,far,bottle,truck,0.15102087,-5.2056627,-5.3693834,3530.6213
5030,far,bottle,frog,0.63801678,-3.3090274,-4.3251849,4682.1721
5102,far,bottle,truck,0.021678527,-6.2678118,-6.2897287,2156.733
5324,far,bottle,dog,0.50542898,-2.6001427,-3.3042072,4025.1868
5440,far,bottle,dog,0.18105645,-4.9299021,-5.1296422,3097.6251
5686,far,bottle,cat,0.010427506,-7.2517776,-7.2622599,1811.3595
5810,far,bottle,ship,0.0027170813,-8.009449,-8.0121698,1269.2659
5981,far,bottle,cat,0.0020273891,-8.9032974,-8.9053269,1262.7048
5993,far,bottle,cat,0.0028231957,-8.4619074,-8.4647346,1473.131
6018,far,bottle,airplane,0.018554336,-6.5889215,-6.6076502,1665.1998
6025,far,bottle,cat,0.56977881,-2.5268183,-3.3702741,4128.6382
6089,far,bottle,ship,0.032142373,-5.8501482,-5.8828185,1759.378
6168,far,bottle,bird,0.45870021,-3.5106893,-4.1244713,3823.6989
6214,far,bottle,ship,0.037556947,-5.837688,-5.8759683,2390.3378
6217,far,bottle,frog,0.45336145,-3.273397,-3.8773644,3723.4748
6239,far,bottle,cat,0.19963746,-4.2985945,-4.521285,3163.0737
6440,far,bottle,truck,0.024847307,-8.1912384,-8.2163996,3261.6937
6472,far,bottle,ship,0.031276359,-7.3430347,-7.3748107,3113.8691
6507,far,bottle,cat,0.0021895687,-8.9271955,-8.9293875,2561.062
6602,far,bottle,ship,0.0023109652,-7.9203596,-7.9226733,1063.7805
6788,far,bottle,truck,0.016831417,-6.5011148,-6.5180895,1812.1882
6886,far,bottle,bird,0.055730879,-5.5849056,-5.6422497,2500.4363
6899,far,bottle,ship,0.00083599723,-8.7165184,-8.7173547,526.98899
7012,far,bottle,cat,0.015358789,-6.4580545,-6.4735325,2489.4997
7077,far,bottle,cat,0.24728337,-4.3393884,-4.6234548,4353.2149
7093,far,bottle,cat,0.47408872,-4.9842024,-5.6268251,3331.4054
7259,far,bottle,truck,0.017296413,-6.2574821,-6.2749298,1325.3071
7406,far,bottle,cat,0.41967399,-5.541357,-6.0855223,3366.4828
7415,far,bottle,ship,0.03984035,-5.9311719,-5.9718276,2221.1732
7423,far,bottle,ship,0.24771619,-3.7291479,-4.0137895,3958.5384
7443,far,bottle,cat,0.00025134409,-10.385954,-10.386205,1715.9742
7728,far,bottle,cat,0.035520409,-6.0334311,-6.0695977,1798.7318
7850,far,bottle,ship,0.036843472,-5.3337584,-5.3712977,2035.6721
8088,far,bottle,horse,0.6421246,-3.3177521,-4.3453225,5177.8391
8090,far,bottle,bird,0.53530734,-3.3775613,-4.1439404,4304.8845
8309,far,bottle,ship,0.078386272,-5.5889401,-5.6705692,2784.6994
8317,far,bottle,cat,0.3193617,-6.4110575,-6.7957817,4238.1597
8462,far,bottle,bird,0.5693709,-2.8180428,-3.6605509,4708.1043
8644,far,bottle,frog,0.36713985,-3.6465266,-4.1040324,3305.3498
8812,far,bottle,truck,0.083207314,-5.9519372,-6.0388111,2878.8363
9044,far,bottle,bird,0.49395753,-5.0131969,-5.6943316,3417.3808
9052,far,bottle,truck,0.11434187,-5.4404187,-5.561843,3375.6225
9107,far,bottle,dog,0.51306112,-4.0580959,-4.7777126,4931.6054
9126,far,bottle,truck,0.040860506,-5.601439,-5.6431578,2133.427
9347,far,bottle,dog,0.40900542,-3.4690769,-3.9950253,3696.002
9357,far,bottle,ship,0.0043263383,-7.6143265,-7.6186622,1379.3868
9716,far,bottle,cat,0.063038838,-5.6817904,-5.7469038,2617.3709
9755,far,bottle,ship,0.13510195,-6.2299819,-6.3751255,2930.7186
9857,far,bottle,truck,0.098813841,-6.6360602,-6.7401037,3498.8547
9967,far,bottle,dog,0.0096731448,-7.4620638,-7.471784,1680.0689
77,far,bowl,truck,0.0044955045,-8.4474716,-8.4519773,1597.1769
121,far,bowl,bird,0.50743602,-4.2368488,-4.9449797,3258.1976
163,far,bowl,automobile,0.0020687268,-8.045866,-8.0479369,875.73433
318,far,bowl,cat,0.0023753556,-8.3200083,-8.3223865,1230.3593
348,far,bowl,bird,0.36635117,-3.7088931,-4.1651534,4179.4133
349,far,bowl,bird,0.12801405,-4.8376207,-4.9746027,3394.8088
365,far,bowl,frog,0.19694485,-5.3837647,-5.6030966,4494.1066
427,far,bowl,automobile,0.024203546,-7.132256,-7.1567573,2134.4715
439,far,bowl,automobile,0.47898751,-4.4628811,-5.1148623,3587.6246
452,far,bowl,automobile,0.002786137,-8.9698849,-8.9726749,1884.5647
588,far,bowl,ship,0.031650638,-6.910181,-6.9423434,2908.7629
703,far,bowl,airplane,0.31812815,-4.4457712,-4.8286848,4098.081
806,far,bowl,cat,0.12591068,-6.7416091,-6.8761818,4911.6371
865,far,bowl,cat,0.036026359,-6.101995,-6.1386863,3017.4017
874,far,bowl,automobile,0.40226956,-4.1420479,-4.6566633,3729.2484
954,far,bowl,cat,0.17096248,-4.3253393,-4.5128292,3280.8403
1041,far,bowl,frog,0.01338762,-6.6312361,-6.6447141,1208.9828
1410,far,bowl,automobile,0.030907208,-6.0761094,-6.1075043,2570.6171
1448,far,bowl,bird,0.27918878,-4.0444894,-4.3718674,4006.9032
1557,far,bowl,bird,0.44509812,-3.6027641,-4.1917281,4117.503
1680,far,bowl,ship,0.32269657,-4.3868546,-4.7764906,3266.4911
1696,far,bowl,cat,0.38764665,-5.9309421,-6.4213879,3987.1976
1714,far,bowl,ship,0.14520025,-5.1215434,-5.2784314,3232.3025
1809,far,bowl,automobile,0.46243106,-4.4354248,-5.0561231,4127.3092
1865,far,bowl,cat,0.0003537562,-10.570883,-10.571237,1354.7492
2109,far,bowl,ship,0.0081753216,-6.7963281,-6.804537,1181.2437
2176,far,bowl,ship,0.13106439,-4.5470486,-4.6875348,3382.2624
2295,far,bowl,airplane,0.56116683,-4.1428614,-4.9664973,6078.6943
2300,far,bowl,airplane,0.47523069,-4.9440227,-5.5888192,2995.5313
2302,far,bowl,frog,0.00082861916,-8.9442406,-8.9450695,631.1641
2425,far,bowl,cat,0.46297935,-3.7072735,-4.3289922,3982.6837
2656,far,bowl,cat,0.00037953986,-9.5670395,-9.5674191,734.61099
2670,far,bowl,deer,0.40544149,-4.8483801,-5.3683162,3902.3915
2790,far,bowl,airplane,0.2021905,-4.8833737,-5.1092592,3877.5928
2797,far,bowl,cat,0.00085734359,-8.8824615,-8.8833193,817.51718
3078,far,bowl,ship,0.51108553,-3.7533662,-4.4689339,5094.5807
3091,far,bowl,ship,0.036258124,-5.8354325,-5.8723643,2138.1393
3095,far,bowl,ship,0.30365191,-5.1476221,-5.5095277,3821.3941
3209,far,bowl,dog,0.1259126,-5.0065999,-5.1411748,3357.7016
3253,far,bowl,dog,0.51048405,-2.9558055,-3.6701438,3977.0291
3304,far,bowl,bird,0.0073651177,-9.0637426,-9.071135,1832.1555
3348,far,bowl,frog,0.03041673,-6.483789,-6.5146779,1328.6607
3373,far,bowl,deer,0.55292795,-3.5257113,-4.3307468,5511.624
3507,far,bowl,cat,0.30607244,-4.9228425,-5.2882302,3582.4402
3728,far,bowl,cat,0.02212801,-6.7687011,-6.7910776,2860.3152
3730,far,bowl,automobile,0.37363033,-4.2162538,-4.6840683,4410.4681
3765,far,bowl,ship,0.00025236013,-9.6506128,-9.6508652,331.09136
3863,far,bowl,ship,0.53415083,-3.7311699,-4.4950633,4482.0797
3952,far,bowl,dog,0.0080880073,-7.412292,-7.4204129,1298.2983
4151,far,bowl,truck,0.19483072,-4.5338826,-4.7505854,4822.3409
4252,far,bowl,cat,0.00099876937,-9.7282133,-9.7292126,2159.7027
4348,far,bowl,automobile,0.28589933,-4.2360454,-4.5727767,3624.6005
4367,far,bowl,cat,0.02905508,-6.4339476,-6.4634331,3391.0657
4386,far,bowl,frog,0.024545411,-6.8449016,-6.8697532,1794.401
4471,far,bowl,frog,0.009098563,-7.6166863,-7.6258266,1728.833
4520,far,bowl,ship,0.33149502,-4.0911498,-4.4938612,4782.0972
4830,far,bowl,automobile,0.13556926,-4.8270679,-4.9727519,3439.4279
4863,far,bowl,ship,0.28122262,-4.2402377,-4.5704413,2944.5856
5083,far,bowl,frog,0.22957077,-5.5756307,-5.8364381,2826.8398
5127,far,bowl,dog,0.44691782,-3.1580703,-3.750319,4351.4452
5282,far,bowl,automobile,0.098264841,-5.6506453,-5.7540797,2929.5724
5444,far,bowl,cat,0.53632855,-3.2702558,-4.0388349,4095.8329
5508,far,bowl,frog,0.29191137,-4.2193604,-4.5645464,2931.217
5716,far,bowl,cat,0.19997546,-4.8384147,-5.0615275,3553.3797
5882,far,bowl,bird,0.25955292,-3.8003521,-4.1008532,3572.7666
6033,far,bowl,automobile,0.00022239999,-10.708988,-10.709211,1201.7512
6069,far,bowl,cat,0.014259833,-6.9424868,-6.9568492,2101.4599
6079,far,bowl,cat,0.16149331,-5.1325884,-5.3087211,2837.7558
6252,far,bowl,cat,0.2679471,-5.1258397,-5.4377422,5093.6859
6254,far,bowl,cat,0.060993758,-6.7905931,-6.8535263,2587.8466
6327,far,bowl,automobile,0.046655886,-6.320797,-6.3685763,2340.8655
6519,far,bowl,bird,0.10291496,-5.312542,-5.4211466,3442.2849
6559,far,bowl,airplane,0.0052985412,-8.8651552,-8.8704678,2923.8683
6565,far,bowl,frog,0.022803811,-6.1670213,-6.1900891,1394.9053
6772,far,bowl,cat,0.24747744,-5.453825,-5.7381493,3130.5731
6804,far,bowl,cat,0.55072497,-3.5699167,-4.3700368,4289.7962
6859,far,bowl,automobile,0.59855491,-3.2285643,-4.1412488,5071.2515
7161,far,bowl,dog,0.49094456,-4.0043874,-4.6795857,3153.9424
7345,far,bowl,ship,0.14429832,-6.8921304,-7.0479638,3251.6723
7428,far,bowl,dog,0.45132146,-3.6805792,-4.2808217,3938.9955
7515,far,bowl,frog,0.10557691,-5.7377667,-5.8493431,2650.9226
7737,far,bowl,automobile,0.071427308,-6.1888776,-6.2629842,4002.885
7784,far,bowl,cat,0.022974697,-7.6122894,-7.6355322,2257.8895
7795,far,bowl,frog,0.068395194,-4.7751431,-4.8459897,1856.8269
7804,far,bowl,ship,0.031235511,-5.8417363,-5.8734701,1806.2915
8004,far,bowl,cat,0.001105174,-9.2099562,-9.211062,1866.8071
8013,far,bowl,frog,0.40799923,-5.5131931,-6.0374405,4155.4224
8335,far,bowl,automobile,0.066330022,-5.6146197,-5.683252,2229.4284
8568,far,bowl,airplane,0.043695812,-6.0182672,-6.0629464,2367.0314
8590,far,bowl,dog,0.36742647,-4.2850733,-4.7430321,3760.2964
8656,far,bowl,airplane,0.081608095,-6.3212366,-6.4063677,3218.0936
8722,far,bowl,airplane,0.56044355,-3.8621304,-4.6841195,4564.5609
9102,far,bowl,cat,0.25440455,-4.5630765,-4.8566486,3784.4363
9177,far,bowl,bird,0.079622979,-5.856864,-5.9398359,3141.0528
9397,far,bowl,frog,0.053661505,-5.6955934,-5.7507483,1969.724
9492,far,bowl,ship,0.00036470365,-9.3523378,-9.3527026,335.13365
9561,far,bowl,frog,3.1117471e-05,-11.737154,-11.737185,722.48284
9669,far,bowl,dog,0.13871119,-4.5946379,-4.7439633,2670.3099
9731,far,bowl,truck,0.22920154,-4.7029347,-4.9632631,3289.9991
9795,far,bowl,airplane,0.023903602,-6.9602547,-6.9844486,2615.7255
30,far,chair,airplane,0.0035233668,-7.97788,-7.9814096,1475.7765
111,far,chair,deer,0.31165464,-3.6599643,-4.0334289,3525.8366
125,far,chair,cat,0.060301354,-5.1646805,-5.2268765,2527.856
157,far,chair,truck,0.073326561,-5.8583875,-5.9345415,3686.8628
562,far,chair,truck,0.32268276,-3.2584102,-3.6480257,3913.183
613,far,chair,ship,0.2866035,-4.1030354,-4.4407534,3632.8872
840,far,chair,dog,0.0066189919,-6.8349423,-6.8415833,1086.6565
880,far,chair,cat,0.011376297,-6.9919028,-7.0033443,2070.4134
1054,far,chair,ship,0.24360728,-4.0567026,-4.3358972,3527.0717
1076,far,chair,automobile,0.65802936,-2.4388049,-3.5118353,4771.4225
1341,far,chair,airplane,0.16314437,-5.088171,-5.2662747,3641.9441
1434,far,chair,airplane,0.013882047,-6.7431188,-6.7570981,1862.047
1525,far,chair,airplane,0.0085485269,-8.219202,-8.2277873,4035.9824
1610,far,chair,cat,0.28059279,-4.4809065,-4.8102342,4317.0232
1652,far,chair,truck,0.4739591,-5.7601247,-6.402501,4449.0092
1674,far,chair,bird,0.41110925,-4.3148389,-4.8443535,3546.0959
1740,far,chair,bird,0.12459677,-5.4290409,-5.5621116,3295.8555
1789,far,chair,bird,0.13929442,-5.1521659,-5.3021687,3290.988
1792,far,chair,cat,0.23508427,-5.1828933,-5.4508829,3721.34
1947,far,chair,airplane,0.0066279889,-7.0889187,-7.0955687,1455.0303
2086,far,chair,airplane,0.0026731226,-8.3803434,-8.3830201,1683.4709
2108,far,chair,airplane,0.090351434,-6.099741,-6.1944379,3029.6559
2152,far,chair,bird,0.0022334716,-8.1237898,-8.1260258,1330.7347
2161,far,chair,truck,0.027545294,-5.9845538,-6.0124856,2341.4349
2269,far,chair,dog,0.12524292,-5.0782809,-5.21209,2983.0303
2386,far,chair,cat,0.0054134155,-7.0129857,-7.0184138,844.84711
2389,far,chair,bird,0.33423975,-4.9576678,-5.3644935,3401.4873
2470,far,chair,airplane,0.15410261,-4.9031858,-5.0705431,3145.2364
2576,far,chair,airplane,0.013980493,-7.6510735,-7.6651526,1969.5625
2577,far,chair,deer,0.0056888515,-8.8257771,-8.8314821,1735.6828
2661,far,chair,truck,0.71654691,-2.1266499,-3.3873585,5115.7156
2684,far,chair,horse,0.048375898,-5.8320556,-5.8816407,2093.2898
2802,far,chair,airplane,0.10198912,-4.2734256,-4.3809987,2205.4016
2917,far,chair,bird,0.40541599,-4.8924212,-5.4123145,3276.7031
2965,far,chair,airplane,0.0022993209,-7.894516,-7.896818,980.7274
3186,far,chair,airplane,0.0042124364,-7.5485377,-7.5527591,1169.0409
3203,far,chair,airplane,0.025557518,-6.4545231,-6.4804129,1846.5454
3286,far,chair,automobile,0.081418356,-5.496273,-5.5811975,2274.8402
3293,far,chair,airplane,0.0022917584,-8.0742826,-8.076577,796.12283
3299,far,chair,airplane,0.010393802,-6.8710847,-6.8815329,1361.8823
3317,far,chair,airplane,0.032229159,-6.4266729,-6.4594329,2047.1093
3322,far,chair,airplane,0.25399675,-3.8417788,-4.1348041,2943.2285
3349,far,chair,truck,0.12704796,-4.6254396,-4.7613143,2794.9034
3409,far,chair,airplane,0.05362784,-5.4904695,-5.5455888,2248.2996
3568,far,chair,bird,0.0054938258,-7.3260231,-7.3315321,1070.7223
3912,far,chair,bird,0.47958471,-3.6163764,-4.2695045,4338.35
4010,far,chair,airplane,0.050977965,-5.916749,-5.9690723,2325.1214
4061,far,chair,truck,0.18436332,-4.0902386,-4.2940248,3336.8493
4125,far,chair,bird,0.34288147,-4.3336277,-4.7535186,3469.6146
4159,far,chair,bird,0.13161508,-6.564589,-6.7057092,3284.4052
4186,far,chair,airplane,0.013108015,-8.1543589,-8.1675535,1699.4965
4214,far,chair,airplane,0.16696222,-4.4949942,-4.6776704,2729.6854
4259,far,chair,airplane,0.00021640009,-10.644155,-10.644371,1589.822
4444,far,chair,cat,0.064006189,-6.3645434,-6.4306899,2796.833
4668,far,chair,airplane,0.007578571,-6.9977632,-7.0053706,1476.6458
4722,far,chair,airplane,0.43916786,-4.3865032,-4.9648369,4228.4073
4847,far,chair,bird,0.0076537792,-7.5336108,-7.541294,1521.5536
4918,far,chair,truck,0.10979764,-4.6188903,-4.7351968,3209.8991
5096,far,chair,airplane,0.0008999907,-9.2226324,-9.2235328,1180.3425
5473,far,chair,cat,0.63800437,-2.6634619,-3.6795851,4228.5961
5603,far,chair,airplane,0.053504706,-6.203721,-6.2587103,2810.8429
5683,far,chair,airplane,0.0032348505,-8.2472925,-8.2505326,1454.6614
5699,far,chair,ship,0.0080399753,-6.4784727,-6.4865452,957.67452
5799,far,chair,bird,0.44617253,-3.9588654,-4.5497675,3956.6736
5926,far,chair,airplane,0.38204132,-5.047049,-5.5283827,3849.5555
5995,far,chair,horse,0.17039939,-4.2106829,-4.3974938,2883.3374
6098,far,chair,cat,0.56356735,-3.2862053,-4.1153265,4362.6219
6141,far,chair,ship,0.62825558,-2.1961756,-3.1857243,4931.8225
6233,far,chair,cat,0.5147196,-3.9981432,-4.7211716,3650.4242
6245,far,chair,airplane,0.0009089914,-8.541523,-8.5424324,710.18523
6364,far,chair,horse,0.59396348,-2.3254616,-3.2267738,3923.663
6491,far,chair,airplane,0.04553783,-5.5416737,-5.5882809,1953.4335
6594,far,chair,airplane,0.35127767,-5.2776294,-5.7103799,3222.2418
6619,far,chair,airplane,0.17703436,-5.2791433,-5.4739842,3095.8662
6655,far,chair,dog,0.66886414,-2.3975785,-3.502805,4365.674
6943,far,chair,airplane,0.001322185,-8.4661856,-8.4675086,964.34128
7063,far,chair,airplane,0.29766087,-5.1342373,-5.4875762,4040.5574
7192,far,chair,dog,0.030707685,-6.2098579,-6.241047,2154.0115
7291,far,chair,deer,0.67721657,-2.7770607,-3.9078344,4703.085
7319,far,chair,horse,0.36115899,-3.5322707,-3.9803703,3153.5803
7456,far,chair,airplane,0.55960478,-3.3687127,-4.1887954,5259.2789
7499,far,chair,truck,0.028655199,-6.4621291,-6.4912029,2703.8103
7535,far,chair,truck,0.20599928,-5.0707145,-5.3013854,4584.8301
7542,far,chair,airplane,0.11194512,-5.1296978,-5.2484195,3468.4828
7543,far,chair,truck,0.0013438899,-8.544488,-8.5458327,836.66941
7982,far,chair,cat,0.039579997,-6.815012,-6.8553966,2725.6992
8022,far,chair,airplane,0.28797345,-4.2238531,-4.5634932,4282.1657
8209,far,chair,automobile,0.58513969,-3.2685657,-4.1483791,4765.0044
8498,far,chair,bird,0.097350131,-5.8065696,-5.9089901,3608.8344
8666,far,chair,bird,0.04390294,-6.6586986,-6.7035944,1881.5886
8753,far,chair,truck,0.028802089,-6.2448344,-6.2740594,2015.5688
9003,far,chair,airplane,0.012326985,-6.9741702,-6.9865738,1284.902
9056,far,chair,airplane,0.64943827,-3.0677078,-4.1159262,4654.6089
9087,far,chair,cat,0.26213347,-3.5820758,-3.8860682,3102.1422
9089,far,chair,airplane,0.24645678,-4.013237,-4.2962059,2759.7967
9344,far,chair,airplane,0.17960543,-5.3349581,-5.5329279,3970.5938
9409,far,chair,airplane,0.13776267,-5.0316935,-5.1799182,2703.9725
9593,far,chair,airplane,0.24219462,-3.7002294,-3.9775581,3162.5383
9600,far,chair,airplane,0.013967299,-7.2057514,-7.2198172,1684.3774
9873,far,chair,airplane,0.31687451,-4.0788145,-4.4598912,3148.9667
45,far,clock,automobile,0.2947396,-4.9795227,-5.3287109,3808.4933
79,far,clock,ship,0.47013191,-4.4299574,-5.0650846,4855.9169
90,far,clock,cat,0.32637274,-4.8432965,-5.2383749,4089.7906
182,far,clock,ship,0.49891776,-3.3990028,-4.0899878,4588.2088
447,far,clock,dog,0.47103355,-3.5304308,-4.1672611,4184.9592
450,far,clock,automobile,0.41488336,-4.5646324,-5.1005765,4753.9472
451,far,clock,ship,0.075829932,-7.3358712,-7.4147304,3299.6988
583,far,clock,bird,0.10892302,-5.483695,-5.5990195,3694.162
618,far,clock,ship,0.053670324,-6.1924062,-6.2475705,2353.4169
649,far,clock,truck,0.063497023,-5.6098914,-5.675494,2710.2794
786,far,clock,automobile,0.1941308,-4.9085217,-5.1243555,3627.5741
823,far,clock,dog,0.33848392,-4.6845579,-5.0977789,3325.4365
870,far,clock,airplane,0.73342249,-2.2822599,-3.6043502,5543.4756
934,far,clock,dog,0.37772367,-3.8973351,-4.3717061,3854.6606
1163,far,clock,airplane,0.002984523,-7.8232875,-7.8262765,1196.2915
1310,far,clock,automobile,0.45452302,-3.648062,-4.2541567,4197.3313
1428,far,clock,automobile,0.16079158,-6.7001271,-6.8754233,3278.5779
1560,far,clock,cat,0.49077637,-3.4772251,-4.1520931,6400.5349
1586,far,clock,truck,0.00038269944,-9.7074099,-9.7077926,285.61166
1806,far,clock,frog,0.054548824,-7.0357447,-7.0918377,2217.5655
1807,far,clock,cat,0.50764455,-3.530021,-4.2385753,4309.545
1875,far,clock,bird,0.41499688,-4.02776,-4.5638981,4411.9974
1927,far,clock,truck,0.13899627,-7.1918945,-7.341551,3031.1272
1930,far,clock,ship,0.57013081,-3.1226482,-3.9669226,4322.928
1982,far,clock,automobile,0.028855309,-8.0160646,-8.0453445,2324.3097
2125,far,clock,cat,0.16897163,-4.4253955,-4.6104868,3207.2172
2169,far,clock,frog,0.2479441,-4.4574819,-4.7424265,3594.6296
2189,far,clock,frog,0.45419573,-4.4490595,-5.0545543,4148.3022
2207,far,clock,airplane,0.51230272,-2.9427764,-3.6608368,4768.7392
2213,far,clock,cat,0.1993828,-5.1467934,-5.3691657,3968.0687
2223,far,clock,automobile,0.080501351,-7.1683331,-7.2522598,4037.6009
2463,far,clock,ship,0.48132833,-4.3193502,-4.9758345,4660.0322
2475,far,clock,airplane,0.17191846,-5.586442,-5.7750856,4138.0219
2487,far,clock,truck,0.49797316,-4.1425762,-4.8316779,4901.0824
2533,far,clock,ship,0.12708736,-4.9632959,-5.0992157,3137.7572
2586,far,clock,ship,0.11730685,-4.7723165,-4.8970941,2206.5336
2815,far,clock,ship,0.023499756,-6.2451062,-6.2688865,2303.2651
2836,far,clock,ship,0.24415701,-4.7163167,-4.9962383,4975.3025
2936,far,clock,ship,0.34719436,-4.4406304,-4.8671063,4386.5191
2945,far,clock,cat,0.034859295,-6.1930399,-6.2285213,2365.7852
3210,far,clock,automobile,0.0023325588,-9.0922928,-9.0946281,1111.9542
3282,far,clock,automobile,0.43646667,-4.9527822,-5.526311,4030.8775
3659,far,clock,bird,0.51866331,-4.2936335,-5.0248217,4165.8638
3683,far,clock,cat,0.19677524,-5.2721496,-5.4912703,4098.4429
4174,far,clock,cat,0.014667759,-8.3601856,-8.374962,3709.1333
4206,far,clock,cat,0.10117529,-5.1020494,-5.2087166,3372.7307
4321,far,clock,truck,0.0054554157,-7.4344292,-7.4398995,1155.3027
4369,far,clock,automobile,0.11105321,-5.3376579,-5.4553758,2825.8004
4475,far,clock,cat,0.0078487226,-8.4352493,-8.443129,4528.5129
4656,far,clock,airplane,0.17821339,-4.2427487,-4.4390232,3317.5217
4704,far,clock,truck,0.0012471472,-8.9257307,-8.9269786,1586.9773
4769,far,clock,truck,0.084060242,-5.2952185,-5.3830232,2655.3989
4771,far,clock,ship,0.39003299,-3.6943383,-4.1886887,3966.7624
4779,far,clock,dog,0.42437622,-3.7590077,-4.3113087,4650.0658
4859,far,clock,cat,0.010569673,-6.7409325,-6.7515584,1683.0451
4986,far,clock,truck,0.34857413,-6.2566028,-6.6851944,3733.2979
5147,far,clock,cat,0.019612581,-6.4649334,-6.4847409,1668.1903
5236,far,clock,automobile,0.19693606,-3.9214251,-4.140746,2711.906
5319,far,clock,bird,0.63721685,-2.6075788,-3.6215288,4615.9144
5364,far,clock,deer,0.21729944,-4.8727417,-5.1177468,2984.0842
5414,far,clock,cat,0.0046374223,-8.0683594,-8.0730076,1505.927
5690,far,clock,airplane,0.0084529311,-7.2559519,-7.2644407,1387.1475
5768,far,clock,cat,0.41367572,-4.1034093,-4.6372915,3274.3894
5845,far,clock,airplane,0.099344441,-4.5804472,-4.6850796,2530.1726
5978,far,clock,ship,0.18405187,-5.3738303,-5.5772348,3697.8788
6165,far,clock,automobile,0.18919123,-4.2405939,-4.450317,3431.4998
6238,far,clock,ship,0.25461859,-4.8964853,-5.1903446,3581.1499
6267,far,clock,automobile,0.0096403023,-7.0542064,-7.0638934,2531.4917
6269,far,clock,cat,0.0090014616,-7.5430951,-7.5521373,2593.2556
6482,far,clock,ship,0.086796811,-5.7105241,-5.801321,3094.2991
6490,far,clock,automobile,0.005902395,-7.7426257,-7.7485456,1801.0291
6500,far,clock,cat,0.43929482,-3.8368204,-4.4153804,5808.1406
6508,far,clock,bird,0.025938976,-6.9037619,-6.9300432,2322.6686
6657,far,clock,ship,0.20292218,-4.7621541,-4.9889571,3895.3399
6673,far,clock,cat,0.00096800577,-9.3943872,-9.3953557,2426.9048
6774,far,clock,bird,0.34477308,-5.1586757,-5.5814493,3525.0616
6795,far,clock,automobile,0.6335341,-3.3482862,-4.352136,5387.5745
6841,far,clock,ship,0.20091199,-4.4780369,-4.7023211,2849.9303
6890,far,clock,cat,0.44648391,-4.4352207,-5.0266852,5019.1814
6981,far,clock,ship,0.00043442441,-9.5821533,-9.5825878,552.43628
7224,far,clock,truck,0.0026029713,-9.0237646,-9.026371,1453.2041
7275,far,clock,automobile,0.12472925,-4.6219335,-4.7551555,2930.014
7362,far,clock,automobile,0.06456038,-5.6605067,-5.7272454,2843.0061
7626,far,clock,automobile,0.15420574,-6.25244,-6.4199191,3887.2566
7917,far,clock,dog,0.047976978,-5.3927145,-5.4418806,2404.5961
7923,far,clock,cat,0.13433203,-4.5243602,-4.668614,2728.4671
7933,far,clock,truck,0.014158073,-7.5421128,-7.5563721,1820.057
7959,far,clock,bird,0.1737817,-4.5194001,-4.7102964,3557.8277
8036,far,clock,truck,0.21287364,-4.9957747,-5.2351412,4211.9892
8074,far,clock,ship,0.093126315,-4.8649421,-4.9626942,3181.8478
8122,far,clock,cat,0.076479181,-5.6330881,-5.71265,4380.4091
8572,far,clock,automobile,0.019436075,-7.7224922,-7.7421197,2020.6579
8949,far,clock,cat,0.61803557,-2.9660814,-3.9285092,4796.1436
9172,far,clock,bird,0.49052188,-3.9529872,-4.6273556,4769.9217
9303,far,clock,automobile,0.002146371,-8.3564386,-8.3585873,1086.4666
9321,far,clock,cat,0.61220581,-2.6841443,-3.6314248,4265.2947
9471,far,clock,deer,0.12826566,-4.4955077,-4.6327783,2669.9536
9533,far,clock,bird,0.0072933758,-8.3354912,-8.3428113,2457.0492
9558,far,clock,automobile,0.21531572,-4.7990427,-5.0415165,3449.12
9594,far,clock,ship,0.49471695,-3.5451403,-4.2277768,4712.7114
26,far,keyboard,ship,0.1018727,-4.8304963,-4.9379398,3078.4194
147,far,keyboard,frog,0.036355633,-5.8533936,-5.8904265,1761.2404
180,far,keyboard,airplane,0.52080736,-4.0530481,-4.7887007,5098.7915
249,far,keyboard,automobile,0.21935559,-5.0000205,-5.247656,3190.8582
361,far,keyboard,cat,0.16041444,-4.1430635,-4.3179104,2695.138
599,far,keyboard,deer,0.48516517,-2.7583549,-3.4222641,3967.0277
621,far,keyboard,truck,0.47429106,-3.5249014,-4.167909,4728.7636
771,far,keyboard,horse,0.34790171,-5.8101587,-6.2377187,3988.928
839,far,keyboard,ship,0.5311015,-3.4814036,-4.2387725,5524.6118
911,far,keyboard,cat,0.48537699,-4.2946868,-4.9590075,4109.1716
1052,far,keyboard,cat,0.0035752058,-8.3538265,-8.3574081,1859.2911
1264,far,keyboard,bird,0.13338593,-5.0477214,-5.1908829,3156.9755
1495,far,keyboard,cat,0.003469033,-8.5543156,-8.5577906,2080.8569
1546,far,keyboard,cat,0.012451947,-7.1680903,-7.1806205,2527.0183
1599,far,keyboard,frog,0.34036242,-4.4334316,-4.8494963,5861.0798
1642,far,keyboard,airplane,0.0086917064,-7.658246,-7.6669757,2017.525
1963,far,keyboard,airplane,0.26720647,-3.9090273,-4.2199186,4684.3513
2023,far,keyboard,ship,0.55061304,-3.3617182,-4.1615891,4955.0954
2037,far,keyboard,deer,0.061331761,-5.6481743,-5.7114675,3212.3027
2052,far,keyboard,airplane,0.26562298,-4.0254092,-4.334142,3661.448
2055,far,keyboard,airplane,0.064455559,-5.5759087,-5.6425353,2694.3301
2181,far,keyboard,bird,0.13675682,-4.5460129,-4.6930717,2921.882
2562,far,keyboard,truck,0.20355013,-4.1625953,-4.3901864,3268.3412
2627,far,keyboard,frog,0.50560878,-3.5214837,-4.2259118,5345.5605
2650,far,keyboard,cat,0.28244764,-5.1380739,-5.4699833,4210.7254
2729,far,keyboard,truck,0.046638357,-5.6298189,-5.6775799,2442.6668
3139,far,keyboard,ship,0.39678437,-4.7281346,-5.2336152,4258.8805
3247,far,keyboard,truck,0.0020827163,-8.7007265,-8.7028114,1855.1597
3298,far,keyboard,automobile,0.071367568,-5.6323514,-5.7063937,2384.0491
3347,far,keyboard,cat,0.28132076,-4.3568912,-4.6872313,4549.7173
3470,far,keyboard,airplane,0.45771155,-4.2946024,-4.9065596,5852.7887
3579,far,keyboard,airplane,0.0074637207,-6.8450632,-6.8525549,1266.3928
3586,far,keyboard,cat,0.0019670183,-9.1717167,-9.1736856,2904.4426
3693,far,keyboard,automobile,0.30164547,-5.9722586,-6.3312869,3081.1886
3716,far,keyboard,bird,0.46068782,-3.1474633,-3.764924,3918.9285
3855,far,keyboard,bird,0.18393222,-4.6683469,-4.8716047,2947.9996
3872,far,keyboard,airplane,0.079240666,-5.0504212,-5.1329778,2241.1303
4183,far,keyboard,deer,0.60672092,-2.9561794,-3.8894152,3847.8627
4383,far,keyboard,frog,0.75473666,-1.6671038,-3.0725266,5174.3565
4670,far,keyboard,airplane,0.0066829182,-7.1019258,-7.1086312,1395.7887
4800,far,keyboard,ship,0.30534456,-3.7085381,-4.0728774,3993.5432
4804,far,keyboard,horse,0.2322605,-4.3097315,-4.5740363,3961.5393
4809,far,keyboard,airplane,0.2442399,-5.1987462,-5.4787775,3548.6899
4838,far,keyboard,automobile,0.019596302,-6.8938303,-6.9136212,2256.0116
4999,far,keyboard,cat,0.019125976,-7.1672912,-7.1866024,1655.1663
5250,far,keyboard,automobile,0.52943152,-3.0026801,-3.7564938,4727.7262
5378,far,keyboard,cat,0.49239973,-2.6816621,-3.3597231,3989.5414
5505,far,keyboard,airplane,0.014603784,-6.2641354,-6.2788468,1901.8453
5577,far,keyboard,frog,0.024294683,-6.5659585,-6.5905532,2522.711
5633,far,keyboard,airplane,0.55665209,-3.0004182,-3.8138186,3584.102
5659,far,keyboard,truck,0.002958138,-7.6433072,-7.6462697,921.82429
5740,far,keyboard,ship,0.012430604,-6.8653831,-6.8778917,1786.488
5777,far,keyboard,airplane,0.0023236089,-7.6231961,-7.6255224,563.92036
5940,far,keyboard,cat,0.0026155289,-8.2052851,-8.207904,1798.2829
6015,far,keyboard,truck,0.12807375,-5.6184392,-5.7554896,3339.5068
6042,far,keyboard,airplane,0.7574554,-1.8722026,-3.2887723,5266.8395
6112,far,keyboard,cat,0.42520742,-3.524045,-4.077791,4571.4186
6117,far,keyboard,airplane,0.12488959,-5.0567036,-5.1901088,2594.3236
6131,far,keyboard,truck,0.0055451048,-7.8769875,-7.882548,1044.9168
6134,far,keyboard,bird,0.17050572,-4.7295403,-4.9164794,3817.8167
6145,far,keyboard,dog,0.41816117,-3.4102285,-3.9517903,3795.2431
6218,far,keyboard,frog,0.43419833,-4.3146873,-4.8841989,5892.1105
6297,far,keyboard,bird,0.18379252,-4.5192461,-4.7223328,3819.7283
6298,far,keyboard,cat,0.40658349,-3.2627497,-3.7846084,3646.2795
6340,far,keyboard,truck,0.34197628,-5.0526686,-5.4711829,4526.6545
6370,far,keyboard,truck,0.17974416,-4.9500275,-5.1481665,3971.1437
6419,far,keyboard,airplane,0.021765013,-5.8535471,-5.8755525,1488.4077
6510,far,keyboard,truck,0.0080841662,-6.9601445,-6.9682615,1574.505
6543,far,keyboard,truck,0.010458695,-8.0384531,-8.0489669,2229.0686
6695,far,keyboard,bird,0.49501041,-3.3541982,-4.0374157,5190.8218
6733,far,keyboard,horse,0.54172425,-3.2934551,-4.0737393,4773.3841
6734,far,keyboard,truck,0.33503967,-4.6397223,-5.0477502,3886.0313
6760,far,keyboard,automobile,0.31881929,-3.8179193,-4.2018469,3642.2223
6777,far,keyboard,ship,0.029680918,-6.7225184,-6.7526488,3588.5271
6907,far,keyboard,truck,0.0013780042,-8.9280157,-8.9293947,1234.9893
6998,far,keyboard,cat,0.5062374,-2.4547515,-3.1604519,3633.1669
7096,far,keyboard,horse,0.22755692,-4.0008864,-4.2590834,2884.2308
7654,far,keyboard,truck,0.32133502,-3.6512063,-4.0388339,4044.1048
7698,far,keyboard,truck,0.18135679,-5.2169056,-5.4170125,3421.2518
7739,far,keyboard,cat,0.39066636,-3.105824,-3.6012133,3363.134
7781,far,keyboard,ship,0.59866404,-3.1369376,-4.049894,4873.2463
7868,far,keyboard,airplane,0.0017089585,-8.7814922,-8.7832027,1527.0791
7957,far,keyboard,truck,0.011349313,-6.9419017,-6.9533159,1946.4056
8058,far,keyboard,cat,0.35840023,-3.5870366,-4.0308272,4031.0198
8233,far,keyboard,dog,0.0044395122,-7.2670746,-7.271524,1147.9581
8312,far,keyboard,airplane,0.015997983,-6.6353121,-6.6514394,2343.032
8369,far,keyboard,truck,0.00031847562,-9.8045025,-9.804821,843.2226
8406,far,keyboard,airplane,0.0061480462,-8.15131,-8.157477,1860.5236
8453,far,keyboard,cat,0.09592083,-5.3097377,-5.410576,2710.3218
8472,far,keyboard,airplane,0.042516841,-6.0016379,-6.0450851,2497.2263
8521,far,keyboard,airplane,0.54827456,-2.9744058,-3.7690865,4362.5108
8579,far,keyboard,ship,0.35536592,-3.6683662,-4.1074386,3607.4063
8994,far,keyboard,airplane,0.021481988,-6.0292296,-6.0509457,1559.4332
9012,far,keyboard,cat,0.38515459,-3.6451375,-4.131522,3686.0155
9122,far,keyboard,truck,0.37424573,-4.7936511,-5.2624486,5745.4298
9262,far,keyboard,automobile,0.018713341,-7.1569247,-7.1758154,1761.6807
9421,far,keyboard,truck,0.47460421,-2.7536623,-3.3972658,4530.7134
9736,far,keyboard,cat,0.42962772,-4.0463161,-4.6077822,4585.5626
9742,far,keyboard,bird,0.44112627,-4.127737,-4.7095688,5147.3471
9766,far,keyboard,cat,0.0066068716,-7.9046178,-7.9112466,2740.3984
3,far,mushroom,frog,0.31676592,-3.9830012,-4.363919,3334.7911
148,far,mushroom,cat,0.4142793,-4.3103242,-4.8452364,4053.0124
168,far,mushroom,bird,0.0064655021,-7.5569959,-7.5634824,1093.3803
271,far,mushroom,bird,0.48726367,-4.6394925,-5.3074861,3649.3215
433,far,mushroom,deer,0.0051729791,-7.6207118,-7.6258982,1093.4097
909,far,mushroom,cat,0.41751371,-5.031877,-5.5723267,3801.3237
953,far,mushroom,bird,0.06908531,-5.5468569,-5.6184445,2803.8295
963,far,mushroom,deer,0.029661168,-7.5232034,-7.5533133,1893.666
1032,far,mushroom,bird,0.027032038,-7.1956167,-7.2230208,1939.5216
1138,far,mushroom,frog,0.47721995,-6.4585223,-7.1071168,4139.6953
1175,far,mushroom,frog,0.12784626,-4.8032546,-4.9400442,2298.5908
1196,far,mushroom,frog,0.0034560711,-8.8282986,-8.8317606,1116.1327
1273,far,mushroom,horse,0.023007215,-6.756557,-6.779833,1986.7985
1454,far,mushroom,bird,0.10925312,-5.7724404,-5.8881354,2654.0126
1484,far,mushroom,deer,0.47601561,-4.5163374,-5.1626308,3561.5262
1760,far,mushroom,bird,0.00098399902,-9.2398262,-9.2408107,828.26361
1782,far,mushroom,bird,0.015986535,-6.442524,-6.4586397,1251.0878
1820,far,mushroom,frog,0.0026224823,-8.4473429,-8.4499688,680.59328
1987,far,mushroom,dog,0.11813943,-5.9317122,-6.0574335,2288.1895
2005,far,mushroom,bird,0.1413412,-6.2761087,-6.4284924,2736.75
2200,far,mushroom,bird,0.1490509,-5.3388653,-5.5002682,4062.1316
2232,far,mushroom,bird,0.098643202,-5.1145992,-5.2184533,2295.3251
2332,far,mushroom,bird,0.10975515,-6.0157671,-6.1320258,2516.2484
2384,far,mushroom,cat,0.36098239,-4.2119937,-4.659817,3730.1789
2579,far,mushroom,bird,0.14937394,-5.6368537,-5.7986364,3471.2404
2620,far,mushroom,bird,0.000674984,-10.220664,-10.221339,1027.3156
2937,far,mushroom,frog,0.30166293,-6.1553149,-6.5143683,3119.1002
2980,far,mushroom,bird,0.09467571,-5.6625948,-5.7620569,2683.2523
3039,far,mushroom,cat,0.030736932,-7.1828518,-7.214071,2957.6484
3305,far,mushroom,frog,0.0041201748,-7.7096887,-7.7138173,1305.5651
3337,far,mushroom,bird,0.0024877479,-8.4748297,-8.4773205,1259.3845
3352,far,mushroom,bird,0.0064950564,-7.5166078,-7.523124,1283.0278
3493,far,mushroom,bird,0.082385409,-5.8953362,-5.981314,2879.7368
3502,far,mushroom,frog,0.00010828865,-10.796638,-10.796747,584.29027
3636,far,mushroom,cat,0.0093416222,-8.6608858,-8.6702713,1908.8768
3684,far,mushroom,frog,0.069501388,-5.5655322,-5.6375669,2266.4369
3734,far,mushroom,cat,0.040427277,-6.3122215,-6.3534887,2041.5791
3742,far,mushroom,cat,0.38030119,-4.3994679,-4.8779897,3996.8043
3759,far,mushroom,deer,0.29754952,-4.6312933,-4.9844737,3015.0513
3962,far,mushroom,cat,0.39525891,-5.9496379,-6.4525928,3604.6337
3968,far,mushroom,frog,0.00057711961,-9.1418104,-9.1423877,400.74622
4022,far,mushroom,dog,0.19870028,-4.7398458,-4.961366,2461.1028
4269,far,mushroom,deer,0.20100929,-4.3306546,-4.5550606,3192.77
4373,far,mushroom,deer,0.60824848,-2.6166506,-3.5537781,4330.1133
4394,far,mushroom,cat,0.33712305,-5.008287,-5.4194528,3875.3663
4417,far,mushroom,cat,0.021689912,-6.2270966,-6.2490252,2133.1029
4514,far,mushroom,deer,0.51693614,-3.1557827,-3.8833891,4035.7514
4968,far,mushroom,deer,0.028945797,-6.5938516,-6.6232246,2365.9236
4982,far,mushroom,bird,0.0002003815,-10.168709,-10.168909,451.88116
5219,far,mushroom,cat,0.01125356,-8.8662634,-8.8775807,3179.6102
5354,far,mushroom,bird,0.01372779,-7.6938653,-7.7076882,1636.1074
5375,far,mushroom,deer,0.046156052,-5.6090941,-5.6563493,1966.3419
5386,far,mushroom,bird,0.15203395,-4.8184586,-4.9833732,4041.5755
5484,far,mushroom,airplane,0.13288204,-4.9316664,-5.0742466,2596.2459
5627,far,mushroom,deer,0.032704841,-5.3435445,-5.3767961,1807.4571
5638,far,mushroom,airplane,0.40762093,-3.3899081,-3.9135166,3539.6176
5646,far,mushroom,bird,0.0019445032,-8.467927,-8.4698734,1225.8799
5820,far,mushroom,bird,0.00021016522,-10.161646,-10.161856,460.61628
5838,far,mushroom,frog,0.0018049827,-8.4307985,-8.4326051,741.50574
5944,far,mushroom,cat,0.0052122695,-7.7794604,-7.7846863,1068.4538
6152,far,mushroom,frog,0.18086087,-5.4986277,-5.698129,3556.9732
6194,far,mushroom,cat,0.26339965,-6.6538916,-6.9596014,3299.1671
6215,far,mushroom,frog,0.3151604,-4.584074,-4.9626446,2623.3353
6558,far,mushroom,bird,0.01112859,-8.051343,-8.0625339,1596.6326
6575,far,mushroom,truck,0.031420939,-5.8208256,-5.8527507,1736.9603
6668,far,mushroom,bird,0.04470129,-6.4068151,-6.4525463,2448.986
6679,far,mushroom,dog,0.49596644,-4.7146053,-5.3997178,3880.5206
6681,far,mushroom,cat,0.53540109,-2.7655151,-3.5320959,4617.515
6729,far,mushroom,bird,0.15439273,-6.248383,-6.4160833,2990.7184
6911,far,mushroom,deer,0.042358716,-6.1854057,-6.2286877,2096.3761
6965,far,mushroom,cat,0.417876,-4.1125503,-4.653622,4399.4901
7060,far,mushroom,cat,0.35431931,-4.472086,-4.9095361,3883.8272
7104,far,mushroom,bird,0.25939858,-5.2793112,-5.5796039,4374.872
7181,far,mushroom,bird,0.33783601,-6.7794933,-7.1917354,3837.3989
7229,far,mushroom,bird,0.2828321,-4.5478435,-4.8802887,3783.2424
7284,far,mushroom,bird,0.65919823,-2.4700539,-3.5465082,4417.345
7356,far,mushroom,cat,0.02204704,-6.9815378,-7.0038315,1700.18
7425,far,mushroom,frog,0.32356097,-4.5549197,-4.9458327,3667.1929
7483,far,mushroom,frog,0.21053223,-4.9149623,-5.1513586,3028.2803
7619,far,mushroom,cat,0.0016168583,-8.5141811,-8.5157993,1017.1918
7632,far,mushroom,frog,0.001443501,-8.5907412,-8.5921857,370.65897
7714,far,mushroom,truck,0.39171535,-3.7940166,-4.2911289,3769.1241
7756,far,mushroom,bird,0.42618241,-4.8906417,-5.4460854,3668.9355
7785,far,mushroom,dog,0.39113469,-3.5514038,-4.047562,3577.7957
7787,far,mushroom,bird,0.0038911084,-9.288065,-9.2919637,1421.9407
8505,far,mushroom,bird,0.037524329,-6.600503,-6.6387495,2762.8657
8549,far,mushroom,frog,0.0047828948,-7.4077873,-7.4125817,1192.9942
8701,far,mushroom,dog,0.061719495,-7.2768078,-7.3405141,2113.7192
8707,far,mushroom,bird,0.0058514618,-8.9007778,-8.9066465,1510.6565
8788,far,mushroom,dog,0.33849281,-4.1221552,-4.5353896,3750.232
8829,far,mushroom,bird,0.30707875,-6.6039753,-6.9708142,3110.8256
8962,far,mushroom,bird,0.032517607,-7.0504513,-7.0835093,2192.1448
9095,far,mushroom,ship,0.43389945,-3.5182984,-4.0872819,4477.7469
9103,far,mushroom,bird,0.00060759644,-9.0568171,-9.0574248,400.94755
9125,far,mushroom,bird,0.092090601,-6.1755762,-6.2721869,1911.3742
9193,far,mushroom,cat,0.25454021,-5.5634737,-5.8572278,3568.9771
9778,far,mushroom,deer,0.15825466,-5.2376561,-5.4099339,2920.8859
9826,far,mushroom,bird,0.64262421,-3.7320912,-4.7610586,4484.5093
9847,far,mushroom,bird,0.038202011,-7.8829832,-7.921934,2895.9691
9997,far,mushroom,airplane,0.04012684,-5.9908628,-6.031817,1838.6044
67,far,sunflower,dog,0.027612313,-6.3049374,-6.3329381,2845.1047
76,far,sunflower,automobile,0.44653162,-4.100893,-4.6924437,5710.9028
238,far,sunflower,bird,0.025478913,-6.1577644,-6.1835736,2240.587
582,far,sunflower,deer,0.55884109,-3.6773126,-4.4956628,4169.2866
611,far,sunflower,dog,0.24492214,-6.6460938,-6.9270283,3421.7395
629,far,sunflower,dog,0.24659704,-4.6567354,-4.9398905,5049.2434
645,far,sunflower,airplane,0.37276446,-4.0391154,-4.5055486,3923.7418
665,far,sunflower,airplane,0.54662,-3.6420319,-4.4330566,4359.2767
714,far,sunflower,bird,0.31344266,-5.7781358,-6.1542013,3573.6712
749,far,sunflower,frog,0.61322281,-2.9538209,-3.9037274,5258.9641
788,far,sunflower,bird,0.0029074389,-7.8659296,-7.8688413,1532.284
976,far,sunflower,truck,0.00098720743,-8.6872644,-8.6882521,579.22373
1097,far,sunflower,truck,0.47957432,-3.2404733,-3.8935815,4631.7325
1122,far,sunflower,bird,0.035072917,-6.2346482,-6.270351,2343.9554
1231,far,sunflower,bird,0.038536855,-7.0587125,-7.0980115,2261.9324
1542,far,sunflower,frog,0.18335102,-4.717185,-4.9197309,2617.8035
1713,far,sunflower,bird,0.18676749,-5.254272,-5.4610102,3914.5319
1781,far,sunflower,airplane,0.0017070898,-9.3748398,-9.3765483,1820.3131
1818,far,sunflower,truck,0.46134509,-2.956645,-3.5753252,4546.9829
2038,far,sunflower,truck,0.01644979,-6.5117717,-6.5283583,2113.7972
2243,far,sunflower,bird,0.088724701,-5.8016772,-5.8945875,2434.5834
2446,far,sunflower,bird,0.51279878,-4.6237864,-5.3428645,5227.4281
2545,far,sunflower,dog,0.076740568,-6.9190688,-6.9989138,3332.5889
2740,far,sunflower,frog,0.33443856,-5.59724,-6.0043643,3885.8254
2811,far,sunflower,frog,0.36950982,-3.9651165,-4.4263742,3955.3775
2831,far,sunflower,frog,0.0024294875,-8.1712646,-8.1736971,1404.5252
2856,far,sunflower,bird,0.10812728,-6.1554365,-6.2698684,3702.5974
2972,far,sunflower,cat,0.033617819,-5.6945171,-5.728713,2172.8243
2989,far,sunflower,bird,0.43651496,-4.4740996,-5.0477141,3609.701
3089,far,sunflower,cat,0.036725771,-6.4223695,-6.4597866,1772.8752
3115,far,sunflower,cat,0.47432769,-3.9360762,-4.5791534,5029.3291
3386,far,sunflower,cat,0.0013559703,-8.8010015,-8.8023584,1161.6974
3402,far,sunflower,bird,0.085225478,-5.5103645,-5.5994422,3493.5031
3429,far,sunflower,cat,0.10111926,-5.206388,-5.3129929,2510.1927
3559,far,sunflower,bird,0.067456315,-5.1963577,-5.266197,2844.3772
3770,far,sunflower,bird,0.048817477,-5.6876564,-5.7377057,2776.5284
3942,far,sunflower,bird,0.075014773,-5.601583,-5.6795605,3080.8009
3975,far,sunflower,bird,0.63135051,-2.897289,-3.895198,5275.4749
4103,far,sunflower,dog,0.056314555,-6.26331,-6.3212723,2579.6179
4376,far,sunflower,frog,0.29065138,-6.0099406,-6.3533488,3589.0211
4746,far,sunflower,truck,0.55632318,-3.6860626,-4.4987214,4856.1562
4785,far,sunflower,bird,0.097818631,-5.9205384,-6.0234781,3275.3589
4851,far,sunflower,bird,0.31660095,-4.5529537,-4.9336301,3983.3403
5002,far,sunflower,cat,0.11907641,-4.4358687,-4.5626531,2716.7501
5005,far,sunflower,frog,0.27796943,-3.8350363,-4.1607241,3976.0941
5155,far,sunflower,bird,0.48309246,-3.133415,-3.7933062,4151.2127
5181,far,sunflower,cat,0.011994159,-7.1241426,-7.1362093,1314.1577
5260,far,sunflower,bird,0.00010483927,-10.865175,-10.86528,734.55798
5573,far,sunflower,bird,0.33817669,-4.6198235,-5.0325801,4015.2328
5680,far,sunflower,bird,0.46015728,-3.7595251,-4.3760025,4547.9914
5742,far,sunflower,frog,0.0080810237,-7.7647614,-7.7728753,2148.1851
5861,far,sunflower,frog,0.0097827121,-7.418386,-7.4282169,1089.1882
6030,far,sunflower,bird,0.00059802924,-9.00667,-9.0072682,385.7309
6388,far,sunflower,cat,0.022347754,-8.0769863,-8.0995876,3175.5944
6421,far,sunflower,bird,0.06223397,-5.2323203,-5.2965751,2469.9371
6647,far,sunflower,bird,0.33418909,-3.636785,-4.0435346,4113.0763
6687,far,sunflower,bird,0.29976335,-5.4793339,-5.8356708,3863.4259
6843,far,sunflower,airplane,0.3683351,-4.3325076,-4.7919039,4797.5805
6845,far,sunflower,bird,0.031190542,-6.6154337,-6.647121,1680.3176
6928,far,sunflower,dog,0.14163085,-4.6660309,-4.8187519,3787.9053
7017,far,sunflower,deer,0.22316961,-4.7831922,-5.0357254,2868.635
7258,far,sunflower,dog,0.086462448,-5.4249449,-5.5153757,3650.4122
7328,far,sunflower,bird,0.21978738,-4.671627,-4.9198159,3343.8594
7616,far,sunflower,dog,0.23533615,-4.2967668,-4.5650857,3963.4727
7683,far,sunflower,dog,0.37230005,-4.3754544,-4.8411474,3160.5366
7755,far,sunflower,frog,0.19882816,-4.0347857,-4.2564656,2789.8104
7776,far,sunflower,bird,0.020340105,-6.9921298,-7.0126796,2267.0467
7989,far,sunflower,bird,0.045566013,-6.4209876,-6.4676244,2639.5534
7991,far,sunflower,dog,0.16202454,-5.9120054,-6.0887719,2943.6749
8068,far,sunflower,frog,0.31715113,-5.4790545,-5.8605362,3607.299
8166,far,sunflower,bird,0.58358822,-2.8892686,-3.7653493,4365.188
8378,far,sunflower,bird,0.26153774,-4.4183979,-4.7215832,3320.9218
8470,far,sunflower,bird,0.022253592,-6.0747271,-6.097232,2234.0374
8475,far,sunflower,bird,0.004469006,-8.023222,-8.027701,1182.9068
8581,far,sunflower,frog,0.44551789,-3.4499812,-4.039702,4726.1733
8616,far,sunflower,bird,0.012787468,-7.8880243,-7.9008943,1580.3102
8689,far,sunflower,bird,0.051496264,-6.1125693,-6.1654389,2619.1608
8730,far,sunflower,bird,0.040908325,-6.4834099,-6.5251785,3458.7294
8736,far,sunflower,bird,0.0083522913,-7.5514541,-7.5598414,1283.534
8785,far,sunflower,bird,0.047976353,-5.7771683,-5.8263337,2345.1144
8866,far,sunflower,airplane,0.11306652,-6.7947984,-6.9147837,3042.0158
8867,far,sunflower,airplane,0.00099903379,-8.5823164,-8.5833159,748.21876
8881,far,sunflower,dog,0.22879417,-4.2189298,-4.4787297,3346.37
8985,far,sunflower,truck,0.63720862,-2.4482095,-3.4621368,5893.0346
9053,far,sunflower,bird,0.1800698,-5.5619559,-5.760492,2896.0794
9174,far,sunflower,airplane,0.12001422,-4.9790897,-5.1069393,2367.0286
9209,far,sunflower,bird,0.13412882,-6.3351202,-6.4791393,3104.0004
9256,far,sunflower,bird,0.023274722,-7.1717415,-7.1952913,1925.5034
9315,far,sunflower,cat,0.00099287703,-9.6330624,-9.6340557,1465.6935
9396,far,sunflower,cat,0.076080263,-5.0906782,-5.1698083,2882.3074
9431,far,sunflower,bird,0.028080539,-6.2128687,-6.241351,1714.221
9433,far,sunflower,bird,0.0027530584,-8.7721748,-8.7749317,1743.0287
9532,far,sunflower,frog,0.43387223,-3.7560029,-4.3249384,4337.7606
9681,far,sunflower,deer,0.42200054,-3.6508152,-4.1989976,3712.0954
9711,far,sunflower,bird,0.06778263,-5.6113858,-5.6815751,2973.0322
9775,far,sunflower,bird,0.0014507304,-8.4580793,-8.4595311,1589.6209
9876,far,sunflower,deer,0.22952653,-3.8933308,-4.1540809,3374.6599
9907,far,sunflower,frog,0.015486283,-6.5641098,-6.5797172,1968.4411
9920,far,sunflower,bird,0.44202921,-5.4312887,-6.0147374,4003.3972
9940,far,sunflower,dog,0.36323842,-4.0637813,-4.5151412,3844.8085
194,far,wardrobe,cat,0.0022729392,-8.4907875,-8.493063,2098.9509
220,far,wardrobe,truck,0.02387706,-7.1149611,-7.1391279,2054.7872
328,far,wardrobe,truck,0.0015402349,-8.5190964,-8.5206378,1041.5413
363,far,wardrobe,truck,0.030245209,-6.949461,-6.980173,3023.4687
378,far,wardrobe,truck,0.11544257,-5.4374967,-5.5601645,3512.7137
647,far,wardrobe,cat,0.014477172,-6.4898362,-6.5044192,2366.8131
662,far,wardrobe,bird,0.64147186,-3.5501122,-4.5758604,5882.7055
734,far,wardrobe,cat,0.023213791,-6.6252537,-6.6487412,3145.1985
797,far,wardrobe,truck,0.0023058463,-8.4082336,-8.4105422,1024.5531
1002,far,wardrobe,cat,0.17642532,-6.1867146,-6.3808157,3837.0465
1362,far,wardrobe,cat,0.009417731,-6.6284137,-6.637876,1796.3311
1415,far,wardrobe,truck,0.0070254632,-8.0659609,-8.0730111,2028.2128
1470,far,wardrobe,ship,0.55181427,-3.4591901,-4.2617377,4813.722
1508,far,wardrobe,truck,0.13380321,-5.5429182,-5.6865614,3076.235
1641,far,wardrobe,truck,0.0085444743,-7.9682612,-7.9768424,2048.6759
1837,far,wardrobe,truck,0.071297923,-5.1075616,-5.1815289,2582.8909
1862,far,wardrobe,cat,0.15736673,-4.6025548,-4.7737782,2992.2456
1909,far,wardrobe,cat,0.043221947,-5.9530716,-5.9972554,2858.8744
1944,far,wardrobe,truck,0.0059566752,-8.6112957,-8.6172702,2296.9571
2134,far,wardrobe,truck,0.34527176,-5.7007914,-6.1243264,3558.6246
2432,far,wardrobe,truck,0.0029786928,-9.4519053,-9.4548884,2942.7563
2453,far,wardrobe,ship,0.032868592,-5.7382727,-5.7716936,2326.2417
2557,far,wardrobe,ship,0.5689331,-3.1365821,-3.9780741,3915.3359
2715,far,wardrobe,truck,0.042611233,-7.3707309,-7.4142766,2595.3065
2915,far,wardrobe,truck,0.0057180194,-8.4542685,-8.4600029,1967.3658
3015,far,wardrobe,bird,0.046031105,-6.1546493,-6.2017735,3151.3774
3053,far,wardrobe,truck,0.00045044069,-9.4715376,-9.4719881,871.61234
3149,far,wardrobe,truck,0.017400646,-6.7203393,-6.7378931,2692.1116
3378,far,wardrobe,cat,0.0034058828,-8.8240166,-8.8274283,2148.8179
3609,far,wardrobe,frog,0.33939992,-3.6915414,-4.1061481,4075.092
3702,far,wardrobe,truck,0.017046425,-6.5686021,-6.5857955,2333.2825
3705,far,wardrobe,truck,0.0024782261,-8.2695808,-8.2720621,1543.3136
3787,far,wardrobe,cat,0.33960321,-4.0706487,-4.4855631,4855.7381
3806,far,wardrobe,cat,0.10664614,-4.881846,-4.9946185,2738.5603
3853,far,wardrobe,truck,0.19939113,-7.6416125,-7.8639953,4775.0883
3924,far,wardrobe,truck,0.012386484,-8.3457222,-8.358186,2358.0809
4031,far,wardrobe,ship,0.45802834,-4.1059704,-4.718512,4031.2718
4033,far,wardrobe,cat,0.080591789,-5.8936148,-5.9776398,4152.3183
4034,far,wardrobe,truck,0.074435972,-7.3627095,-7.4400615,4359.107
4087,far,wardrobe,truck,0.0060240218,-8.3436527,-8.349695,1699.8855
4171,far,wardrobe,cat,0.073707987,-5.5644135,-5.6409793,2518.0044
4208,far,wardrobe,truck,0.0028327821,-8.8120804,-8.8149172,1802.5975
4245,far,wardrobe,cat,0.08860038,-6.9461308,-7.0389046,3837.4081
4382,far,wardrobe,cat,0.0016807797,-8.3546801,-8.3563623,947.7585
4466,far,wardrobe,truck,0.13764168,-7.2920685,-7.4401529,3557.4446
4631,far,wardrobe,cat,0.26244429,-5.2019835,-5.5063971,3963.0725
4734,far,wardrobe,cat,0.43152935,-4.5304074,-5.095213,3371.9383
4910,far,wardrobe,truck,0.23341379,-5.8392825,-6.1050906,3785.4378
4933,far,wardrobe,truck,0.0039233184,-9.7561369,-9.7600679,2794.4038
4947,far,wardrobe,cat,0.049675046,-5.9910598,-6.0420111,2945.8568
5082,far,wardrobe,truck,0.23475612,-7.3436394,-7.6112001,3999.8387
5215,far,wardrobe,automobile,0.53777942,-4.0928192,-4.8645323,4766.7643
5333,far,wardrobe,truck,0.046208267,-5.3199687,-5.3672786,2297.2254
5387,far,wardrobe,horse,0.59941758,-3.3466203,-4.2614561,5135.1405
5428,far,wardrobe,truck,0.0026079172,-8.5355368,-8.5381481,1970.7335
5565,far,wardrobe,cat,0.015235798,-7.3155856,-7.3309387,2878.5458
5587,far,wardrobe,truck,0.0034525879,-7.6555381,-7.6589966,1393.9786
5643,far,wardrobe,truck,0.0059189174,-7.9132333,-7.9191698,1743.5038
5666,far,wardrobe,cat,0.0085962876,-9.1077614,-9.1163948,3944.3462
5825,far,wardrobe,truck,0.43991948,-4.4788074,-5.0584822,4423.5693
6046,far,wardrobe,truck,0.48342752,-5.3587785,-6.0193181,3849.7808
6161,far,wardrobe,truck,0.00092055463,-10.132878,-10.133799,1943.117
6204,far,wardrobe,cat,0.33117156,-4.9886169,-5.3908446,4514.9695
6237,far,wardrobe,cat,0.32916696,-4.0725837,-4.4718187,3691.4513
6390,far,wardrobe,truck,0.000556797,-10.431467,-10.432024,1849.8239
6413,far,wardrobe,truck,0.010379649,-8.6057014,-8.6161353,2743.6178
6423,far,wardrobe,truck,0.00032148093,-9.7215357,-9.7218572,852.80747
6512,far,wardrobe,truck,0.17054248,-5.7219577,-5.9089411,3719.6867
6783,far,wardrobe,truck,0.056689572,-6.0564418,-6.1148016,2750.6041
6809,far,wardrobe,truck,0.011073931,-8.4561167,-8.4672524,3524.3662
6823,far,wardrobe,cat,0.35845064,-4.3290796,-4.7729488,4074.331
6863,far,wardrobe,cat,0.26083212,-5.6329303,-5.9351605,4719.7236
7123,far,wardrobe,truck,0.20471715,-4.3328309,-4.5618884,3240.3569
7171,far,wardrobe,truck,0.0016962963,-9.7777853,-9.779483,1975.7525
7285,far,wardrobe,truck,0.2030559,-3.9999909,-4.2269617,3868.6554
7437,far,wardrobe,truck,0.052748931,-7.2237206,-7.2779117,2990.0658
7469,far,wardrobe,truck,0.0057868726,-8.6815758,-8.6873795,2012.2777
7604,far,wardrobe,truck,0.00047941276,-9.4867926,-9.4872721,1361.4467
7606,far,wardrobe,truck,0.039489917,-6.2865491,-6.3268399,2183.9691
7607,far,wardrobe,truck,0.033337149,-8.0329943,-8.0668998,2624.3611
7694,far,wardrobe,cat,0.0056662058,-7.4592066,-7.4648889,1707.8346
7828,far,wardrobe,truck,0.055289472,-6.6542759,-6.7111526,2653.8531
8236,far,wardrobe,truck,0.00054479931,-9.2946444,-9.2951893,750.7382
8244,far,wardrobe,cat,0.027780409,-6.4022541,-6.4304277,2195.0712
8531,far,wardrobe,truck,0.0033456113,-8.3260183,-8.3293696,1782.5879
8576,far,wardrobe,cat,0.41665439,-4.5138268,-5.0528023,4693.3244
8740,far,wardrobe,cat,0.0031530845,-8.0214071,-8.0245652,857.18001
8757,far,wardrobe,truck,0.036356431,-7.1587639,-7.1957977,3628.8876
8804,far,wardrobe,cat,0.061425736,-6.0687141,-6.1321074,3041.1326
8868,far,wardrobe,truck,0.12822523,-6.0684085,-6.2056327,3946.0439
8889,far,wardrobe,cat,0.11604031,-4.4977217,-4.6210655,3021.6912
8930,far,wardrobe,truck,0.35857577,-4.8754754,-5.3195396,5419.7828
9059,far,wardrobe,ship,0.22159751,-6.6631165,-6.913628,4432.9981
9149,far,wardrobe,truck,0.00035589446,-9.6937637,-9.6941197,603.89038
9186,far,wardrobe,cat,0.13621088,-6.4391665,-6.5855932,3268.2416
9212,far,wardrobe,horse,0.28297016,-4.9066052,-5.2392431,3546.4641
9270,far,wardrobe,dog,0.22870214,-5.0354543,-5.2951349,3766.3506
9307,far,wardrobe,cat,0.0032328057,-7.6677003,-7.6709383,1199.1832
9657,far,wardrobe,ship,0.23647338,-4.6978111,-4.9676184,3058.5431
9734,far,wardrobe,cat,0.18097407,-4.857676,-5.0573156,3055.5567
